The system is: Linux - 6.8.0-137-generic - x86_64
Compiling the C compiler identification source file "CMakeCCompilerId.c" succeeded.
Compiler: /usr/bin/cc 
Build flags: 
Id flags:  

The output was:
0


Compilation of the C compiler identification source "CMakeCCompilerId.c" produced "a.out"

The C compiler identification is GNU, found in "/home/lucas/code/my-projects/ant-colony-sim/build/CMakeFiles/3.22.1/CompilerIdC/a.out"

Compiling the CXX compiler identification source file "CMakeCXXCompilerId.cpp" succeeded.
Compiler: /usr/bin/c++ 
Build flags: 
Id flags:  

The output was:
0


Compilation of the CXX compiler identification source "CMakeCXXCompilerId.cpp" produced "a.out"

The CXX compiler identification is GNU, found in "/home/lucas/code/my-projects/ant-colony-sim/build/CMakeFiles/3.22.1/CompilerIdCXX/a.out"

Detecting C compiler ABI info compiled with the following output:
Change Dir: /home/lucas/code/my-projects/ant-colony-sim/build/CMakeFiles/CMakeTmp

Run Build Command(s):/usr/bin/gmake -f Makefile cmTC_2e398/fast && /usr/bin/gmake  -f CMakeFiles/cmTC_2e398.dir/build.make CMakeFiles/cmTC_2e398.dir/build
gmake[1]: Entering directory '/home/lucas/code/my-projects/ant-colony-sim/build/CMakeFiles/CMakeTmp'
Building C object CMakeFiles/cmTC_2e398.dir/CMakeCCompilerABI.c.o
/usr/bin/cc   -v -o CMakeFiles/cmTC_2e398.dir/CMakeCCompilerABI.c.o -c /usr/local/share/cmake-3.22/Modules/CMakeCCompilerABI.c
Using built-in specs.
COLLECT_GCC=/usr/bin/cc
OFFLOAD_TARGET_NAMES=nvptx-none:amdgcn-amdhsa
OFFLOAD_TARGET_DEFAULT=1
Target: x86_64-linux-gnu
Configured with: ../src/configure -v --with-pkgversion='Ubuntu 13.3.0-6ubuntu2~24.04.1' --with-bugurl=file:///usr/share/doc/gcc-13/README.Bugs --enable-languages=c,ada,c++,go,d,fortran,objc,obj-c++,m2 --prefix=/usr --with-gcc-major-version-only --program-suffix=-13 --program-prefix=x86_64-linux-gnu- --enable-shared --enable-linker-build-id --libexecdir=/usr/libexec --without-included-gettext --enable-threads=posix --libdir=/usr/lib --enable-nls --enable-bootstrap --enable-clocale=gnu --enable-libstdcxx-debug --enable-libstdcxx-time=yes --with-default-libstdcxx-abi=new --enable-libstdcxx-backtrace --enable-gnu-unique-object --disable-vtable-verify --enable-plugin --enable-default-pie --with-system-zlib --enable-libphobos-checking=release --with-target-system-zlib=auto --enable-objc-gc=auto --enable-multiarch --disable-werror --enable-cet --with-arch-32=i686 --with-abi=m64 --with-multilib-list=m32,m64,mx32 --enable-multilib --with-tune=generic --enable-offload-targets=nvptx-none=/build/gcc-13-EldibY/gcc-13-13.3.0/debian/tmp-nvptx/usr,amdgcn-amdhsa=/build/gcc-13-EldibY/gcc-13-13.3.0/debian/tmp-gcn/usr --enable-offload-defaulted --without-cuda-driver --enable-checking=release --build=x86_64-linux-gnu --host=x86_64-linux-gnu --target=x86_64-linux-gnu --with-build-config=bootstrap-lto-lean --enable-link-serialization=2
Thread model: posix
Supported LTO compression algorithms: zlib zstd
gcc version 13.3.0 (Ubuntu 13.3.0-6ubuntu2~24.04.1) 
COLLECT_GCC_OPTIONS='-v' '-o' 'CMakeFiles/cmTC_2e398.dir/CMakeCCompilerABI.c.o' '-c' '-mtune=generic' '-march=x86-64' '-dumpdir' 'CMakeFiles/cmTC_2e398.dir/'
 /usr/libexec/gcc/x86_64-linux-gnu/13/cc1 -quiet -v -imultiarch x86_64-linux-gnu /usr/local/share/cmake-3.22/Modules/CMakeCCompilerABI.c -quiet -dumpdir CMakeFiles/cmTC_2e398.dir/ -dumpbase CMakeCCompilerABI.c.c -dumpbase-ext .c -mtune=generic -march=x86-64 -version -fasynchronous-unwind-tables -fstack-protector-strong -Wformat -Wformat-security -fstack-clash-protection -fcf-protection -o /tmp/ccuGWruY.s
GNU C17 (Ubuntu 13.3.0-6ubuntu2~24.04.1) version 13.3.0 (x86_64-linux-gnu)
	compiled by GNU C version 13.3.0, GMP version 6.3.0, MPFR version 4.2.1, MPC version 1.3.1, isl version isl-0.26-GMP

GGC heuristics: --param ggc-min-expand=100 --param ggc-min-heapsize=131072
ignoring nonexistent directory "/usr/local/include/x86_64-linux-gnu"
ignoring nonexistent directory "/usr/lib/gcc/x86_64-linux-gnu/13/include-fixed/x86_64-linux-gnu"
ignoring nonexistent directory "/usr/lib/gcc/x86_64-linux-gnu/13/include-fixed"
ignoring nonexistent directory "/usr/lib/gcc/x86_64-linux-gnu/13/../../../../x86_64-linux-gnu/include"
#include "..." search starts here:
#include <...> search starts here:
 /usr/lib/gcc/x86_64-linux-gnu/13/include
 /usr/local/include
 /usr/include/x86_64-linux-gnu
 /usr/include
End of search list.
Compiler executable checksum: b220a7f1a1f69970d969d254ad9ec166
COLLECT_GCC_OPTIONS='-v' '-o' 'CMakeFiles/cmTC_2e398.dir/CMakeCCompilerABI.c.o' '-c' '-mtune=generic' '-march=x86-64' '-dumpdir' 'CMakeFiles/cmTC_2e398.dir/'
 as -v --64 -o CMakeFiles/cmTC_2e398.dir/CMakeCCompilerABI.c.o /tmp/ccuGWruY.s
GNU assembler version 2.42 (x86_64-linux-gnu) using BFD version (GNU Binutils for Ubuntu) 2.42
COMPILER_PATH=/usr/libexec/gcc/x86_64-linux-gnu/13/:/usr/libexec/gcc/x86_64-linux-gnu/13/:/usr/libexec/gcc/x86_64-linux-gnu/:/usr/lib/gcc/x86_64-linux-gnu/13/:/usr/lib/gcc/x86_64-linux-gnu/
LIBRARY_PATH=/usr/lib/gcc/x86_64-linux-gnu/13/:/usr/lib/gcc/x86_64-linux-gnu/13/../../../x86_64-linux-gnu/:/usr/lib/gcc/x86_64-linux-gnu/13/../../../../lib/:/lib/x86_64-linux-gnu/:/lib/../lib/:/usr/lib/x86_64-linux-gnu/:/usr/lib/../lib/:/usr/lib/gcc/x86_64-linux-gnu/13/../../../:/lib/:/usr/lib/
COLLECT_GCC_OPTIONS='-v' '-o' 'CMakeFiles/cmTC_2e398.dir/CMakeCCompilerABI.c.o' '-c' '-mtune=generic' '-march=x86-64' '-dumpdir' 'CMakeFiles/cmTC_2e398.dir/CMakeCCompilerABI.c.'
Linking C executable cmTC_2e398
/usr/local/bin/cmake -E cmake_link_script CMakeFiles/cmTC_2e398.dir/link.txt --verbose=1
/usr/bin/cc  -v CMakeFiles/cmTC_2e398.dir/CMakeCCompilerABI.c.o -o cmTC_2e398 
Using built-in specs.
COLLECT_GCC=/usr/bin/cc
COLLECT_LTO_WRAPPER=/usr/libexec/gcc/x86_64-linux-gnu/13/lto-wrapper
OFFLOAD_TARGET_NAMES=nvptx-none:amdgcn-amdhsa
OFFLOAD_TARGET_DEFAULT=1
Target: x86_64-linux-gnu
Configured with: ../src/configure -v --with-pkgversion='Ubuntu 13.3.0-6ubuntu2~24.04.1' --with-bugurl=file:///usr/share/doc/gcc-13/README.Bugs --enable-languages=c,ada,c++,go,d,fortran,objc,obj-c++,m2 --prefix=/usr --with-gcc-major-version-only --program-suffix=-13 --program-prefix=x86_64-linux-gnu- --enable-shared --enable-linker-build-id --libexecdir=/usr/libexec --without-included-gettext --enable-threads=posix --libdir=/usr/lib --enable-nls --enable-bootstrap --enable-clocale=gnu --enable-libstdcxx-debug --enable-libstdcxx-time=yes --with-default-libstdcxx-abi=new --enable-libstdcxx-backtrace --enable-gnu-unique-object --disable-vtable-verify --enable-plugin --enable-default-pie --with-system-zlib --enable-libphobos-checking=release --with-target-system-zlib=auto --enable-objc-gc=auto --enable-multiarch --disable-werror --enable-cet --with-arch-32=i686 --with-abi=m64 --with-multilib-list=m32,m64,mx32 --enable-multilib --with-tune=generic --enable-offload-targets=nvptx-none=/build/gcc-13-EldibY/gcc-13-13.3.0/debian/tmp-nvptx/usr,amdgcn-amdhsa=/build/gcc-13-EldibY/gcc-13-13.3.0/debian/tmp-gcn/usr --enable-offload-defaulted --without-cuda-driver --enable-checking=release --build=x86_64-linux-gnu --host=x86_64-linux-gnu --target=x86_64-linux-gnu --with-build-config=bootstrap-lto-lean --enable-link-serialization=2
Thread model: posix
Supported LTO compression algorithms: zlib zstd
gcc version 13.3.0 (Ubuntu 13.3.0-6ubuntu2~24.04.1) 
COMPILER_PATH=/usr/libexec/gcc/x86_64-linux-gnu/13/:/usr/libexec/gcc/x86_64-linux-gnu/13/:/usr/libexec/gcc/x86_64-linux-gnu/:/usr/lib/gcc/x86_64-linux-gnu/13/:/usr/lib/gcc/x86_64-linux-gnu/
LIBRARY_PATH=/usr/lib/gcc/x86_64-linux-gnu/13/:/usr/lib/gcc/x86_64-linux-gnu/13/../../../x86_64-linux-gnu/:/usr/lib/gcc/x86_64-linux-gnu/13/../../../../lib/:/lib/x86_64-linux-gnu/:/lib/../lib/:/usr/lib/x86_64-linux-gnu/:/usr/lib/../lib/:/usr/lib/gcc/x86_64-linux-gnu/13/../../../:/lib/:/usr/lib/
COLLECT_GCC_OPTIONS='-v' '-o' 'cmTC_2e398' '-mtune=generic' '-march=x86-64' '-dumpdir' 'cmTC_2e398.'
 /usr/libexec/gcc/x86_64-linux-gnu/13/collect2 -plugin /usr/libexec/gcc/x86_64-linux-gnu/13/liblto_plugin.so -plugin-opt=/usr/libexec/gcc/x86_64-linux-gnu/13/lto-wrapper -plugin-opt=-fresolution=/tmp/ccueeret.res -plugin-opt=-pass-through=-lgcc -plugin-opt=-pass-through=-lgcc_s -plugin-opt=-pass-through=-lc -plugin-opt=-pass-through=-lgcc -plugin-opt=-pass-through=-lgcc_s --build-id --eh-frame-hdr -m elf_x86_64 --hash-style=gnu --as-needed -dynamic-linker /lib64/ld-linux-x86-64.so.2 -pie -z now -z relro -o cmTC_2e398 /usr/lib/gcc/x86_64-linux-gnu/13/../../../x86_64-linux-gnu/Scrt1.o /usr/lib/gcc/x86_64-linux-gnu/13/../../../x86_64-linux-gnu/crti.o /usr/lib/gcc/x86_64-linux-gnu/13/crtbeginS.o -L/usr/lib/gcc/x86_64-linux-gnu/13 -L/usr/lib/gcc/x86_64-linux-gnu/13/../../../x86_64-linux-gnu -L/usr/lib/gcc/x86_64-linux-gnu/13/../../../../lib -L/lib/x86_64-linux-gnu -L/lib/../lib -L/usr/lib/x86_64-linux-gnu -L/usr/lib/../lib -L/usr/lib/gcc/x86_64-linux-gnu/13/../../.. CMakeFiles/cmTC_2e398.dir/CMakeCCompilerABI.c.o -lgcc --push-state --as-needed -lgcc_s --pop-state -lc -lgcc --push-state --as-needed -lgcc_s --pop-state /usr/lib/gcc/x86_64-linux-gnu/13/crtendS.o /usr/lib/gcc/x86_64-linux-gnu/13/../../../x86_64-linux-gnu/crtn.o
COLLECT_GCC_OPTIONS='-v' '-o' 'cmTC_2e398' '-mtune=generic' '-march=x86-64' '-dumpdir' 'cmTC_2e398.'
gmake[1]: Leaving directory '/home/lucas/code/my-projects/ant-colony-sim/build/CMakeFiles/CMakeTmp'



Parsed C implicit include dir info from above output: rv=done
  found start of include info
  found start of implicit include info
    add: [/usr/lib/gcc/x86_64-linux-gnu/13/include]
    add: [/usr/local/include]
    add: [/usr/include/x86_64-linux-gnu]
    add: [/usr/include]
  end of search list found
  collapse include dir [/usr/lib/gcc/x86_64-linux-gnu/13/include] ==> [/usr/lib/gcc/x86_64-linux-gnu/13/include]
  collapse include dir [/usr/local/include] ==> [/usr/local/include]
  collapse include dir [/usr/include/x86_64-linux-gnu] ==> [/usr/include/x86_64-linux-gnu]
  collapse include dir [/usr/include] ==> [/usr/include]
  implicit include dirs: [/usr/lib/gcc/x86_64-linux-gnu/13/include;/usr/local/include;/usr/include/x86_64-linux-gnu;/usr/include]


Parsed C implicit link information from above output:
  link line regex: [^( *|.*[/\])(ld|CMAKE_LINK_STARTFILE-NOTFOUND|([^/\]+-)?ld|collect2)[^/\]*( |$)]
  ignore line: [Change Dir: /home/lucas/code/my-projects/ant-colony-sim/build/CMakeFiles/CMakeTmp]
  ignore line: []
  ignore line: [Run Build Command(s):/usr/bin/gmake -f Makefile cmTC_2e398/fast && /usr/bin/gmake  -f CMakeFiles/cmTC_2e398.dir/build.make CMakeFiles/cmTC_2e398.dir/build]
  ignore line: [gmake[1]: Entering directory '/home/lucas/code/my-projects/ant-colony-sim/build/CMakeFiles/CMakeTmp']
  ignore line: [Building C object CMakeFiles/cmTC_2e398.dir/CMakeCCompilerABI.c.o]
  ignore line: [/usr/bin/cc   -v -o CMakeFiles/cmTC_2e398.dir/CMakeCCompilerABI.c.o -c /usr/local/share/cmake-3.22/Modules/CMakeCCompilerABI.c]
  ignore line: [Using built-in specs.]
  ignore line: [COLLECT_GCC=/usr/bin/cc]
  ignore line: [OFFLOAD_TARGET_NAMES=nvptx-none:amdgcn-amdhsa]
  ignore line: [OFFLOAD_TARGET_DEFAULT=1]
  ignore line: [Target: x86_64-linux-gnu]
  ignore line: [Configured with: ../src/configure -v --with-pkgversion='Ubuntu 13.3.0-6ubuntu2~24.04.1' --with-bugurl=file:///usr/share/doc/gcc-13/README.Bugs --enable-languages=c ada c++ go d fortran objc obj-c++ m2 --prefix=/usr --with-gcc-major-version-only --program-suffix=-13 --program-prefix=x86_64-linux-gnu- --enable-shared --enable-linker-build-id --libexecdir=/usr/libexec --without-included-gettext --enable-threads=posix --libdir=/usr/lib --enable-nls --enable-bootstrap --enable-clocale=gnu --enable-libstdcxx-debug --enable-libstdcxx-time=yes --with-default-libstdcxx-abi=new --enable-libstdcxx-backtrace --enable-gnu-unique-object --disable-vtable-verify --enable-plugin --enable-default-pie --with-system-zlib --enable-libphobos-checking=release --with-target-system-zlib=auto --enable-objc-gc=auto --enable-multiarch --disable-werror --enable-cet --with-arch-32=i686 --with-abi=m64 --with-multilib-list=m32 m64 mx32 --enable-multilib --with-tune=generic --enable-offload-targets=nvptx-none=/build/gcc-13-EldibY/gcc-13-13.3.0/debian/tmp-nvptx/usr amdgcn-amdhsa=/build/gcc-13-EldibY/gcc-13-13.3.0/debian/tmp-gcn/usr --enable-offload-defaulted --without-cuda-driver --enable-checking=release --build=x86_64-linux-gnu --host=x86_64-linux-gnu --target=x86_64-linux-gnu --with-build-config=bootstrap-lto-lean --enable-link-serialization=2]
  ignore line: [Thread model: posix]
  ignore line: [Supported LTO compression algorithms: zlib zstd]
  ignore line: [gcc version 13.3.0 (Ubuntu 13.3.0-6ubuntu2~24.04.1) ]
  ignore line: [COLLECT_GCC_OPTIONS='-v' '-o' 'CMakeFiles/cmTC_2e398.dir/CMakeCCompilerABI.c.o' '-c' '-mtune=generic' '-march=x86-64' '-dumpdir' 'CMakeFiles/cmTC_2e398.dir/']
  ignore line: [ /usr/libexec/gcc/x86_64-linux-gnu/13/cc1 -quiet -v -imultiarch x86_64-linux-gnu /usr/local/share/cmake-3.22/Modules/CMakeCCompilerABI.c -quiet -dumpdir CMakeFiles/cmTC_2e398.dir/ -dumpbase CMakeCCompilerABI.c.c -dumpbase-ext .c -mtune=generic -march=x86-64 -version -fasynchronous-unwind-tables -fstack-protector-strong -Wformat -Wformat-security -fstack-clash-protection -fcf-protection -o /tmp/ccuGWruY.s]
  ignore line: [GNU C17 (Ubuntu 13.3.0-6ubuntu2~24.04.1) version 13.3.0 (x86_64-linux-gnu)]
  ignore line: [	compiled by GNU C version 13.3.0  GMP version 6.3.0  MPFR version 4.2.1  MPC version 1.3.1  isl version isl-0.26-GMP]
  ignore line: []
  ignore line: [GGC heuristics: --param ggc-min-expand=100 --param ggc-min-heapsize=131072]
  ignore line: [ignoring nonexistent directory "/usr/local/include/x86_64-linux-gnu"]
  ignore line: [ignoring nonexistent directory "/usr/lib/gcc/x86_64-linux-gnu/13/include-fixed/x86_64-linux-gnu"]
  ignore line: [ignoring nonexistent directory "/usr/lib/gcc/x86_64-linux-gnu/13/include-fixed"]
  ignore line: [ignoring nonexistent directory "/usr/lib/gcc/x86_64-linux-gnu/13/../../../../x86_64-linux-gnu/include"]
  ignore line: [#include "..." search starts here:]
  ignore line: [#include <...> search starts here:]
  ignore line: [ /usr/lib/gcc/x86_64-linux-gnu/13/include]
  ignore line: [ /usr/local/include]
  ignore line: [ /usr/include/x86_64-linux-gnu]
  ignore line: [ /usr/include]
  ignore line: [End of search list.]
  ignore line: [Compiler executable checksum: b220a7f1a1f69970d969d254ad9ec166]
  ignore line: [COLLECT_GCC_OPTIONS='-v' '-o' 'CMakeFiles/cmTC_2e398.dir/CMakeCCompilerABI.c.o' '-c' '-mtune=generic' '-march=x86-64' '-dumpdir' 'CMakeFiles/cmTC_2e398.dir/']
  ignore line: [ as -v --64 -o CMakeFiles/cmTC_2e398.dir/CMakeCCompilerABI.c.o /tmp/ccuGWruY.s]
  ignore line: [GNU assembler version 2.42 (x86_64-linux-gnu) using BFD version (GNU Binutils for Ubuntu) 2.42]
  ignore line: [COMPILER_PATH=/usr/libexec/gcc/x86_64-linux-gnu/13/:/usr/libexec/gcc/x86_64-linux-gnu/13/:/usr/libexec/gcc/x86_64-linux-gnu/:/usr/lib/gcc/x86_64-linux-gnu/13/:/usr/lib/gcc/x86_64-linux-gnu/]
  ignore line: [LIBRARY_PATH=/usr/lib/gcc/x86_64-linux-gnu/13/:/usr/lib/gcc/x86_64-linux-gnu/13/../../../x86_64-linux-gnu/:/usr/lib/gcc/x86_64-linux-gnu/13/../../../../lib/:/lib/x86_64-linux-gnu/:/lib/../lib/:/usr/lib/x86_64-linux-gnu/:/usr/lib/../lib/:/usr/lib/gcc/x86_64-linux-gnu/13/../../../:/lib/:/usr/lib/]
  ignore line: [COLLECT_GCC_OPTIONS='-v' '-o' 'CMakeFiles/cmTC_2e398.dir/CMakeCCompilerABI.c.o' '-c' '-mtune=generic' '-march=x86-64' '-dumpdir' 'CMakeFiles/cmTC_2e398.dir/CMakeCCompilerABI.c.']
  ignore line: [Linking C executable cmTC_2e398]
  ignore line: [/usr/local/bin/cmake -E cmake_link_script CMakeFiles/cmTC_2e398.dir/link.txt --verbose=1]
  ignore line: [/usr/bin/cc  -v CMakeFiles/cmTC_2e398.dir/CMakeCCompilerABI.c.o -o cmTC_2e398 ]
  ignore line: [Using built-in specs.]
  ignore line: [COLLECT_GCC=/usr/bin/cc]
  ignore line: [COLLECT_LTO_WRAPPER=/usr/libexec/gcc/x86_64-linux-gnu/13/lto-wrapper]
  ignore line: [OFFLOAD_TARGET_NAMES=nvptx-none:amdgcn-amdhsa]
  ignore line: [OFFLOAD_TARGET_DEFAULT=1]
  ignore line: [Target: x86_64-linux-gnu]
  ignore line: [Configured with: ../src/configure -v --with-pkgversion='Ubuntu 13.3.0-6ubuntu2~24.04.1' --with-bugurl=file:///usr/share/doc/gcc-13/README.Bugs --enable-languages=c ada c++ go d fortran objc obj-c++ m2 --prefix=/usr --with-gcc-major-version-only --program-suffix=-13 --program-prefix=x86_64-linux-gnu- --enable-shared --enable-linker-build-id --libexecdir=/usr/libexec --without-included-gettext --enable-threads=posix --libdir=/usr/lib --enable-nls --enable-bootstrap --enable-clocale=gnu --enable-libstdcxx-debug --enable-libstdcxx-time=yes --with-default-libstdcxx-abi=new --enable-libstdcxx-backtrace --enable-gnu-unique-object --disable-vtable-verify --enable-plugin --enable-default-pie --with-system-zlib --enable-libphobos-checking=release --with-target-system-zlib=auto --enable-objc-gc=auto --enable-multiarch --disable-werror --enable-cet --with-arch-32=i686 --with-abi=m64 --with-multilib-list=m32 m64 mx32 --enable-multilib --with-tune=generic --enable-offload-targets=nvptx-none=/build/gcc-13-EldibY/gcc-13-13.3.0/debian/tmp-nvptx/usr amdgcn-amdhsa=/build/gcc-13-EldibY/gcc-13-13.3.0/debian/tmp-gcn/usr --enable-offload-defaulted --without-cuda-driver --enable-checking=release --build=x86_64-linux-gnu --host=x86_64-linux-gnu --target=x86_64-linux-gnu --with-build-config=bootstrap-lto-lean --enable-link-serialization=2]
  ignore line: [Thread model: posix]
  ignore line: [Supported LTO compression algorithms: zlib zstd]
  ignore line: [gcc version 13.3.0 (Ubuntu 13.3.0-6ubuntu2~24.04.1) ]
  ignore line: [COMPILER_PATH=/usr/libexec/gcc/x86_64-linux-gnu/13/:/usr/libexec/gcc/x86_64-linux-gnu/13/:/usr/libexec/gcc/x86_64-linux-gnu/:/usr/lib/gcc/x86_64-linux-gnu/13/:/usr/lib/gcc/x86_64-linux-gnu/]
  ignore line: [LIBRARY_PATH=/usr/lib/gcc/x86_64-linux-gnu/13/:/usr/lib/gcc/x86_64-linux-gnu/13/../../../x86_64-linux-gnu/:/usr/lib/gcc/x86_64-linux-gnu/13/../../../../lib/:/lib/x86_64-linux-gnu/:/lib/../lib/:/usr/lib/x86_64-linux-gnu/:/usr/lib/../lib/:/usr/lib/gcc/x86_64-linux-gnu/13/../../../:/lib/:/usr/lib/]
  ignore line: [COLLECT_GCC_OPTIONS='-v' '-o' 'cmTC_2e398' '-mtune=generic' '-march=x86-64' '-dumpdir' 'cmTC_2e398.']
  link line: [ /usr/libexec/gcc/x86_64-linux-gnu/13/collect2 -plugin /usr/libexec/gcc/x86_64-linux-gnu/13/liblto_plugin.so -plugin-opt=/usr/libexec/gcc/x86_64-linux-gnu/13/lto-wrapper -plugin-opt=-fresolution=/tmp/ccueeret.res -plugin-opt=-pass-through=-lgcc -plugin-opt=-pass-through=-lgcc_s -plugin-opt=-pass-through=-lc -plugin-opt=-pass-through=-lgcc -plugin-opt=-pass-through=-lgcc_s --build-id --eh-frame-hdr -m elf_x86_64 --hash-style=gnu --as-needed -dynamic-linker /lib64/ld-linux-x86-64.so.2 -pie -z now -z relro -o cmTC_2e398 /usr/lib/gcc/x86_64-linux-gnu/13/../../../x86_64-linux-gnu/Scrt1.o /usr/lib/gcc/x86_64-linux-gnu/13/../../../x86_64-linux-gnu/crti.o /usr/lib/gcc/x86_64-linux-gnu/13/crtbeginS.o -L/usr/lib/gcc/x86_64-linux-gnu/13 -L/usr/lib/gcc/x86_64-linux-gnu/13/../../../x86_64-linux-gnu -L/usr/lib/gcc/x86_64-linux-gnu/13/../../../../lib -L/lib/x86_64-linux-gnu -L/lib/../lib -L/usr/lib/x86_64-linux-gnu -L/usr/lib/../lib -L/usr/lib/gcc/x86_64-linux-gnu/13/../../.. CMakeFiles/cmTC_2e398.dir/CMakeCCompilerABI.c.o -lgcc --push-state --as-needed -lgcc_s --pop-state -lc -lgcc --push-state --as-needed -lgcc_s --pop-state /usr/lib/gcc/x86_64-linux-gnu/13/crtendS.o /usr/lib/gcc/x86_64-linux-gnu/13/../../../x86_64-linux-gnu/crtn.o]
    arg [/usr/libexec/gcc/x86_64-linux-gnu/13/collect2] ==> ignore
    arg [-plugin] ==> ignore
    arg [/usr/libexec/gcc/x86_64-linux-gnu/13/liblto_plugin.so] ==> ignore
    arg [-plugin-opt=/usr/libexec/gcc/x86_64-linux-gnu/13/lto-wrapper] ==> ignore
    arg [-plugin-opt=-fresolution=/tmp/ccueeret.res] ==> ignore
    arg [-plugin-opt=-pass-through=-lgcc] ==> ignore
    arg [-plugin-opt=-pass-through=-lgcc_s] ==> ignore
    arg [-plugin-opt=-pass-through=-lc] ==> ignore
    arg [-plugin-opt=-pass-through=-lgcc] ==> ignore
    arg [-plugin-opt=-pass-through=-lgcc_s] ==> ignore
    arg [--build-id] ==> ignore
    arg [--eh-frame-hdr] ==> ignore
    arg [-m] ==> ignore
    arg [elf_x86_64] ==> ignore
    arg [--hash-style=gnu] ==> ignore
    arg [--as-needed] ==> ignore
    arg [-dynamic-linker] ==> ignore
    arg [/lib64/ld-linux-x86-64.so.2] ==> ignore
    arg [-pie] ==> ignore
    arg [-znow] ==> ignore
    arg [-zrelro] ==> ignore
    arg [-o] ==> ignore
    arg [cmTC_2e398] ==> ignore
    arg [/usr/lib/gcc/x86_64-linux-gnu/13/../../../x86_64-linux-gnu/Scrt1.o] ==> obj [/usr/lib/gcc/x86_64-linux-gnu/13/../../../x86_64-linux-gnu/Scrt1.o]
    arg [/usr/lib/gcc/x86_64-linux-gnu/13/../../../x86_64-linux-gnu/crti.o] ==> obj [/usr/lib/gcc/x86_64-linux-gnu/13/../../../x86_64-linux-gnu/crti.o]
    arg [/usr/lib/gcc/x86_64-linux-gnu/13/crtbeginS.o] ==> obj [/usr/lib/gcc/x86_64-linux-gnu/13/crtbeginS.o]
    arg [-L/usr/lib/gcc/x86_64-linux-gnu/13] ==> dir [/usr/lib/gcc/x86_64-linux-gnu/13]
    arg [-L/usr/lib/gcc/x86_64-linux-gnu/13/../../../x86_64-linux-gnu] ==> dir [/usr/lib/gcc/x86_64-linux-gnu/13/../../../x86_64-linux-gnu]
    arg [-L/usr/lib/gcc/x86_64-linux-gnu/13/../../../../lib] ==> dir [/usr/lib/gcc/x86_64-linux-gnu/13/../../../../lib]
    arg [-L/lib/x86_64-linux-gnu] ==> dir [/lib/x86_64-linux-gnu]
    arg [-L/lib/../lib] ==> dir [/lib/../lib]
    arg [-L/usr/lib/x86_64-linux-gnu] ==> dir [/usr/lib/x86_64-linux-gnu]
    arg [-L/usr/lib/../lib] ==> dir [/usr/lib/../lib]
    arg [-L/usr/lib/gcc/x86_64-linux-gnu/13/../../..] ==> dir [/usr/lib/gcc/x86_64-linux-gnu/13/../../..]
    arg [CMakeFiles/cmTC_2e398.dir/CMakeCCompilerABI.c.o] ==> ignore
    arg [-lgcc] ==> lib [gcc]
    arg [--push-state] ==> ignore
    arg [--as-needed] ==> ignore
    arg [-lgcc_s] ==> lib [gcc_s]
    arg [--pop-state] ==> ignore
    arg [-lc] ==> lib [c]
    arg [-lgcc] ==> lib [gcc]
    arg [--push-state] ==> ignore
    arg [--as-needed] ==> ignore
    arg [-lgcc_s] ==> lib [gcc_s]
    arg [--pop-state] ==> ignore
    arg [/usr/lib/gcc/x86_64-linux-gnu/13/crtendS.o] ==> obj [/usr/lib/gcc/x86_64-linux-gnu/13/crtendS.o]
    arg [/usr/lib/gcc/x86_64-linux-gnu/13/../../../x86_64-linux-gnu/crtn.o] ==> obj [/usr/lib/gcc/x86_64-linux-gnu/13/../../../x86_64-linux-gnu/crtn.o]
  collapse obj [/usr/lib/gcc/x86_64-linux-gnu/13/../../../x86_64-linux-gnu/Scrt1.o] ==> [/usr/lib/x86_64-linux-gnu/Scrt1.o]
  collapse obj [/usr/lib/gcc/x86_64-linux-gnu/13/../../../x86_64-linux-gnu/crti.o] ==> [/usr/lib/x86_64-linux-gnu/crti.o]
  collapse obj [/usr/lib/gcc/x86_64-linux-gnu/13/../../../x86_64-linux-gnu/crtn.o] ==> [/usr/lib/x86_64-linux-gnu/crtn.o]
  collapse library dir [/usr/lib/gcc/x86_64-linux-gnu/13] ==> [/usr/lib/gcc/x86_64-linux-gnu/13]
  collapse library dir [/usr/lib/gcc/x86_64-linux-gnu/13/../../../x86_64-linux-gnu] ==> [/usr/lib/x86_64-linux-gnu]
  collapse library dir [/usr/lib/gcc/x86_64-linux-gnu/13/../../../../lib] ==> [/usr/lib]
  collapse library dir [/lib/x86_64-linux-gnu] ==> [/lib/x86_64-linux-gnu]
  collapse library dir [/lib/../lib] ==> [/lib]
  collapse library dir [/usr/lib/x86_64-linux-gnu] ==> [/usr/lib/x86_64-linux-gnu]
  collapse library dir [/usr/lib/../lib] ==> [/usr/lib]
  collapse library dir [/usr/lib/gcc/x86_64-linux-gnu/13/../../..] ==> [/usr/lib]
  implicit libs: [gcc;gcc_s;c;gcc;gcc_s]
  implicit objs: [/usr/lib/x86_64-linux-gnu/Scrt1.o;/usr/lib/x86_64-linux-gnu/crti.o;/usr/lib/gcc/x86_64-linux-gnu/13/crtbeginS.o;/usr/lib/gcc/x86_64-linux-gnu/13/crtendS.o;/usr/lib/x86_64-linux-gnu/crtn.o]
  implicit dirs: [/usr/lib/gcc/x86_64-linux-gnu/13;/usr/lib/x86_64-linux-gnu;/usr/lib;/lib/x86_64-linux-gnu;/lib]
  implicit fwks: []


Detecting CXX compiler ABI info compiled with the following output:
Change Dir: /home/lucas/code/my-projects/ant-colony-sim/build/CMakeFiles/CMakeTmp

Run Build Command(s):/usr/bin/gmake -f Makefile cmTC_3c61f/fast && /usr/bin/gmake  -f CMakeFiles/cmTC_3c61f.dir/build.make CMakeFiles/cmTC_3c61f.dir/build
gmake[1]: Entering directory '/home/lucas/code/my-projects/ant-colony-sim/build/CMakeFiles/CMakeTmp'
Building CXX object CMakeFiles/cmTC_3c61f.dir/CMakeCXXCompilerABI.cpp.o
/usr/bin/c++   -v -o CMakeFiles/cmTC_3c61f.dir/CMakeCXXCompilerABI.cpp.o -c /usr/local/share/cmake-3.22/Modules/CMakeCXXCompilerABI.cpp
Using built-in specs.
COLLECT_GCC=/usr/bin/c++
OFFLOAD_TARGET_NAMES=nvptx-none:amdgcn-amdhsa
OFFLOAD_TARGET_DEFAULT=1
Target: x86_64-linux-gnu
Configured with: ../src/configure -v --with-pkgversion='Ubuntu 13.3.0-6ubuntu2~24.04.1' --with-bugurl=file:///usr/share/doc/gcc-13/README.Bugs --enable-languages=c,ada,c++,go,d,fortran,objc,obj-c++,m2 --prefix=/usr --with-gcc-major-version-only --program-suffix=-13 --program-prefix=x86_64-linux-gnu- --enable-shared --enable-linker-build-id --libexecdir=/usr/libexec --without-included-gettext --enable-threads=posix --libdir=/usr/lib --enable-nls --enable-bootstrap --enable-clocale=gnu --enable-libstdcxx-debug --enable-libstdcxx-time=yes --with-default-libstdcxx-abi=new --enable-libstdcxx-backtrace --enable-gnu-unique-object --disable-vtable-verify --enable-plugin --enable-default-pie --with-system-zlib --enable-libphobos-checking=release --with-target-system-zlib=auto --enable-objc-gc=auto --enable-multiarch --disable-werror --enable-cet --with-arch-32=i686 --with-abi=m64 --with-multilib-list=m32,m64,mx32 --enable-multilib --with-tune=generic --enable-offload-targets=nvptx-none=/build/gcc-13-EldibY/gcc-13-13.3.0/debian/tmp-nvptx/usr,amdgcn-amdhsa=/build/gcc-13-EldibY/gcc-13-13.3.0/debian/tmp-gcn/usr --enable-offload-defaulted --without-cuda-driver --enable-checking=release --build=x86_64-linux-gnu --host=x86_64-linux-gnu --target=x86_64-linux-gnu --with-build-config=bootstrap-lto-lean --enable-link-serialization=2
Thread model: posix
Supported LTO compression algorithms: zlib zstd
gcc version 13.3.0 (Ubuntu 13.3.0-6ubuntu2~24.04.1) 
COLLECT_GCC_OPTIONS='-v' '-o' 'CMakeFiles/cmTC_3c61f.dir/CMakeCXXCompilerABI.cpp.o' '-c' '-shared-libgcc' '-mtune=generic' '-march=x86-64' '-dumpdir' 'CMakeFiles/cmTC_3c61f.dir/'
 /usr/libexec/gcc/x86_64-linux-gnu/13/cc1plus -quiet -v -imultiarch x86_64-linux-gnu -D_GNU_SOURCE /usr/local/share/cmake-3.22/Modules/CMakeCXXCompilerABI.cpp -quiet -dumpdir CMakeFiles/cmTC_3c61f.dir/ -dumpbase CMakeCXXCompilerABI.cpp.cpp -dumpbase-ext .cpp -mtune=generic -march=x86-64 -version -fasynchronous-unwind-tables -fstack-protector-strong -Wformat -Wformat-security -fstack-clash-protection -fcf-protection -o /tmp/ccDAG5Lz.s
GNU C++17 (Ubuntu 13.3.0-6ubuntu2~24.04.1) version 13.3.0 (x86_64-linux-gnu)
	compiled by GNU C version 13.3.0, GMP version 6.3.0, MPFR version 4.2.1, MPC version 1.3.1, isl version isl-0.26-GMP

GGC heuristics: --param ggc-min-expand=100 --param ggc-min-heapsize=131072
ignoring duplicate directory "/usr/include/x86_64-linux-gnu/c++/13"
ignoring nonexistent directory "/usr/local/include/x86_64-linux-gnu"
ignoring nonexistent directory "/usr/lib/gcc/x86_64-linux-gnu/13/include-fixed/x86_64-linux-gnu"
ignoring nonexistent directory "/usr/lib/gcc/x86_64-linux-gnu/13/include-fixed"
ignoring nonexistent directory "/usr/lib/gcc/x86_64-linux-gnu/13/../../../../x86_64-linux-gnu/include"
#include "..." search starts here:
#include <...> search starts here:
 /usr/include/c++/13
 /usr/include/x86_64-linux-gnu/c++/13
 /usr/include/c++/13/backward
 /usr/lib/gcc/x86_64-linux-gnu/13/include
 /usr/local/include
 /usr/include/x86_64-linux-gnu
 /usr/include
End of search list.
Compiler executable checksum: 7896445e4990772fdae9dc0659a99266
COLLECT_GCC_OPTIONS='-v' '-o' 'CMakeFiles/cmTC_3c61f.dir/CMakeCXXCompilerABI.cpp.o' '-c' '-shared-libgcc' '-mtune=generic' '-march=x86-64' '-dumpdir' 'CMakeFiles/cmTC_3c61f.dir/'
 as -v --64 -o CMakeFiles/cmTC_3c61f.dir/CMakeCXXCompilerABI.cpp.o /tmp/ccDAG5Lz.s
GNU assembler version 2.42 (x86_64-linux-gnu) using BFD version (GNU Binutils for Ubuntu) 2.42
COMPILER_PATH=/usr/libexec/gcc/x86_64-linux-gnu/13/:/usr/libexec/gcc/x86_64-linux-gnu/13/:/usr/libexec/gcc/x86_64-linux-gnu/:/usr/lib/gcc/x86_64-linux-gnu/13/:/usr/lib/gcc/x86_64-linux-gnu/
LIBRARY_PATH=/usr/lib/gcc/x86_64-linux-gnu/13/:/usr/lib/gcc/x86_64-linux-gnu/13/../../../x86_64-linux-gnu/:/usr/lib/gcc/x86_64-linux-gnu/13/../../../../lib/:/lib/x86_64-linux-gnu/:/lib/../lib/:/usr/lib/x86_64-linux-gnu/:/usr/lib/../lib/:/usr/lib/gcc/x86_64-linux-gnu/13/../../../:/lib/:/usr/lib/
COLLECT_GCC_OPTIONS='-v' '-o' 'CMakeFiles/cmTC_3c61f.dir/CMakeCXXCompilerABI.cpp.o' '-c' '-shared-libgcc' '-mtune=generic' '-march=x86-64' '-dumpdir' 'CMakeFiles/cmTC_3c61f.dir/CMakeCXXCompilerABI.cpp.'
Linking CXX executable cmTC_3c61f
/usr/local/bin/cmake -E cmake_link_script CMakeFiles/cmTC_3c61f.dir/link.txt --verbose=1
/usr/bin/c++  -v CMakeFiles/cmTC_3c61f.dir/CMakeCXXCompilerABI.cpp.o -o cmTC_3c61f 
Using built-in specs.
COLLECT_GCC=/usr/bin/c++
COLLECT_LTO_WRAPPER=/usr/libexec/gcc/x86_64-linux-gnu/13/lto-wrapper
OFFLOAD_TARGET_NAMES=nvptx-none:amdgcn-amdhsa
OFFLOAD_TARGET_DEFAULT=1
Target: x86_64-linux-gnu
Configured with: ../src/configure -v --with-pkgversion='Ubuntu 13.3.0-6ubuntu2~24.04.1' --with-bugurl=file:///usr/share/doc/gcc-13/README.Bugs --enable-languages=c,ada,c++,go,d,fortran,objc,obj-c++,m2 --prefix=/usr --with-gcc-major-version-only --program-suffix=-13 --program-prefix=x86_64-linux-gnu- --enable-shared --enable-linker-build-id --libexecdir=/usr/libexec --without-included-gettext --enable-threads=posix --libdir=/usr/lib --enable-nls --enable-bootstrap --enable-clocale=gnu --enable-libstdcxx-debug --enable-libstdcxx-time=yes --with-default-libstdcxx-abi=new --enable-libstdcxx-backtrace --enable-gnu-unique-object --disable-vtable-verify --enable-plugin --enable-default-pie --with-system-zlib --enable-libphobos-checking=release --with-target-system-zlib=auto --enable-objc-gc=auto --enable-multiarch --disable-werror --enable-cet --with-arch-32=i686 --with-abi=m64 --with-multilib-list=m32,m64,mx32 --enable-multilib --with-tune=generic --enable-offload-targets=nvptx-none=/build/gcc-13-EldibY/gcc-13-13.3.0/debian/tmp-nvptx/usr,amdgcn-amdhsa=/build/gcc-13-EldibY/gcc-13-13.3.0/debian/tmp-gcn/usr --enable-offload-defaulted --without-cuda-driver --enable-checking=release --build=x86_64-linux-gnu --host=x86_64-linux-gnu --target=x86_64-linux-gnu --with-build-config=bootstrap-lto-lean --enable-link-serialization=2
Thread model: posix
Supported LTO compression algorithms: zlib zstd
gcc version 13.3.0 (Ubuntu 13.3.0-6ubuntu2~24.04.1) 
COMPILER_PATH=/usr/libexec/gcc/x86_64-linux-gnu/13/:/usr/libexec/gcc/x86_64-linux-gnu/13/:/usr/libexec/gcc/x86_64-linux-gnu/:/usr/lib/gcc/x86_64-linux-gnu/13/:/usr/lib/gcc/x86_64-linux-gnu/
LIBRARY_PATH=/usr/lib/gcc/x86_64-linux-gnu/13/:/usr/lib/gcc/x86_64-linux-gnu/13/../../../x86_64-linux-gnu/:/usr/lib/gcc/x86_64-linux-gnu/13/../../../../lib/:/lib/x86_64-linux-gnu/:/lib/../lib/:/usr/lib/x86_64-linux-gnu/:/usr/lib/../lib/:/usr/lib/gcc/x86_64-linux-gnu/13/../../../:/lib/:/usr/lib/
COLLECT_GCC_OPTIONS='-v' '-o' 'cmTC_3c61f' '-shared-libgcc' '-mtune=generic' '-march=x86-64' '-dumpdir' 'cmTC_3c61f.'
 /usr/libexec/gcc/x86_64-linux-gnu/13/collect2 -plugin /usr/libexec/gcc/x86_64-linux-gnu/13/liblto_plugin.so -plugin-opt=/usr/libexec/gcc/x86_64-linux-gnu/13/lto-wrapper -plugin-opt=-fresolution=/tmp/ccrH3vcV.res -plugin-opt=-pass-through=-lgcc_s -plugin-opt=-pass-through=-lgcc -plugin-opt=-pass-through=-lc -plugin-opt=-pass-through=-lgcc_s -plugin-opt=-pass-through=-lgcc --build-id --eh-frame-hdr -m elf_x86_64 --hash-style=gnu --as-needed -dynamic-linker /lib64/ld-linux-x86-64.so.2 -pie -z now -z relro -o cmTC_3c61f /usr/lib/gcc/x86_64-linux-gnu/13/../../../x86_64-linux-gnu/Scrt1.o /usr/lib/gcc/x86_64-linux-gnu/13/../../../x86_64-linux-gnu/crti.o /usr/lib/gcc/x86_64-linux-gnu/13/crtbeginS.o -L/usr/lib/gcc/x86_64-linux-gnu/13 -L/usr/lib/gcc/x86_64-linux-gnu/13/../../../x86_64-linux-gnu -L/usr/lib/gcc/x86_64-linux-gnu/13/../../../../lib -L/lib/x86_64-linux-gnu -L/lib/../lib -L/usr/lib/x86_64-linux-gnu -L/usr/lib/../lib -L/usr/lib/gcc/x86_64-linux-gnu/13/../../.. CMakeFiles/cmTC_3c61f.dir/CMakeCXXCompilerABI.cpp.o -lstdc++ -lm -lgcc_s -lgcc -lc -lgcc_s -lgcc /usr/lib/gcc/x86_64-linux-gnu/13/crtendS.o /usr/lib/gcc/x86_64-linux-gnu/13/../../../x86_64-linux-gnu/crtn.o
COLLECT_GCC_OPTIONS='-v' '-o' 'cmTC_3c61f' '-shared-libgcc' '-mtune=generic' '-march=x86-64' '-dumpdir' 'cmTC_3c61f.'
gmake[1]: Leaving directory '/home/lucas/code/my-projects/ant-colony-sim/build/CMakeFiles/CMakeTmp'



Parsed CXX implicit include dir info from above output: rv=done
  found start of include info
  found start of implicit include info
    add: [/usr/include/c++/13]
    add: [/usr/include/x86_64-linux-gnu/c++/13]
    add: [/usr/include/c++/13/backward]
    add: [/usr/lib/gcc/x86_64-linux-gnu/13/include]
    add: [/usr/local/include]
    add: [/usr/include/x86_64-linux-gnu]
    add: [/usr/include]
  end of search list found
  collapse include dir [/usr/include/c++/13] ==> [/usr/include/c++/13]
  collapse include dir [/usr/include/x86_64-linux-gnu/c++/13] ==> [/usr/include/x86_64-linux-gnu/c++/13]
  collapse include dir [/usr/include/c++/13/backward] ==> [/usr/include/c++/13/backward]
  collapse include dir [/usr/lib/gcc/x86_64-linux-gnu/13/include] ==> [/usr/lib/gcc/x86_64-linux-gnu/13/include]
  collapse include dir [/usr/local/include] ==> [/usr/local/include]
  collapse include dir [/usr/include/x86_64-linux-gnu] ==> [/usr/include/x86_64-linux-gnu]
  collapse include dir [/usr/include] ==> [/usr/include]
  implicit include dirs: [/usr/include/c++/13;/usr/include/x86_64-linux-gnu/c++/13;/usr/include/c++/13/backward;/usr/lib/gcc/x86_64-linux-gnu/13/include;/usr/local/include;/usr/include/x86_64-linux-gnu;/usr/include]


Parsed CXX implicit link information from above output:
  link line regex: [^( *|.*[/\])(ld|CMAKE_LINK_STARTFILE-NOTFOUND|([^/\]+-)?ld|collect2)[^/\]*( |$)]
  ignore line: [Change Dir: /home/lucas/code/my-projects/ant-colony-sim/build/CMakeFiles/CMakeTmp]
  ignore line: []
  ignore line: [Run Build Command(s):/usr/bin/gmake -f Makefile cmTC_3c61f/fast && /usr/bin/gmake  -f CMakeFiles/cmTC_3c61f.dir/build.make CMakeFiles/cmTC_3c61f.dir/build]
  ignore line: [gmake[1]: Entering directory '/home/lucas/code/my-projects/ant-colony-sim/build/CMakeFiles/CMakeTmp']
  ignore line: [Building CXX object CMakeFiles/cmTC_3c61f.dir/CMakeCXXCompilerABI.cpp.o]
  ignore line: [/usr/bin/c++   -v -o CMakeFiles/cmTC_3c61f.dir/CMakeCXXCompilerABI.cpp.o -c /usr/local/share/cmake-3.22/Modules/CMakeCXXCompilerABI.cpp]
  ignore line: [Using built-in specs.]
  ignore line: [COLLECT_GCC=/usr/bin/c++]
  ignore line: [OFFLOAD_TARGET_NAMES=nvptx-none:amdgcn-amdhsa]
  ignore line: [OFFLOAD_TARGET_DEFAULT=1]
  ignore line: [Target: x86_64-linux-gnu]
  ignore line: [Configured with: ../src/configure -v --with-pkgversion='Ubuntu 13.3.0-6ubuntu2~24.04.1' --with-bugurl=file:///usr/share/doc/gcc-13/README.Bugs --enable-languages=c ada c++ go d fortran objc obj-c++ m2 --prefix=/usr --with-gcc-major-version-only --program-suffix=-13 --program-prefix=x86_64-linux-gnu- --enable-shared --enable-linker-build-id --libexecdir=/usr/libexec --without-included-gettext --enable-threads=posix --libdir=/usr/lib --enable-nls --enable-bootstrap --enable-clocale=gnu --enable-libstdcxx-debug --enable-libstdcxx-time=yes --with-default-libstdcxx-abi=new --enable-libstdcxx-backtrace --enable-gnu-unique-object --disable-vtable-verify --enable-plugin --enable-default-pie --with-system-zlib --enable-libphobos-checking=release --with-target-system-zlib=auto --enable-objc-gc=auto --enable-multiarch --disable-werror --enable-cet --with-arch-32=i686 --with-abi=m64 --with-multilib-list=m32 m64 mx32 --enable-multilib --with-tune=generic --enable-offload-targets=nvptx-none=/build/gcc-13-EldibY/gcc-13-13.3.0/debian/tmp-nvptx/usr amdgcn-amdhsa=/build/gcc-13-EldibY/gcc-13-13.3.0/debian/tmp-gcn/usr --enable-offload-defaulted --without-cuda-driver --enable-checking=release --build=x86_64-linux-gnu --host=x86_64-linux-gnu --target=x86_64-linux-gnu --with-build-config=bootstrap-lto-lean --enable-link-serialization=2]
  ignore line: [Thread model: posix]
  ignore line: [Supported LTO compression algorithms: zlib zstd]
  ignore line: [gcc version 13.3.0 (Ubuntu 13.3.0-6ubuntu2~24.04.1) ]
  ignore line: [COLLECT_GCC_OPTIONS='-v' '-o' 'CMakeFiles/cmTC_3c61f.dir/CMakeCXXCompilerABI.cpp.o' '-c' '-shared-libgcc' '-mtune=generic' '-march=x86-64' '-dumpdir' 'CMakeFiles/cmTC_3c61f.dir/']
  ignore line: [ /usr/libexec/gcc/x86_64-linux-gnu/13/cc1plus -quiet -v -imultiarch x86_64-linux-gnu -D_GNU_SOURCE /usr/local/share/cmake-3.22/Modules/CMakeCXXCompilerABI.cpp -quiet -dumpdir CMakeFiles/cmTC_3c61f.dir/ -dumpbase CMakeCXXCompilerABI.cpp.cpp -dumpbase-ext .cpp -mtune=generic -march=x86-64 -version -fasynchronous-unwind-tables -fstack-protector-strong -Wformat -Wformat-security -fstack-clash-protection -fcf-protection -o /tmp/ccDAG5Lz.s]
  ignore line: [GNU C++17 (Ubuntu 13.3.0-6ubuntu2~24.04.1) version 13.3.0 (x86_64-linux-gnu)]
  ignore line: [	compiled by GNU C version 13.3.0  GMP version 6.3.0  MPFR version 4.2.1  MPC version 1.3.1  isl version isl-0.26-GMP]
  ignore line: []
  ignore line: [GGC heuristics: --param ggc-min-expand=100 --param ggc-min-heapsize=131072]
  ignore line: [ignoring duplicate directory "/usr/include/x86_64-linux-gnu/c++/13"]
  ignore line: [ignoring nonexistent directory "/usr/local/include/x86_64-linux-gnu"]
  ignore line: [ignoring nonexistent directory "/usr/lib/gcc/x86_64-linux-gnu/13/include-fixed/x86_64-linux-gnu"]
  ignore line: [ignoring nonexistent directory "/usr/lib/gcc/x86_64-linux-gnu/13/include-fixed"]
  ignore line: [ignoring nonexistent directory "/usr/lib/gcc/x86_64-linux-gnu/13/../../../../x86_64-linux-gnu/include"]
  ignore line: [#include "..." search starts here:]
  ignore line: [#include <...> search starts here:]
  ignore line: [ /usr/include/c++/13]
  ignore line: [ /usr/include/x86_64-linux-gnu/c++/13]
  ignore line: [ /usr/include/c++/13/backward]
  ignore line: [ /usr/lib/gcc/x86_64-linux-gnu/13/include]
  ignore line: [ /usr/local/include]
  ignore line: [ /usr/include/x86_64-linux-gnu]
  ignore line: [ /usr/include]
  ignore line: [End of search list.]
  ignore line: [Compiler executable checksum: 7896445e4990772fdae9dc0659a99266]
  ignore line: [COLLECT_GCC_OPTIONS='-v' '-o' 'CMakeFiles/cmTC_3c61f.dir/CMakeCXXCompilerABI.cpp.o' '-c' '-shared-libgcc' '-mtune=generic' '-march=x86-64' '-dumpdir' 'CMakeFiles/cmTC_3c61f.dir/']
  ignore line: [ as -v --64 -o CMakeFiles/cmTC_3c61f.dir/CMakeCXXCompilerABI.cpp.o /tmp/ccDAG5Lz.s]
  ignore line: [GNU assembler version 2.42 (x86_64-linux-gnu) using BFD version (GNU Binutils for Ubuntu) 2.42]
  ignore line: [COMPILER_PATH=/usr/libexec/gcc/x86_64-linux-gnu/13/:/usr/libexec/gcc/x86_64-linux-gnu/13/:/usr/libexec/gcc/x86_64-linux-gnu/:/usr/lib/gcc/x86_64-linux-gnu/13/:/usr/lib/gcc/x86_64-linux-gnu/]
  ignore line: [LIBRARY_PATH=/usr/lib/gcc/x86_64-linux-gnu/13/:/usr/lib/gcc/x86_64-linux-gnu/13/../../../x86_64-linux-gnu/:/usr/lib/gcc/x86_64-linux-gnu/13/../../../../lib/:/lib/x86_64-linux-gnu/:/lib/../lib/:/usr/lib/x86_64-linux-gnu/:/usr/lib/../lib/:/usr/lib/gcc/x86_64-linux-gnu/13/../../../:/lib/:/usr/lib/]
  ignore line: [COLLECT_GCC_OPTIONS='-v' '-o' 'CMakeFiles/cmTC_3c61f.dir/CMakeCXXCompilerABI.cpp.o' '-c' '-shared-libgcc' '-mtune=generic' '-march=x86-64' '-dumpdir' 'CMakeFiles/cmTC_3c61f.dir/CMakeCXXCompilerABI.cpp.']
  ignore line: [Linking CXX executable cmTC_3c61f]
  ignore line: [/usr/local/bin/cmake -E cmake_link_script CMakeFiles/cmTC_3c61f.dir/link.txt --verbose=1]
  ignore line: [/usr/bin/c++  -v CMakeFiles/cmTC_3c61f.dir/CMakeCXXCompilerABI.cpp.o -o cmTC_3c61f ]
  ignore line: [Using built-in specs.]
  ignore line: [COLLECT_GCC=/usr/bin/c++]
  ignore line: [COLLECT_LTO_WRAPPER=/usr/libexec/gcc/x86_64-linux-gnu/13/lto-wrapper]
  ignore line: [OFFLOAD_TARGET_NAMES=nvptx-none:amdgcn-amdhsa]
  ignore line: [OFFLOAD_TARGET_DEFAULT=1]
  ignore line: [Target: x86_64-linux-gnu]
  ignore line: [Configured with: ../src/configure -v --with-pkgversion='Ubuntu 13.3.0-6ubuntu2~24.04.1' --with-bugurl=file:///usr/share/doc/gcc-13/README.Bugs --enable-languages=c ada c++ go d fortran objc obj-c++ m2 --prefix=/usr --with-gcc-major-version-only --program-suffix=-13 --program-prefix=x86_64-linux-gnu- --enable-shared --enable-linker-build-id --libexecdir=/usr/libexec --without-included-gettext --enable-threads=posix --libdir=/usr/lib --enable-nls --enable-bootstrap --enable-clocale=gnu --enable-libstdcxx-debug --enable-libstdcxx-time=yes --with-default-libstdcxx-abi=new --enable-libstdcxx-backtrace --enable-gnu-unique-object --disable-vtable-verify --enable-plugin --enable-default-pie --with-system-zlib --enable-libphobos-checking=release --with-target-system-zlib=auto --enable-objc-gc=auto --enable-multiarch --disable-werror --enable-cet --with-arch-32=i686 --with-abi=m64 --with-multilib-list=m32 m64 mx32 --enable-multilib --with-tune=generic --enable-offload-targets=nvptx-none=/build/gcc-13-EldibY/gcc-13-13.3.0/debian/tmp-nvptx/usr amdgcn-amdhsa=/build/gcc-13-EldibY/gcc-13-13.3.0/debian/tmp-gcn/usr --enable-offload-defaulted --without-cuda-driver --enable-checking=release --build=x86_64-linux-gnu --host=x86_64-linux-gnu --target=x86_64-linux-gnu --with-build-config=bootstrap-lto-lean --enable-link-serialization=2]
  ignore line: [Thread model: posix]
  ignore line: [Supported LTO compression algorithms: zlib zstd]
  ignore line: [gcc version 13.3.0 (Ubuntu 13.3.0-6ubuntu2~24.04.1) ]
  ignore line: [COMPILER_PATH=/usr/libexec/gcc/x86_64-linux-gnu/13/:/usr/libexec/gcc/x86_64-linux-gnu/13/:/usr/libexec/gcc/x86_64-linux-gnu/:/usr/lib/gcc/x86_64-linux-gnu/13/:/usr/lib/gcc/x86_64-linux-gnu/]
  ignore line: [LIBRARY_PATH=/usr/lib/gcc/x86_64-linux-gnu/13/:/usr/lib/gcc/x86_64-linux-gnu/13/../../../x86_64-linux-gnu/:/usr/lib/gcc/x86_64-linux-gnu/13/../../../../lib/:/lib/x86_64-linux-gnu/:/lib/../lib/:/usr/lib/x86_64-linux-gnu/:/usr/lib/../lib/:/usr/lib/gcc/x86_64-linux-gnu/13/../../../:/lib/:/usr/lib/]
  ignore line: [COLLECT_GCC_OPTIONS='-v' '-o' 'cmTC_3c61f' '-shared-libgcc' '-mtune=generic' '-march=x86-64' '-dumpdir' 'cmTC_3c61f.']
  link line: [ /usr/libexec/gcc/x86_64-linux-gnu/13/collect2 -plugin /usr/libexec/gcc/x86_64-linux-gnu/13/liblto_plugin.so -plugin-opt=/usr/libexec/gcc/x86_64-linux-gnu/13/lto-wrapper -plugin-opt=-fresolution=/tmp/ccrH3vcV.res -plugin-opt=-pass-through=-lgcc_s -plugin-opt=-pass-through=-lgcc -plugin-opt=-pass-through=-lc -plugin-opt=-pass-through=-lgcc_s -plugin-opt=-pass-through=-lgcc --build-id --eh-frame-hdr -m elf_x86_64 --hash-style=gnu --as-needed -dynamic-linker /lib64/ld-linux-x86-64.so.2 -pie -z now -z relro -o cmTC_3c61f /usr/lib/gcc/x86_64-linux-gnu/13/../../../x86_64-linux-gnu/Scrt1.o /usr/lib/gcc/x86_64-linux-gnu/13/../../../x86_64-linux-gnu/crti.o /usr/lib/gcc/x86_64-linux-gnu/13/crtbeginS.o -L/usr/lib/gcc/x86_64-linux-gnu/13 -L/usr/lib/gcc/x86_64-linux-gnu/13/../../../x86_64-linux-gnu -L/usr/lib/gcc/x86_64-linux-gnu/13/../../../../lib -L/lib/x86_64-linux-gnu -L/lib/../lib -L/usr/lib/x86_64-linux-gnu -L/usr/lib/../lib -L/usr/lib/gcc/x86_64-linux-gnu/13/../../.. CMakeFiles/cmTC_3c61f.dir/CMakeCXXCompilerABI.cpp.o -lstdc++ -lm -lgcc_s -lgcc -lc -lgcc_s -lgcc /usr/lib/gcc/x86_64-linux-gnu/13/crtendS.o /usr/lib/gcc/x86_64-linux-gnu/13/../../../x86_64-linux-gnu/crtn.o]
    arg [/usr/libexec/gcc/x86_64-linux-gnu/13/collect2] ==> ignore
    arg [-plugin] ==> ignore
    arg [/usr/libexec/gcc/x86_64-linux-gnu/13/liblto_plugin.so] ==> ignore
    arg [-plugin-opt=/usr/libexec/gcc/x86_64-linux-gnu/13/lto-wrapper] ==> ignore
    arg [-plugin-opt=-fresolution=/tmp/ccrH3vcV.res] ==> ignore
    arg [-plugin-opt=-pass-through=-lgcc_s] ==> ignore
    arg [-plugin-opt=-pass-through=-lgcc] ==> ignore
    arg [-plugin-opt=-pass-through=-lc] ==> ignore
    arg [-plugin-opt=-pass-through=-lgcc_s] ==> ignore
    arg [-plugin-opt=-pass-through=-lgcc] ==> ignore
    arg [--build-id] ==> ignore
    arg [--eh-frame-hdr] ==> ignore
    arg [-m] ==> ignore
    arg [elf_x86_64] ==> ignore
    arg [--hash-style=gnu] ==> ignore
    arg [--as-needed] ==> ignore
    arg [-dynamic-linker] ==> ignore
    arg [/lib64/ld-linux-x86-64.so.2] ==> ignore
    arg [-pie] ==> ignore
    arg [-znow] ==> ignore
    arg [-zrelro] ==> ignore
    arg [-o] ==> ignore
    arg [cmTC_3c61f] ==> ignore
    arg [/usr/lib/gcc/x86_64-linux-gnu/13/../../../x86_64-linux-gnu/Scrt1.o] ==> obj [/usr/lib/gcc/x86_64-linux-gnu/13/../../../x86_64-linux-gnu/Scrt1.o]
    arg [/usr/lib/gcc/x86_64-linux-gnu/13/../../../x86_64-linux-gnu/crti.o] ==> obj [/usr/lib/gcc/x86_64-linux-gnu/13/../../../x86_64-linux-gnu/crti.o]
    arg [/usr/lib/gcc/x86_64-linux-gnu/13/crtbeginS.o] ==> obj [/usr/lib/gcc/x86_64-linux-gnu/13/crtbeginS.o]
    arg [-L/usr/lib/gcc/x86_64-linux-gnu/13] ==> dir [/usr/lib/gcc/x86_64-linux-gnu/13]
    arg [-L/usr/lib/gcc/x86_64-linux-gnu/13/../../../x86_64-linux-gnu] ==> dir [/usr/lib/gcc/x86_64-linux-gnu/13/../../../x86_64-linux-gnu]
    arg [-L/usr/lib/gcc/x86_64-linux-gnu/13/../../../../lib] ==> dir [/usr/lib/gcc/x86_64-linux-gnu/13/../../../../lib]
    arg [-L/lib/x86_64-linux-gnu] ==> dir [/lib/x86_64-linux-gnu]
    arg [-L/lib/../lib] ==> dir [/lib/../lib]
    arg [-L/usr/lib/x86_64-linux-gnu] ==> dir [/usr/lib/x86_64-linux-gnu]
    arg [-L/usr/lib/../lib] ==> dir [/usr/lib/../lib]
    arg [-L/usr/lib/gcc/x86_64-linux-gnu/13/../../..] ==> dir [/usr/lib/gcc/x86_64-linux-gnu/13/../../..]
    arg [CMakeFiles/cmTC_3c61f.dir/CMakeCXXCompilerABI.cpp.o] ==> ignore
    arg [-lstdc++] ==> lib [stdc++]
    arg [-lm] ==> lib [m]
    arg [-lgcc_s] ==> lib [gcc_s]
    arg [-lgcc] ==> lib [gcc]
    arg [-lc] ==> lib [c]
    arg [-lgcc_s] ==> lib [gcc_s]
    arg [-lgcc] ==> lib [gcc]
    arg [/usr/lib/gcc/x86_64-linux-gnu/13/crtendS.o] ==> obj [/usr/lib/gcc/x86_64-linux-gnu/13/crtendS.o]
    arg [/usr/lib/gcc/x86_64-linux-gnu/13/../../../x86_64-linux-gnu/crtn.o] ==> obj [/usr/lib/gcc/x86_64-linux-gnu/13/../../../x86_64-linux-gnu/crtn.o]
  collapse obj [/usr/lib/gcc/x86_64-linux-gnu/13/../../../x86_64-linux-gnu/Scrt1.o] ==> [/usr/lib/x86_64-linux-gnu/Scrt1.o]
  collapse obj [/usr/lib/gcc/x86_64-linux-gnu/13/../../../x86_64-linux-gnu/crti.o] ==> [/usr/lib/x86_64-linux-gnu/crti.o]
  collapse obj [/usr/lib/gcc/x86_64-linux-gnu/13/../../../x86_64-linux-gnu/crtn.o] ==> [/usr/lib/x86_64-linux-gnu/crtn.o]
  collapse library dir [/usr/lib/gcc/x86_64-linux-gnu/13] ==> [/usr/lib/gcc/x86_64-linux-gnu/13]
  collapse library dir [/usr/lib/gcc/x86_64-linux-gnu/13/../../../x86_64-linux-gnu] ==> [/usr/lib/x86_64-linux-gnu]
  collapse library dir [/usr/lib/gcc/x86_64-linux-gnu/13/../../../../lib] ==> [/usr/lib]
  collapse library dir [/lib/x86_64-linux-gnu] ==> [/lib/x86_64-linux-gnu]
  collapse library dir [/lib/../lib] ==> [/lib]
  collapse library dir [/usr/lib/x86_64-linux-gnu] ==> [/usr/lib/x86_64-linux-gnu]
  collapse library dir [/usr/lib/../lib] ==> [/usr/lib]
  collapse library dir [/usr/lib/gcc/x86_64-linux-gnu/13/../../..] ==> [/usr/lib]
  implicit libs: [stdc++;m;gcc_s;gcc;c;gcc_s;gcc]
  implicit objs: [/usr/lib/x86_64-linux-gnu/Scrt1.o;/usr/lib/x86_64-linux-gnu/crti.o;/usr/lib/gcc/x86_64-linux-gnu/13/crtbeginS.o;/usr/lib/gcc/x86_64-linux-gnu/13/crtendS.o;/usr/lib/x86_64-linux-gnu/crtn.o]
  implicit dirs: [/usr/lib/gcc/x86_64-linux-gnu/13;/usr/lib/x86_64-linux-gnu;/usr/lib;/lib/x86_64-linux-gnu;/lib]
  implicit fwks: []


Performing C SOURCE FILE Test HAVE_GCC_WALL succeeded with the following output:
Change Dir: /home/lucas/code/my-projects/ant-colony-sim/build/CMakeFiles/CMakeTmp

Run Build Command(s):/usr/bin/gmake -f Makefile cmTC_96e07/fast && /usr/bin/gmake  -f CMakeFiles/cmTC_96e07.dir/build.make CMakeFiles/cmTC_96e07.dir/build
gmake[1]: Entering directory '/home/lucas/code/my-projects/ant-colony-sim/build/CMakeFiles/CMakeTmp'
Building C object CMakeFiles/cmTC_96e07.dir/src.c.o
/usr/bin/cc -DHAVE_GCC_WALL  -D_GNU_SOURCE=1   -Wall -o CMakeFiles/cmTC_96e07.dir/src.c.o -c /home/lucas/code/my-projects/ant-colony-sim/build/CMakeFiles/CMakeTmp/src.c
Linking C executable cmTC_96e07
/usr/local/bin/cmake -E cmake_link_script CMakeFiles/cmTC_96e07.dir/link.txt --verbose=1
/usr/bin/cc   -D_GNU_SOURCE=1 CMakeFiles/cmTC_96e07.dir/src.c.o -o cmTC_96e07 
gmake[1]: Leaving directory '/home/lucas/code/my-projects/ant-colony-sim/build/CMakeFiles/CMakeTmp'


Source file was:
int main(void) { return 0; }
Performing C SOURCE FILE Test HAVE_GCC_WUNDEF succeeded with the following output:
Change Dir: /home/lucas/code/my-projects/ant-colony-sim/build/CMakeFiles/CMakeTmp

Run Build Command(s):/usr/bin/gmake -f Makefile cmTC_e7a2d/fast && /usr/bin/gmake  -f CMakeFiles/cmTC_e7a2d.dir/build.make CMakeFiles/cmTC_e7a2d.dir/build
gmake[1]: Entering directory '/home/lucas/code/my-projects/ant-colony-sim/build/CMakeFiles/CMakeTmp'
Building C object CMakeFiles/cmTC_e7a2d.dir/src.c.o
/usr/bin/cc -DHAVE_GCC_WUNDEF  -D_GNU_SOURCE=1   -Wundef -o CMakeFiles/cmTC_e7a2d.dir/src.c.o -c /home/lucas/code/my-projects/ant-colony-sim/build/CMakeFiles/CMakeTmp/src.c
Linking C executable cmTC_e7a2d
/usr/local/bin/cmake -E cmake_link_script CMakeFiles/cmTC_e7a2d.dir/link.txt --verbose=1
/usr/bin/cc   -D_GNU_SOURCE=1 CMakeFiles/cmTC_e7a2d.dir/src.c.o -o cmTC_e7a2d 
gmake[1]: Leaving directory '/home/lucas/code/my-projects/ant-colony-sim/build/CMakeFiles/CMakeTmp'


Source file was:
int main(void) { return 0; }
Performing C SOURCE FILE Test HAVE_GCC_WFLOAT_CONVERSION succeeded with the following output:
Change Dir: /home/lucas/code/my-projects/ant-colony-sim/build/CMakeFiles/CMakeTmp

Run Build Command(s):/usr/bin/gmake -f Makefile cmTC_c08d4/fast && /usr/bin/gmake  -f CMakeFiles/cmTC_c08d4.dir/build.make CMakeFiles/cmTC_c08d4.dir/build
gmake[1]: Entering directory '/home/lucas/code/my-projects/ant-colony-sim/build/CMakeFiles/CMakeTmp'
Building C object CMakeFiles/cmTC_c08d4.dir/src.c.o
/usr/bin/cc -DHAVE_GCC_WFLOAT_CONVERSION  -D_GNU_SOURCE=1   -Wfloat-conversion -o CMakeFiles/cmTC_c08d4.dir/src.c.o -c /home/lucas/code/my-projects/ant-colony-sim/build/CMakeFiles/CMakeTmp/src.c
Linking C executable cmTC_c08d4
/usr/local/bin/cmake -E cmake_link_script CMakeFiles/cmTC_c08d4.dir/link.txt --verbose=1
/usr/bin/cc   -D_GNU_SOURCE=1 CMakeFiles/cmTC_c08d4.dir/src.c.o -o cmTC_c08d4 
gmake[1]: Leaving directory '/home/lucas/code/my-projects/ant-colony-sim/build/CMakeFiles/CMakeTmp'


Source file was:
int main(void) { return 0; }
Performing C SOURCE FILE Test HAVE_GCC_NO_STRICT_ALIASING succeeded with the following output:
Change Dir: /home/lucas/code/my-projects/ant-colony-sim/build/CMakeFiles/CMakeTmp

Run Build Command(s):/usr/bin/gmake -f Makefile cmTC_b8201/fast && /usr/bin/gmake  -f CMakeFiles/cmTC_b8201.dir/build.make CMakeFiles/cmTC_b8201.dir/build
gmake[1]: Entering directory '/home/lucas/code/my-projects/ant-colony-sim/build/CMakeFiles/CMakeTmp'
Building C object CMakeFiles/cmTC_b8201.dir/src.c.o
/usr/bin/cc -DHAVE_GCC_NO_STRICT_ALIASING  -D_GNU_SOURCE=1   -fno-strict-aliasing -o CMakeFiles/cmTC_b8201.dir/src.c.o -c /home/lucas/code/my-projects/ant-colony-sim/build/CMakeFiles/CMakeTmp/src.c
Linking C executable cmTC_b8201
/usr/local/bin/cmake -E cmake_link_script CMakeFiles/cmTC_b8201.dir/link.txt --verbose=1
/usr/bin/cc   -D_GNU_SOURCE=1 CMakeFiles/cmTC_b8201.dir/src.c.o -o cmTC_b8201 
gmake[1]: Leaving directory '/home/lucas/code/my-projects/ant-colony-sim/build/CMakeFiles/CMakeTmp'


Source file was:
int main(void) { return 0; }
Performing C SOURCE FILE Test HAVE_GCC_WSHADOW succeeded with the following output:
Change Dir: /home/lucas/code/my-projects/ant-colony-sim/build/CMakeFiles/CMakeTmp

Run Build Command(s):/usr/bin/gmake -f Makefile cmTC_51141/fast && /usr/bin/gmake  -f CMakeFiles/cmTC_51141.dir/build.make CMakeFiles/cmTC_51141.dir/build
gmake[1]: Entering directory '/home/lucas/code/my-projects/ant-colony-sim/build/CMakeFiles/CMakeTmp'
Building C object CMakeFiles/cmTC_51141.dir/src.c.o
/usr/bin/cc -DHAVE_GCC_WSHADOW  -D_GNU_SOURCE=1   -Wshadow -o CMakeFiles/cmTC_51141.dir/src.c.o -c /home/lucas/code/my-projects/ant-colony-sim/build/CMakeFiles/CMakeTmp/src.c
Linking C executable cmTC_51141
/usr/local/bin/cmake -E cmake_link_script CMakeFiles/cmTC_51141.dir/link.txt --verbose=1
/usr/bin/cc   -D_GNU_SOURCE=1 CMakeFiles/cmTC_51141.dir/src.c.o -o cmTC_51141 
gmake[1]: Leaving directory '/home/lucas/code/my-projects/ant-colony-sim/build/CMakeFiles/CMakeTmp'


Source file was:
int main(void) { return 0; }
Performing C SOURCE FILE Test HAVE_GCC_WUNUSED_LOCAL_TYPEDEFS succeeded with the following output:
Change Dir: /home/lucas/code/my-projects/ant-colony-sim/build/CMakeFiles/CMakeTmp

Run Build Command(s):/usr/bin/gmake -f Makefile cmTC_9d4d3/fast && /usr/bin/gmake  -f CMakeFiles/cmTC_9d4d3.dir/build.make CMakeFiles/cmTC_9d4d3.dir/build
gmake[1]: Entering directory '/home/lucas/code/my-projects/ant-colony-sim/build/CMakeFiles/CMakeTmp'
Building C object CMakeFiles/cmTC_9d4d3.dir/src.c.o
/usr/bin/cc -DHAVE_GCC_WUNUSED_LOCAL_TYPEDEFS  -D_GNU_SOURCE=1   -Wunused-local-typedefs -o CMakeFiles/cmTC_9d4d3.dir/src.c.o -c /home/lucas/code/my-projects/ant-colony-sim/build/CMakeFiles/CMakeTmp/src.c
Linking C executable cmTC_9d4d3
/usr/local/bin/cmake -E cmake_link_script CMakeFiles/cmTC_9d4d3.dir/link.txt --verbose=1
/usr/bin/cc   -D_GNU_SOURCE=1 CMakeFiles/cmTC_9d4d3.dir/src.c.o -o cmTC_9d4d3 
gmake[1]: Leaving directory '/home/lucas/code/my-projects/ant-colony-sim/build/CMakeFiles/CMakeTmp'


Source file was:
int main(void) { return 0; }
Performing C SOURCE FILE Test HAVE_GCC_WIMPLICIT_FALLTHROUGH succeeded with the following output:
Change Dir: /home/lucas/code/my-projects/ant-colony-sim/build/CMakeFiles/CMakeTmp

Run Build Command(s):/usr/bin/gmake -f Makefile cmTC_27bdc/fast && /usr/bin/gmake  -f CMakeFiles/cmTC_27bdc.dir/build.make CMakeFiles/cmTC_27bdc.dir/build
gmake[1]: Entering directory '/home/lucas/code/my-projects/ant-colony-sim/build/CMakeFiles/CMakeTmp'
Building C object CMakeFiles/cmTC_27bdc.dir/src.c.o
/usr/bin/cc -DHAVE_GCC_WIMPLICIT_FALLTHROUGH  -D_GNU_SOURCE=1   -Wimplicit-fallthrough -o CMakeFiles/cmTC_27bdc.dir/src.c.o -c /home/lucas/code/my-projects/ant-colony-sim/build/CMakeFiles/CMakeTmp/src.c
Linking C executable cmTC_27bdc
/usr/local/bin/cmake -E cmake_link_script CMakeFiles/cmTC_27bdc.dir/link.txt --verbose=1
/usr/bin/cc   -D_GNU_SOURCE=1 CMakeFiles/cmTC_27bdc.dir/src.c.o -o cmTC_27bdc 
gmake[1]: Leaving directory '/home/lucas/code/my-projects/ant-colony-sim/build/CMakeFiles/CMakeTmp'


Source file was:
int main(void) { return 0; }
Performing C SOURCE FILE Test COMPILER_SUPPORTS_FDIAGNOSTICS_COLOR_ALWAYS succeeded with the following output:
Change Dir: /home/lucas/code/my-projects/ant-colony-sim/build/CMakeFiles/CMakeTmp

Run Build Command(s):/usr/bin/gmake -f Makefile cmTC_24041/fast && /usr/bin/gmake  -f CMakeFiles/cmTC_24041.dir/build.make CMakeFiles/cmTC_24041.dir/build
gmake[1]: Entering directory '/home/lucas/code/my-projects/ant-colony-sim/build/CMakeFiles/CMakeTmp'
Building C object CMakeFiles/cmTC_24041.dir/src.c.o
/usr/bin/cc -DCOMPILER_SUPPORTS_FDIAGNOSTICS_COLOR_ALWAYS  -D_GNU_SOURCE=1   -fdiagnostics-color=always -o CMakeFiles/cmTC_24041.dir/src.c.o -c /home/lucas/code/my-projects/ant-colony-sim/build/CMakeFiles/CMakeTmp/src.c
Linking C executable cmTC_24041
/usr/local/bin/cmake -E cmake_link_script CMakeFiles/cmTC_24041.dir/link.txt --verbose=1
/usr/bin/cc   -D_GNU_SOURCE=1 CMakeFiles/cmTC_24041.dir/src.c.o -o cmTC_24041 
gmake[1]: Leaving directory '/home/lucas/code/my-projects/ant-colony-sim/build/CMakeFiles/CMakeTmp'


Source file was:
int main(void) { return 0; }
Determining if the __GLIBC__ exist passed with the following output:
Change Dir: /home/lucas/code/my-projects/ant-colony-sim/build/CMakeFiles/CMakeTmp

Run Build Command(s):/usr/bin/gmake -f Makefile cmTC_39aa3/fast && /usr/bin/gmake  -f CMakeFiles/cmTC_39aa3.dir/build.make CMakeFiles/cmTC_39aa3.dir/build
gmake[1]: Entering directory '/home/lucas/code/my-projects/ant-colony-sim/build/CMakeFiles/CMakeTmp'
Building C object CMakeFiles/cmTC_39aa3.dir/CheckSymbolExists.c.o
/usr/bin/cc   -D_GNU_SOURCE=1 -o CMakeFiles/cmTC_39aa3.dir/CheckSymbolExists.c.o -c /home/lucas/code/my-projects/ant-colony-sim/build/CMakeFiles/CMakeTmp/CheckSymbolExists.c
Linking C executable cmTC_39aa3
/usr/local/bin/cmake -E cmake_link_script CMakeFiles/cmTC_39aa3.dir/link.txt --verbose=1
/usr/bin/cc   -D_GNU_SOURCE=1 CMakeFiles/cmTC_39aa3.dir/CheckSymbolExists.c.o -o cmTC_39aa3 
gmake[1]: Leaving directory '/home/lucas/code/my-projects/ant-colony-sim/build/CMakeFiles/CMakeTmp'


File /home/lucas/code/my-projects/ant-colony-sim/build/CMakeFiles/CMakeTmp/CheckSymbolExists.c:
/* */
#include <stdlib.h>

int main(int argc, char** argv)
{
  (void)argv;
#ifndef __GLIBC__
  return ((int*)(&__GLIBC__))[argc];
#else
  (void)argc;
  return 0;
#endif
}
Performing C SOURCE FILE Test HAVE_WL_VERSION_SCRIPT succeeded with the following output:
Change Dir: /home/lucas/code/my-projects/ant-colony-sim/build/CMakeFiles/CMakeTmp

Run Build Command(s):/usr/bin/gmake -f Makefile cmTC_5cf04/fast && /usr/bin/gmake  -f CMakeFiles/cmTC_5cf04.dir/build.make CMakeFiles/cmTC_5cf04.dir/build
gmake[1]: Entering directory '/home/lucas/code/my-projects/ant-colony-sim/build/CMakeFiles/CMakeTmp'
Building C object CMakeFiles/cmTC_5cf04.dir/src.c.o
/usr/bin/cc -DHAVE_WL_VERSION_SCRIPT   -o CMakeFiles/cmTC_5cf04.dir/src.c.o -c /home/lucas/code/my-projects/ant-colony-sim/build/CMakeFiles/CMakeTmp/src.c
Linking C executable cmTC_5cf04
/usr/local/bin/cmake -E cmake_link_script CMakeFiles/cmTC_5cf04.dir/link.txt --verbose=1
/usr/bin/cc -Wl,--version-script,/home/lucas/code/my-projects/ant-colony-sim/build/SDL/vendored/SDL/CMakeFiles/dummy.sym CMakeFiles/cmTC_5cf04.dir/src.c.o -o cmTC_5cf04 
gmake[1]: Leaving directory '/home/lucas/code/my-projects/ant-colony-sim/build/CMakeFiles/CMakeTmp'


Source file was:
int func(void) {return 0;} int main(int argc,char*argv[]){(void)argc;(void)argv;return func();}
Performing C SOURCE FILE Test COMPILER_SUPPORTS_GCC_ATOMICS succeeded with the following output:
Change Dir: /home/lucas/code/my-projects/ant-colony-sim/build/CMakeFiles/CMakeTmp

Run Build Command(s):/usr/bin/gmake -f Makefile cmTC_137de/fast && /usr/bin/gmake  -f CMakeFiles/cmTC_137de.dir/build.make CMakeFiles/cmTC_137de.dir/build
gmake[1]: Entering directory '/home/lucas/code/my-projects/ant-colony-sim/build/CMakeFiles/CMakeTmp'
Building C object CMakeFiles/cmTC_137de.dir/src.c.o
/usr/bin/cc -DCOMPILER_SUPPORTS_GCC_ATOMICS  -D_GNU_SOURCE=1 -o CMakeFiles/cmTC_137de.dir/src.c.o -c /home/lucas/code/my-projects/ant-colony-sim/build/CMakeFiles/CMakeTmp/src.c
Linking C executable cmTC_137de
/usr/local/bin/cmake -E cmake_link_script CMakeFiles/cmTC_137de.dir/link.txt --verbose=1
/usr/bin/cc   -D_GNU_SOURCE=1 CMakeFiles/cmTC_137de.dir/src.c.o -o cmTC_137de 
gmake[1]: Leaving directory '/home/lucas/code/my-projects/ant-colony-sim/build/CMakeFiles/CMakeTmp'


Source file was:
int main(int argc, char **argv) {
        int a;
        void *x, *y, *z;
        __sync_lock_test_and_set(&a, 4);
        __sync_lock_test_and_set(&x, y);
        __sync_fetch_and_add(&a, 1);
        __sync_bool_compare_and_swap(&a, 5, 10);
        __sync_bool_compare_and_swap(&x, y, z);
        return 0; }
Performing C SOURCE FILE Test HAVE_GCC_FVISIBILITY succeeded with the following output:
Change Dir: /home/lucas/code/my-projects/ant-colony-sim/build/CMakeFiles/CMakeTmp

Run Build Command(s):/usr/bin/gmake -f Makefile cmTC_79153/fast && /usr/bin/gmake  -f CMakeFiles/cmTC_79153.dir/build.make CMakeFiles/cmTC_79153.dir/build
gmake[1]: Entering directory '/home/lucas/code/my-projects/ant-colony-sim/build/CMakeFiles/CMakeTmp'
Building C object CMakeFiles/cmTC_79153.dir/src.c.o
/usr/bin/cc -DHAVE_GCC_FVISIBILITY  -D_GNU_SOURCE=1 -fvisibility=hidden -Werror -o CMakeFiles/cmTC_79153.dir/src.c.o -c /home/lucas/code/my-projects/ant-colony-sim/build/CMakeFiles/CMakeTmp/src.c
Linking C executable cmTC_79153
/usr/local/bin/cmake -E cmake_link_script CMakeFiles/cmTC_79153.dir/link.txt --verbose=1
/usr/bin/cc   -D_GNU_SOURCE=1 -fvisibility=hidden -Werror CMakeFiles/cmTC_79153.dir/src.c.o -o cmTC_79153 
gmake[1]: Leaving directory '/home/lucas/code/my-projects/ant-colony-sim/build/CMakeFiles/CMakeTmp'


Source file was:

      #if !defined(__GNUC__) || __GNUC__ < 4
      #error SDL only uses visibility attributes in GCC 4 or newer
      #endif
      __attribute__((visibility("default"))) int foo(void);
      __attribute__((visibility("hidden")))  int bar(void);
      int foo(void) { return 0; }
      int bar(void) { return 1; }
      int main(void) { return 0; }
Performing C SOURCE FILE Test LINKER_SUPPORTS_WL_NO_UNDEFINED succeeded with the following output:
Change Dir: /home/lucas/code/my-projects/ant-colony-sim/build/CMakeFiles/CMakeTmp

Run Build Command(s):/usr/bin/gmake -f Makefile cmTC_01398/fast && /usr/bin/gmake  -f CMakeFiles/cmTC_01398.dir/build.make CMakeFiles/cmTC_01398.dir/build
gmake[1]: Entering directory '/home/lucas/code/my-projects/ant-colony-sim/build/CMakeFiles/CMakeTmp'
Building C object CMakeFiles/cmTC_01398.dir/src.c.o
/usr/bin/cc -DLINKER_SUPPORTS_WL_NO_UNDEFINED  -D_GNU_SOURCE=1 -o CMakeFiles/cmTC_01398.dir/src.c.o -c /home/lucas/code/my-projects/ant-colony-sim/build/CMakeFiles/CMakeTmp/src.c
Linking C executable cmTC_01398
/usr/local/bin/cmake -E cmake_link_script CMakeFiles/cmTC_01398.dir/link.txt --verbose=1
/usr/bin/cc   -D_GNU_SOURCE=1 -Wl,--no-undefined CMakeFiles/cmTC_01398.dir/src.c.o -o cmTC_01398 
gmake[1]: Leaving directory '/home/lucas/code/my-projects/ant-colony-sim/build/CMakeFiles/CMakeTmp'


Source file was:
int main() { return 0; }
Performing C SOURCE FILE Test COMPILER_SUPPORTS_MMX succeeded with the following output:
Change Dir: /home/lucas/code/my-projects/ant-colony-sim/build/CMakeFiles/CMakeTmp

Run Build Command(s):/usr/bin/gmake -f Makefile cmTC_f6cc6/fast && /usr/bin/gmake  -f CMakeFiles/cmTC_f6cc6.dir/build.make CMakeFiles/cmTC_f6cc6.dir/build
gmake[1]: Entering directory '/home/lucas/code/my-projects/ant-colony-sim/build/CMakeFiles/CMakeTmp'
Building C object CMakeFiles/cmTC_f6cc6.dir/src.c.o
/usr/bin/cc -DCOMPILER_SUPPORTS_MMX  -D_GNU_SOURCE=1 -mmmx -o CMakeFiles/cmTC_f6cc6.dir/src.c.o -c /home/lucas/code/my-projects/ant-colony-sim/build/CMakeFiles/CMakeTmp/src.c
Linking C executable cmTC_f6cc6
/usr/local/bin/cmake -E cmake_link_script CMakeFiles/cmTC_f6cc6.dir/link.txt --verbose=1
/usr/bin/cc   -D_GNU_SOURCE=1 -mmmx CMakeFiles/cmTC_f6cc6.dir/src.c.o -o cmTC_f6cc6 
gmake[1]: Leaving directory '/home/lucas/code/my-projects/ant-colony-sim/build/CMakeFiles/CMakeTmp'


Source file was:

    #if 0
    # if defined(__i386__) || defined(__x86_64__)
    #  define test_enabled 1
    # else
    #  define test_enabled 0 /* feign success in Apple multi-arch configs */
    # endif
    #else                    /* test normally */
    # define test_enabled 1
    #endif
    #if test_enabled
          #include <mmintrin.h>
      void ints_add(int *dest, int *a, int *b, unsigned size) {
        for (; size >= 2; size -= 2, dest += 2, a += 2, b += 2) {
          *(__m64*)dest = _mm_add_pi32(*(__m64*)a, *(__m64*)b);
        }
      }
      int main(int argc, char *argv[]) {
        ints_add((int*)0, (int*)0, (int*)0, 0);
        return 0;
      }
    #else
    int main(int argc, char *argv[]) {
      (void)argc;
      (void)argv;
      return 0;
    }
    #endif
Performing C SOURCE FILE Test COMPILER_SUPPORTS_SSE succeeded with the following output:
Change Dir: /home/lucas/code/my-projects/ant-colony-sim/build/CMakeFiles/CMakeTmp

Run Build Command(s):/usr/bin/gmake -f Makefile cmTC_59922/fast && /usr/bin/gmake  -f CMakeFiles/cmTC_59922.dir/build.make CMakeFiles/cmTC_59922.dir/build
gmake[1]: Entering directory '/home/lucas/code/my-projects/ant-colony-sim/build/CMakeFiles/CMakeTmp'
Building C object CMakeFiles/cmTC_59922.dir/src.c.o
/usr/bin/cc -DCOMPILER_SUPPORTS_SSE  -D_GNU_SOURCE=1 -msse -o CMakeFiles/cmTC_59922.dir/src.c.o -c /home/lucas/code/my-projects/ant-colony-sim/build/CMakeFiles/CMakeTmp/src.c
Linking C executable cmTC_59922
/usr/local/bin/cmake -E cmake_link_script CMakeFiles/cmTC_59922.dir/link.txt --verbose=1
/usr/bin/cc   -D_GNU_SOURCE=1 -msse CMakeFiles/cmTC_59922.dir/src.c.o -o cmTC_59922 
gmake[1]: Leaving directory '/home/lucas/code/my-projects/ant-colony-sim/build/CMakeFiles/CMakeTmp'


Source file was:

    #if 0
    # if defined(__i386__) || defined(__x86_64__)
    #  define test_enabled 1
    # else
    #  define test_enabled 0 /* feign success in Apple multi-arch configs */
    # endif
    #else                    /* test normally */
    # define test_enabled 1
    #endif
    #if test_enabled
          #include <xmmintrin.h>
      void floats_add(float *dest, float *a, float *b, unsigned size) {
        for (; size >= 4; size -= 4, dest += 4, a += 4, b += 4) {
          _mm_storeu_ps(dest, _mm_add_ps(_mm_loadu_ps(a), _mm_loadu_ps (b)));
        }
      }
      int main(int argc, char **argv) {
        floats_add((float*)0, (float*)0, (float*)0, 0);
        return 0;
      }
    #else
    int main(int argc, char *argv[]) {
      (void)argc;
      (void)argv;
      return 0;
    }
    #endif
Performing C SOURCE FILE Test COMPILER_SUPPORTS_SSE2 succeeded with the following output:
Change Dir: /home/lucas/code/my-projects/ant-colony-sim/build/CMakeFiles/CMakeTmp

Run Build Command(s):/usr/bin/gmake -f Makefile cmTC_20a0d/fast && /usr/bin/gmake  -f CMakeFiles/cmTC_20a0d.dir/build.make CMakeFiles/cmTC_20a0d.dir/build
gmake[1]: Entering directory '/home/lucas/code/my-projects/ant-colony-sim/build/CMakeFiles/CMakeTmp'
Building C object CMakeFiles/cmTC_20a0d.dir/src.c.o
/usr/bin/cc -DCOMPILER_SUPPORTS_SSE2  -D_GNU_SOURCE=1 -msse2 -o CMakeFiles/cmTC_20a0d.dir/src.c.o -c /home/lucas/code/my-projects/ant-colony-sim/build/CMakeFiles/CMakeTmp/src.c
Linking C executable cmTC_20a0d
/usr/local/bin/cmake -E cmake_link_script CMakeFiles/cmTC_20a0d.dir/link.txt --verbose=1
/usr/bin/cc   -D_GNU_SOURCE=1 -msse2 CMakeFiles/cmTC_20a0d.dir/src.c.o -o cmTC_20a0d 
gmake[1]: Leaving directory '/home/lucas/code/my-projects/ant-colony-sim/build/CMakeFiles/CMakeTmp'


Source file was:

    #if 0
    # if defined(__i386__) || defined(__x86_64__)
    #  define test_enabled 1
    # else
    #  define test_enabled 0 /* feign success in Apple multi-arch configs */
    # endif
    #else                    /* test normally */
    # define test_enabled 1
    #endif
    #if test_enabled
          #include <emmintrin.h>
      void doubles_add(double *dest, double *a, double *b, unsigned size) {
        for (; size >= 4; size -= 4, dest += 4, a += 4, b += 4) {
          _mm_store_pd(dest, _mm_add_pd(_mm_loadu_pd(a), _mm_loadu_pd(b)));
        }
      }
      int main(int argc, char **argv) {
        doubles_add((double*)0, (double*)0, (double*)0, 0);
        return 0;
      }
    #else
    int main(int argc, char *argv[]) {
      (void)argc;
      (void)argv;
      return 0;
    }
    #endif
Performing C SOURCE FILE Test COMPILER_SUPPORTS_SSE3 succeeded with the following output:
Change Dir: /home/lucas/code/my-projects/ant-colony-sim/build/CMakeFiles/CMakeTmp

Run Build Command(s):/usr/bin/gmake -f Makefile cmTC_29348/fast && /usr/bin/gmake  -f CMakeFiles/cmTC_29348.dir/build.make CMakeFiles/cmTC_29348.dir/build
gmake[1]: Entering directory '/home/lucas/code/my-projects/ant-colony-sim/build/CMakeFiles/CMakeTmp'
Building C object CMakeFiles/cmTC_29348.dir/src.c.o
/usr/bin/cc -DCOMPILER_SUPPORTS_SSE3  -D_GNU_SOURCE=1 -msse3 -o CMakeFiles/cmTC_29348.dir/src.c.o -c /home/lucas/code/my-projects/ant-colony-sim/build/CMakeFiles/CMakeTmp/src.c
Linking C executable cmTC_29348
/usr/local/bin/cmake -E cmake_link_script CMakeFiles/cmTC_29348.dir/link.txt --verbose=1
/usr/bin/cc   -D_GNU_SOURCE=1 -msse3 CMakeFiles/cmTC_29348.dir/src.c.o -o cmTC_29348 
gmake[1]: Leaving directory '/home/lucas/code/my-projects/ant-colony-sim/build/CMakeFiles/CMakeTmp'


Source file was:

    #if 0
    # if defined(__i386__) || defined(__x86_64__)
    #  define test_enabled 1
    # else
    #  define test_enabled 0 /* feign success in Apple multi-arch configs */
    # endif
    #else                    /* test normally */
    # define test_enabled 1
    #endif
    #if test_enabled
          #include <pmmintrin.h>
      void ints_add(int *dest, int *a, int *b, unsigned size) {
        for (; size >= 4; size -= 4, dest += 4, a += 4, b += 4) {
          _mm_storeu_si128((__m128i*)dest, _mm_add_epi32(_mm_lddqu_si128((__m128i*)a), _mm_lddqu_si128((__m128i*)b)));
        }
      }
      int main(int argc, char **argv) {
        ints_add((int*)0, (int*)0, (int*)0, 0);
        return 0;
      }
    #else
    int main(int argc, char *argv[]) {
      (void)argc;
      (void)argv;
      return 0;
    }
    #endif
Performing C SOURCE FILE Test COMPILER_SUPPORTS_SSE4_1 succeeded with the following output:
Change Dir: /home/lucas/code/my-projects/ant-colony-sim/build/CMakeFiles/CMakeTmp

Run Build Command(s):/usr/bin/gmake -f Makefile cmTC_0b9bf/fast && /usr/bin/gmake  -f CMakeFiles/cmTC_0b9bf.dir/build.make CMakeFiles/cmTC_0b9bf.dir/build
gmake[1]: Entering directory '/home/lucas/code/my-projects/ant-colony-sim/build/CMakeFiles/CMakeTmp'
Building C object CMakeFiles/cmTC_0b9bf.dir/src.c.o
/usr/bin/cc -DCOMPILER_SUPPORTS_SSE4_1  -D_GNU_SOURCE=1 -msse4.1 -o CMakeFiles/cmTC_0b9bf.dir/src.c.o -c /home/lucas/code/my-projects/ant-colony-sim/build/CMakeFiles/CMakeTmp/src.c
Linking C executable cmTC_0b9bf
/usr/local/bin/cmake -E cmake_link_script CMakeFiles/cmTC_0b9bf.dir/link.txt --verbose=1
/usr/bin/cc   -D_GNU_SOURCE=1 -msse4.1 CMakeFiles/cmTC_0b9bf.dir/src.c.o -o cmTC_0b9bf 
gmake[1]: Leaving directory '/home/lucas/code/my-projects/ant-colony-sim/build/CMakeFiles/CMakeTmp'


Source file was:

    #if 0
    # if defined(__i386__) || defined(__x86_64__)
    #  define test_enabled 1
    # else
    #  define test_enabled 0 /* feign success in Apple multi-arch configs */
    # endif
    #else                    /* test normally */
    # define test_enabled 1
    #endif
    #if test_enabled
          #include <smmintrin.h>
      void ints_mul(int *dest, int *a, int *b, unsigned size) {
        for (; size >= 4; size -= 4, dest += 4, a += 4, b += 4) {
          _mm_storeu_si128((__m128i*)dest, _mm_mullo_epi32(_mm_lddqu_si128((__m128i*)a), _mm_lddqu_si128((__m128i*)b)));
        }
      }
      int main(int argc, char **argv) {
        ints_mul((int*)0, (int*)0, (int*)0, 0);
        return 0;
      }
    #else
    int main(int argc, char *argv[]) {
      (void)argc;
      (void)argv;
      return 0;
    }
    #endif
Performing C SOURCE FILE Test COMPILER_SUPPORTS_SSE4_2 succeeded with the following output:
Change Dir: /home/lucas/code/my-projects/ant-colony-sim/build/CMakeFiles/CMakeTmp

Run Build Command(s):/usr/bin/gmake -f Makefile cmTC_5e650/fast && /usr/bin/gmake  -f CMakeFiles/cmTC_5e650.dir/build.make CMakeFiles/cmTC_5e650.dir/build
gmake[1]: Entering directory '/home/lucas/code/my-projects/ant-colony-sim/build/CMakeFiles/CMakeTmp'
Building C object CMakeFiles/cmTC_5e650.dir/src.c.o
/usr/bin/cc -DCOMPILER_SUPPORTS_SSE4_2  -D_GNU_SOURCE=1 -msse4.2 -o CMakeFiles/cmTC_5e650.dir/src.c.o -c /home/lucas/code/my-projects/ant-colony-sim/build/CMakeFiles/CMakeTmp/src.c
Linking C executable cmTC_5e650
/usr/local/bin/cmake -E cmake_link_script CMakeFiles/cmTC_5e650.dir/link.txt --verbose=1
/usr/bin/cc   -D_GNU_SOURCE=1 -msse4.2 CMakeFiles/cmTC_5e650.dir/src.c.o -o cmTC_5e650 
gmake[1]: Leaving directory '/home/lucas/code/my-projects/ant-colony-sim/build/CMakeFiles/CMakeTmp'


Source file was:

    #if 0
    # if defined(__i386__) || defined(__x86_64__)
    #  define test_enabled 1
    # else
    #  define test_enabled 0 /* feign success in Apple multi-arch configs */
    # endif
    #else                    /* test normally */
    # define test_enabled 1
    #endif
    #if test_enabled
          #include <nmmintrin.h>
      __m128i bitmask;
      char data[16];
      int main(int argc, char **argv) {
        bitmask = _mm_cmpgt_epi64(_mm_set1_epi64x(0), _mm_loadu_si128((void*)data));
        return 0;
      }
    #else
    int main(int argc, char *argv[]) {
      (void)argc;
      (void)argv;
      return 0;
    }
    #endif
Performing C SOURCE FILE Test COMPILER_SUPPORTS_AVX succeeded with the following output:
Change Dir: /home/lucas/code/my-projects/ant-colony-sim/build/CMakeFiles/CMakeTmp

Run Build Command(s):/usr/bin/gmake -f Makefile cmTC_80452/fast && /usr/bin/gmake  -f CMakeFiles/cmTC_80452.dir/build.make CMakeFiles/cmTC_80452.dir/build
gmake[1]: Entering directory '/home/lucas/code/my-projects/ant-colony-sim/build/CMakeFiles/CMakeTmp'
Building C object CMakeFiles/cmTC_80452.dir/src.c.o
/usr/bin/cc -DCOMPILER_SUPPORTS_AVX  -D_GNU_SOURCE=1 -mavx -o CMakeFiles/cmTC_80452.dir/src.c.o -c /home/lucas/code/my-projects/ant-colony-sim/build/CMakeFiles/CMakeTmp/src.c
Linking C executable cmTC_80452
/usr/local/bin/cmake -E cmake_link_script CMakeFiles/cmTC_80452.dir/link.txt --verbose=1
/usr/bin/cc   -D_GNU_SOURCE=1 -mavx CMakeFiles/cmTC_80452.dir/src.c.o -o cmTC_80452 
gmake[1]: Leaving directory '/home/lucas/code/my-projects/ant-colony-sim/build/CMakeFiles/CMakeTmp'


Source file was:

    #if 0
    # if defined(__i386__) || defined(__x86_64__)
    #  define test_enabled 1
    # else
    #  define test_enabled 0 /* feign success in Apple multi-arch configs */
    # endif
    #else                    /* test normally */
    # define test_enabled 1
    #endif
    #if test_enabled
          #include <immintrin.h>
      void floats_add(float *dest, float *a, float *b, unsigned size) {
        for (; size >= 8; size -= 8, dest += 8, a += 8, b += 8) {
          _mm256_storeu_ps(dest, _mm256_add_ps(_mm256_loadu_ps(a), _mm256_loadu_ps(b)));
        }
      }
      int main(int argc, char **argv) {
        floats_add((float*)0, (float*)0, (float*)0, 0);
        return 0;
      }
    #else
    int main(int argc, char *argv[]) {
      (void)argc;
      (void)argv;
      return 0;
    }
    #endif
Performing C SOURCE FILE Test COMPILER_SUPPORTS_AVX2 succeeded with the following output:
Change Dir: /home/lucas/code/my-projects/ant-colony-sim/build/CMakeFiles/CMakeTmp

Run Build Command(s):/usr/bin/gmake -f Makefile cmTC_ce9d6/fast && /usr/bin/gmake  -f CMakeFiles/cmTC_ce9d6.dir/build.make CMakeFiles/cmTC_ce9d6.dir/build
gmake[1]: Entering directory '/home/lucas/code/my-projects/ant-colony-sim/build/CMakeFiles/CMakeTmp'
Building C object CMakeFiles/cmTC_ce9d6.dir/src.c.o
/usr/bin/cc -DCOMPILER_SUPPORTS_AVX2  -D_GNU_SOURCE=1 -mavx2 -o CMakeFiles/cmTC_ce9d6.dir/src.c.o -c /home/lucas/code/my-projects/ant-colony-sim/build/CMakeFiles/CMakeTmp/src.c
Linking C executable cmTC_ce9d6
/usr/local/bin/cmake -E cmake_link_script CMakeFiles/cmTC_ce9d6.dir/link.txt --verbose=1
/usr/bin/cc   -D_GNU_SOURCE=1 -mavx2 CMakeFiles/cmTC_ce9d6.dir/src.c.o -o cmTC_ce9d6 
gmake[1]: Leaving directory '/home/lucas/code/my-projects/ant-colony-sim/build/CMakeFiles/CMakeTmp'


Source file was:

    #if 0
    # if defined(__i386__) || defined(__x86_64__)
    #  define test_enabled 1
    # else
    #  define test_enabled 0 /* feign success in Apple multi-arch configs */
    # endif
    #else                    /* test normally */
    # define test_enabled 1
    #endif
    #if test_enabled
          #include <immintrin.h>
      void ints_add(int *dest, int *a, int *b, unsigned size) {
        for (; size >= 8; size -= 8, dest += 8, a += 8, b += 8) {
          _mm256_storeu_si256((__m256i*)dest, _mm256_add_epi32(_mm256_loadu_si256((__m256i*)a), _mm256_loadu_si256((__m256i*)b)));
        }
      }
      int main(int argc, char **argv) {
        ints_add((int*)0, (int*)0, (int*)0, 0);
        return 0;
      }
    #else
    int main(int argc, char *argv[]) {
      (void)argc;
      (void)argv;
      return 0;
    }
    #endif
Performing C SOURCE FILE Test COMPILER_SUPPORTS_AVX512F succeeded with the following output:
Change Dir: /home/lucas/code/my-projects/ant-colony-sim/build/CMakeFiles/CMakeTmp

Run Build Command(s):/usr/bin/gmake -f Makefile cmTC_af35d/fast && /usr/bin/gmake  -f CMakeFiles/cmTC_af35d.dir/build.make CMakeFiles/cmTC_af35d.dir/build
gmake[1]: Entering directory '/home/lucas/code/my-projects/ant-colony-sim/build/CMakeFiles/CMakeTmp'
Building C object CMakeFiles/cmTC_af35d.dir/src.c.o
/usr/bin/cc -DCOMPILER_SUPPORTS_AVX512F  -D_GNU_SOURCE=1 -mavx512f -o CMakeFiles/cmTC_af35d.dir/src.c.o -c /home/lucas/code/my-projects/ant-colony-sim/build/CMakeFiles/CMakeTmp/src.c
Linking C executable cmTC_af35d
/usr/local/bin/cmake -E cmake_link_script CMakeFiles/cmTC_af35d.dir/link.txt --verbose=1
/usr/bin/cc   -D_GNU_SOURCE=1 -mavx512f CMakeFiles/cmTC_af35d.dir/src.c.o -o cmTC_af35d 
gmake[1]: Leaving directory '/home/lucas/code/my-projects/ant-colony-sim/build/CMakeFiles/CMakeTmp'


Source file was:

    #if 0
    # if defined(__i386__) || defined(__x86_64__)
    #  define test_enabled 1
    # else
    #  define test_enabled 0 /* feign success in Apple multi-arch configs */
    # endif
    #else                    /* test normally */
    # define test_enabled 1
    #endif
    #if test_enabled
          #include <immintrin.h>
      void floats_add(float *dest, float *a, float *b, unsigned size) {
        for (; size >= 16; size -= 16, dest += 16, a += 16, b += 16) {
          _mm512_storeu_ps(dest, _mm512_add_ps(_mm512_loadu_ps(a), _mm512_loadu_ps(b)));
        }
      }
      int main(int argc, char **argv) {
        floats_add((float*)0, (float*)0, (float*)0, 0);
        return 0;
      }
    #else
    int main(int argc, char *argv[]) {
      (void)argc;
      (void)argv;
      return 0;
    }
    #endif
Determining if the include file alloca.h exists passed with the following output:
Change Dir: /home/lucas/code/my-projects/ant-colony-sim/build/CMakeFiles/CMakeTmp

Run Build Command(s):/usr/bin/gmake -f Makefile cmTC_4d033/fast && /usr/bin/gmake  -f CMakeFiles/cmTC_4d033.dir/build.make CMakeFiles/cmTC_4d033.dir/build
gmake[1]: Entering directory '/home/lucas/code/my-projects/ant-colony-sim/build/CMakeFiles/CMakeTmp'
Building C object CMakeFiles/cmTC_4d033.dir/CheckIncludeFile.c.o
/usr/bin/cc   -D_GNU_SOURCE=1 -o CMakeFiles/cmTC_4d033.dir/CheckIncludeFile.c.o -c /home/lucas/code/my-projects/ant-colony-sim/build/CMakeFiles/CMakeTmp/CheckIncludeFile.c
Linking C executable cmTC_4d033
/usr/local/bin/cmake -E cmake_link_script CMakeFiles/cmTC_4d033.dir/link.txt --verbose=1
/usr/bin/cc   -D_GNU_SOURCE=1 CMakeFiles/cmTC_4d033.dir/CheckIncludeFile.c.o -o cmTC_4d033 
gmake[1]: Leaving directory '/home/lucas/code/my-projects/ant-colony-sim/build/CMakeFiles/CMakeTmp'



Determining if the include file float.h exists passed with the following output:
Change Dir: /home/lucas/code/my-projects/ant-colony-sim/build/CMakeFiles/CMakeTmp

Run Build Command(s):/usr/bin/gmake -f Makefile cmTC_e17d8/fast && /usr/bin/gmake  -f CMakeFiles/cmTC_e17d8.dir/build.make CMakeFiles/cmTC_e17d8.dir/build
gmake[1]: Entering directory '/home/lucas/code/my-projects/ant-colony-sim/build/CMakeFiles/CMakeTmp'
Building C object CMakeFiles/cmTC_e17d8.dir/CheckIncludeFile.c.o
/usr/bin/cc   -D_GNU_SOURCE=1 -o CMakeFiles/cmTC_e17d8.dir/CheckIncludeFile.c.o -c /home/lucas/code/my-projects/ant-colony-sim/build/CMakeFiles/CMakeTmp/CheckIncludeFile.c
Linking C executable cmTC_e17d8
/usr/local/bin/cmake -E cmake_link_script CMakeFiles/cmTC_e17d8.dir/link.txt --verbose=1
/usr/bin/cc   -D_GNU_SOURCE=1 CMakeFiles/cmTC_e17d8.dir/CheckIncludeFile.c.o -o cmTC_e17d8 
gmake[1]: Leaving directory '/home/lucas/code/my-projects/ant-colony-sim/build/CMakeFiles/CMakeTmp'



Determining if the include file iconv.h exists passed with the following output:
Change Dir: /home/lucas/code/my-projects/ant-colony-sim/build/CMakeFiles/CMakeTmp

Run Build Command(s):/usr/bin/gmake -f Makefile cmTC_35f87/fast && /usr/bin/gmake  -f CMakeFiles/cmTC_35f87.dir/build.make CMakeFiles/cmTC_35f87.dir/build
gmake[1]: Entering directory '/home/lucas/code/my-projects/ant-colony-sim/build/CMakeFiles/CMakeTmp'
Building C object CMakeFiles/cmTC_35f87.dir/CheckIncludeFile.c.o
/usr/bin/cc   -D_GNU_SOURCE=1 -o CMakeFiles/cmTC_35f87.dir/CheckIncludeFile.c.o -c /home/lucas/code/my-projects/ant-colony-sim/build/CMakeFiles/CMakeTmp/CheckIncludeFile.c
Linking C executable cmTC_35f87
/usr/local/bin/cmake -E cmake_link_script CMakeFiles/cmTC_35f87.dir/link.txt --verbose=1
/usr/bin/cc   -D_GNU_SOURCE=1 CMakeFiles/cmTC_35f87.dir/CheckIncludeFile.c.o -o cmTC_35f87 
gmake[1]: Leaving directory '/home/lucas/code/my-projects/ant-colony-sim/build/CMakeFiles/CMakeTmp'



Determining if the include file inttypes.h exists passed with the following output:
Change Dir: /home/lucas/code/my-projects/ant-colony-sim/build/CMakeFiles/CMakeTmp

Run Build Command(s):/usr/bin/gmake -f Makefile cmTC_d13a1/fast && /usr/bin/gmake  -f CMakeFiles/cmTC_d13a1.dir/build.make CMakeFiles/cmTC_d13a1.dir/build
gmake[1]: Entering directory '/home/lucas/code/my-projects/ant-colony-sim/build/CMakeFiles/CMakeTmp'
Building C object CMakeFiles/cmTC_d13a1.dir/CheckIncludeFile.c.o
/usr/bin/cc   -D_GNU_SOURCE=1 -o CMakeFiles/cmTC_d13a1.dir/CheckIncludeFile.c.o -c /home/lucas/code/my-projects/ant-colony-sim/build/CMakeFiles/CMakeTmp/CheckIncludeFile.c
Linking C executable cmTC_d13a1
/usr/local/bin/cmake -E cmake_link_script CMakeFiles/cmTC_d13a1.dir/link.txt --verbose=1
/usr/bin/cc   -D_GNU_SOURCE=1 CMakeFiles/cmTC_d13a1.dir/CheckIncludeFile.c.o -o cmTC_d13a1 
gmake[1]: Leaving directory '/home/lucas/code/my-projects/ant-colony-sim/build/CMakeFiles/CMakeTmp'



Determining if the include file limits.h exists passed with the following output:
Change Dir: /home/lucas/code/my-projects/ant-colony-sim/build/CMakeFiles/CMakeTmp

Run Build Command(s):/usr/bin/gmake -f Makefile cmTC_69e37/fast && /usr/bin/gmake  -f CMakeFiles/cmTC_69e37.dir/build.make CMakeFiles/cmTC_69e37.dir/build
gmake[1]: Entering directory '/home/lucas/code/my-projects/ant-colony-sim/build/CMakeFiles/CMakeTmp'
Building C object CMakeFiles/cmTC_69e37.dir/CheckIncludeFile.c.o
/usr/bin/cc   -D_GNU_SOURCE=1 -o CMakeFiles/cmTC_69e37.dir/CheckIncludeFile.c.o -c /home/lucas/code/my-projects/ant-colony-sim/build/CMakeFiles/CMakeTmp/CheckIncludeFile.c
Linking C executable cmTC_69e37
/usr/local/bin/cmake -E cmake_link_script CMakeFiles/cmTC_69e37.dir/link.txt --verbose=1
/usr/bin/cc   -D_GNU_SOURCE=1 CMakeFiles/cmTC_69e37.dir/CheckIncludeFile.c.o -o cmTC_69e37 
gmake[1]: Leaving directory '/home/lucas/code/my-projects/ant-colony-sim/build/CMakeFiles/CMakeTmp'



Determining if the include file malloc.h exists passed with the following output:
Change Dir: /home/lucas/code/my-projects/ant-colony-sim/build/CMakeFiles/CMakeTmp

Run Build Command(s):/usr/bin/gmake -f Makefile cmTC_ea4ed/fast && /usr/bin/gmake  -f CMakeFiles/cmTC_ea4ed.dir/build.make CMakeFiles/cmTC_ea4ed.dir/build
gmake[1]: Entering directory '/home/lucas/code/my-projects/ant-colony-sim/build/CMakeFiles/CMakeTmp'
Building C object CMakeFiles/cmTC_ea4ed.dir/CheckIncludeFile.c.o
/usr/bin/cc   -D_GNU_SOURCE=1 -o CMakeFiles/cmTC_ea4ed.dir/CheckIncludeFile.c.o -c /home/lucas/code/my-projects/ant-colony-sim/build/CMakeFiles/CMakeTmp/CheckIncludeFile.c
Linking C executable cmTC_ea4ed
/usr/local/bin/cmake -E cmake_link_script CMakeFiles/cmTC_ea4ed.dir/link.txt --verbose=1
/usr/bin/cc   -D_GNU_SOURCE=1 CMakeFiles/cmTC_ea4ed.dir/CheckIncludeFile.c.o -o cmTC_ea4ed 
gmake[1]: Leaving directory '/home/lucas/code/my-projects/ant-colony-sim/build/CMakeFiles/CMakeTmp'



Determining if the include file math.h exists passed with the following output:
Change Dir: /home/lucas/code/my-projects/ant-colony-sim/build/CMakeFiles/CMakeTmp

Run Build Command(s):/usr/bin/gmake -f Makefile cmTC_a39b0/fast && /usr/bin/gmake  -f CMakeFiles/cmTC_a39b0.dir/build.make CMakeFiles/cmTC_a39b0.dir/build
gmake[1]: Entering directory '/home/lucas/code/my-projects/ant-colony-sim/build/CMakeFiles/CMakeTmp'
Building C object CMakeFiles/cmTC_a39b0.dir/CheckIncludeFile.c.o
/usr/bin/cc   -D_GNU_SOURCE=1 -o CMakeFiles/cmTC_a39b0.dir/CheckIncludeFile.c.o -c /home/lucas/code/my-projects/ant-colony-sim/build/CMakeFiles/CMakeTmp/CheckIncludeFile.c
Linking C executable cmTC_a39b0
/usr/local/bin/cmake -E cmake_link_script CMakeFiles/cmTC_a39b0.dir/link.txt --verbose=1
/usr/bin/cc   -D_GNU_SOURCE=1 CMakeFiles/cmTC_a39b0.dir/CheckIncludeFile.c.o -o cmTC_a39b0 
gmake[1]: Leaving directory '/home/lucas/code/my-projects/ant-colony-sim/build/CMakeFiles/CMakeTmp'



Determining if the include file memory.h exists passed with the following output:
Change Dir: /home/lucas/code/my-projects/ant-colony-sim/build/CMakeFiles/CMakeTmp

Run Build Command(s):/usr/bin/gmake -f Makefile cmTC_9b275/fast && /usr/bin/gmake  -f CMakeFiles/cmTC_9b275.dir/build.make CMakeFiles/cmTC_9b275.dir/build
gmake[1]: Entering directory '/home/lucas/code/my-projects/ant-colony-sim/build/CMakeFiles/CMakeTmp'
Building C object CMakeFiles/cmTC_9b275.dir/CheckIncludeFile.c.o
/usr/bin/cc   -D_GNU_SOURCE=1 -o CMakeFiles/cmTC_9b275.dir/CheckIncludeFile.c.o -c /home/lucas/code/my-projects/ant-colony-sim/build/CMakeFiles/CMakeTmp/CheckIncludeFile.c
Linking C executable cmTC_9b275
/usr/local/bin/cmake -E cmake_link_script CMakeFiles/cmTC_9b275.dir/link.txt --verbose=1
/usr/bin/cc   -D_GNU_SOURCE=1 CMakeFiles/cmTC_9b275.dir/CheckIncludeFile.c.o -o cmTC_9b275 
gmake[1]: Leaving directory '/home/lucas/code/my-projects/ant-colony-sim/build/CMakeFiles/CMakeTmp'



Determining if the include file signal.h exists passed with the following output:
Change Dir: /home/lucas/code/my-projects/ant-colony-sim/build/CMakeFiles/CMakeTmp

Run Build Command(s):/usr/bin/gmake -f Makefile cmTC_a608f/fast && /usr/bin/gmake  -f CMakeFiles/cmTC_a608f.dir/build.make CMakeFiles/cmTC_a608f.dir/build
gmake[1]: Entering directory '/home/lucas/code/my-projects/ant-colony-sim/build/CMakeFiles/CMakeTmp'
Building C object CMakeFiles/cmTC_a608f.dir/CheckIncludeFile.c.o
/usr/bin/cc   -D_GNU_SOURCE=1 -o CMakeFiles/cmTC_a608f.dir/CheckIncludeFile.c.o -c /home/lucas/code/my-projects/ant-colony-sim/build/CMakeFiles/CMakeTmp/CheckIncludeFile.c
Linking C executable cmTC_a608f
/usr/local/bin/cmake -E cmake_link_script CMakeFiles/cmTC_a608f.dir/link.txt --verbose=1
/usr/bin/cc   -D_GNU_SOURCE=1 CMakeFiles/cmTC_a608f.dir/CheckIncludeFile.c.o -o cmTC_a608f 
gmake[1]: Leaving directory '/home/lucas/code/my-projects/ant-colony-sim/build/CMakeFiles/CMakeTmp'



Determining if the include file stdarg.h exists passed with the following output:
Change Dir: /home/lucas/code/my-projects/ant-colony-sim/build/CMakeFiles/CMakeTmp

Run Build Command(s):/usr/bin/gmake -f Makefile cmTC_eac2e/fast && /usr/bin/gmake  -f CMakeFiles/cmTC_eac2e.dir/build.make CMakeFiles/cmTC_eac2e.dir/build
gmake[1]: Entering directory '/home/lucas/code/my-projects/ant-colony-sim/build/CMakeFiles/CMakeTmp'
Building C object CMakeFiles/cmTC_eac2e.dir/CheckIncludeFile.c.o
/usr/bin/cc   -D_GNU_SOURCE=1 -o CMakeFiles/cmTC_eac2e.dir/CheckIncludeFile.c.o -c /home/lucas/code/my-projects/ant-colony-sim/build/CMakeFiles/CMakeTmp/CheckIncludeFile.c
Linking C executable cmTC_eac2e
/usr/local/bin/cmake -E cmake_link_script CMakeFiles/cmTC_eac2e.dir/link.txt --verbose=1
/usr/bin/cc   -D_GNU_SOURCE=1 CMakeFiles/cmTC_eac2e.dir/CheckIncludeFile.c.o -o cmTC_eac2e 
gmake[1]: Leaving directory '/home/lucas/code/my-projects/ant-colony-sim/build/CMakeFiles/CMakeTmp'



Determining if the include file stdbool.h exists passed with the following output:
Change Dir: /home/lucas/code/my-projects/ant-colony-sim/build/CMakeFiles/CMakeTmp

Run Build Command(s):/usr/bin/gmake -f Makefile cmTC_d9be5/fast && /usr/bin/gmake  -f CMakeFiles/cmTC_d9be5.dir/build.make CMakeFiles/cmTC_d9be5.dir/build
gmake[1]: Entering directory '/home/lucas/code/my-projects/ant-colony-sim/build/CMakeFiles/CMakeTmp'
Building C object CMakeFiles/cmTC_d9be5.dir/CheckIncludeFile.c.o
/usr/bin/cc   -D_GNU_SOURCE=1 -o CMakeFiles/cmTC_d9be5.dir/CheckIncludeFile.c.o -c /home/lucas/code/my-projects/ant-colony-sim/build/CMakeFiles/CMakeTmp/CheckIncludeFile.c
Linking C executable cmTC_d9be5
/usr/local/bin/cmake -E cmake_link_script CMakeFiles/cmTC_d9be5.dir/link.txt --verbose=1
/usr/bin/cc   -D_GNU_SOURCE=1 CMakeFiles/cmTC_d9be5.dir/CheckIncludeFile.c.o -o cmTC_d9be5 
gmake[1]: Leaving directory '/home/lucas/code/my-projects/ant-colony-sim/build/CMakeFiles/CMakeTmp'



Determining if the include file stddef.h exists passed with the following output:
Change Dir: /home/lucas/code/my-projects/ant-colony-sim/build/CMakeFiles/CMakeTmp

Run Build Command(s):/usr/bin/gmake -f Makefile cmTC_7423a/fast && /usr/bin/gmake  -f CMakeFiles/cmTC_7423a.dir/build.make CMakeFiles/cmTC_7423a.dir/build
gmake[1]: Entering directory '/home/lucas/code/my-projects/ant-colony-sim/build/CMakeFiles/CMakeTmp'
Building C object CMakeFiles/cmTC_7423a.dir/CheckIncludeFile.c.o
/usr/bin/cc   -D_GNU_SOURCE=1 -o CMakeFiles/cmTC_7423a.dir/CheckIncludeFile.c.o -c /home/lucas/code/my-projects/ant-colony-sim/build/CMakeFiles/CMakeTmp/CheckIncludeFile.c
Linking C executable cmTC_7423a
/usr/local/bin/cmake -E cmake_link_script CMakeFiles/cmTC_7423a.dir/link.txt --verbose=1
/usr/bin/cc   -D_GNU_SOURCE=1 CMakeFiles/cmTC_7423a.dir/CheckIncludeFile.c.o -o cmTC_7423a 
gmake[1]: Leaving directory '/home/lucas/code/my-projects/ant-colony-sim/build/CMakeFiles/CMakeTmp'



Determining if the include file stdint.h exists passed with the following output:
Change Dir: /home/lucas/code/my-projects/ant-colony-sim/build/CMakeFiles/CMakeTmp

Run Build Command(s):/usr/bin/gmake -f Makefile cmTC_a1030/fast && /usr/bin/gmake  -f CMakeFiles/cmTC_a1030.dir/build.make CMakeFiles/cmTC_a1030.dir/build
gmake[1]: Entering directory '/home/lucas/code/my-projects/ant-colony-sim/build/CMakeFiles/CMakeTmp'
Building C object CMakeFiles/cmTC_a1030.dir/CheckIncludeFile.c.o
/usr/bin/cc   -D_GNU_SOURCE=1 -o CMakeFiles/cmTC_a1030.dir/CheckIncludeFile.c.o -c /home/lucas/code/my-projects/ant-colony-sim/build/CMakeFiles/CMakeTmp/CheckIncludeFile.c
Linking C executable cmTC_a1030
/usr/local/bin/cmake -E cmake_link_script CMakeFiles/cmTC_a1030.dir/link.txt --verbose=1
/usr/bin/cc   -D_GNU_SOURCE=1 CMakeFiles/cmTC_a1030.dir/CheckIncludeFile.c.o -o cmTC_a1030 
gmake[1]: Leaving directory '/home/lucas/code/my-projects/ant-colony-sim/build/CMakeFiles/CMakeTmp'



Determining if the include file stdio.h exists passed with the following output:
Change Dir: /home/lucas/code/my-projects/ant-colony-sim/build/CMakeFiles/CMakeTmp

Run Build Command(s):/usr/bin/gmake -f Makefile cmTC_230d3/fast && /usr/bin/gmake  -f CMakeFiles/cmTC_230d3.dir/build.make CMakeFiles/cmTC_230d3.dir/build
gmake[1]: Entering directory '/home/lucas/code/my-projects/ant-colony-sim/build/CMakeFiles/CMakeTmp'
Building C object CMakeFiles/cmTC_230d3.dir/CheckIncludeFile.c.o
/usr/bin/cc   -D_GNU_SOURCE=1 -o CMakeFiles/cmTC_230d3.dir/CheckIncludeFile.c.o -c /home/lucas/code/my-projects/ant-colony-sim/build/CMakeFiles/CMakeTmp/CheckIncludeFile.c
Linking C executable cmTC_230d3
/usr/local/bin/cmake -E cmake_link_script CMakeFiles/cmTC_230d3.dir/link.txt --verbose=1
/usr/bin/cc   -D_GNU_SOURCE=1 CMakeFiles/cmTC_230d3.dir/CheckIncludeFile.c.o -o cmTC_230d3 
gmake[1]: Leaving directory '/home/lucas/code/my-projects/ant-colony-sim/build/CMakeFiles/CMakeTmp'



Determining if the include file stdlib.h exists passed with the following output:
Change Dir: /home/lucas/code/my-projects/ant-colony-sim/build/CMakeFiles/CMakeTmp

Run Build Command(s):/usr/bin/gmake -f Makefile cmTC_b0632/fast && /usr/bin/gmake  -f CMakeFiles/cmTC_b0632.dir/build.make CMakeFiles/cmTC_b0632.dir/build
gmake[1]: Entering directory '/home/lucas/code/my-projects/ant-colony-sim/build/CMakeFiles/CMakeTmp'
Building C object CMakeFiles/cmTC_b0632.dir/CheckIncludeFile.c.o
/usr/bin/cc   -D_GNU_SOURCE=1 -o CMakeFiles/cmTC_b0632.dir/CheckIncludeFile.c.o -c /home/lucas/code/my-projects/ant-colony-sim/build/CMakeFiles/CMakeTmp/CheckIncludeFile.c
Linking C executable cmTC_b0632
/usr/local/bin/cmake -E cmake_link_script CMakeFiles/cmTC_b0632.dir/link.txt --verbose=1
/usr/bin/cc   -D_GNU_SOURCE=1 CMakeFiles/cmTC_b0632.dir/CheckIncludeFile.c.o -o cmTC_b0632 
gmake[1]: Leaving directory '/home/lucas/code/my-projects/ant-colony-sim/build/CMakeFiles/CMakeTmp'



Determining if the include file string.h exists passed with the following output:
Change Dir: /home/lucas/code/my-projects/ant-colony-sim/build/CMakeFiles/CMakeTmp

Run Build Command(s):/usr/bin/gmake -f Makefile cmTC_3fb38/fast && /usr/bin/gmake  -f CMakeFiles/cmTC_3fb38.dir/build.make CMakeFiles/cmTC_3fb38.dir/build
gmake[1]: Entering directory '/home/lucas/code/my-projects/ant-colony-sim/build/CMakeFiles/CMakeTmp'
Building C object CMakeFiles/cmTC_3fb38.dir/CheckIncludeFile.c.o
/usr/bin/cc   -D_GNU_SOURCE=1 -o CMakeFiles/cmTC_3fb38.dir/CheckIncludeFile.c.o -c /home/lucas/code/my-projects/ant-colony-sim/build/CMakeFiles/CMakeTmp/CheckIncludeFile.c
Linking C executable cmTC_3fb38
/usr/local/bin/cmake -E cmake_link_script CMakeFiles/cmTC_3fb38.dir/link.txt --verbose=1
/usr/bin/cc   -D_GNU_SOURCE=1 CMakeFiles/cmTC_3fb38.dir/CheckIncludeFile.c.o -o cmTC_3fb38 
gmake[1]: Leaving directory '/home/lucas/code/my-projects/ant-colony-sim/build/CMakeFiles/CMakeTmp'



Determining if the include file strings.h exists passed with the following output:
Change Dir: /home/lucas/code/my-projects/ant-colony-sim/build/CMakeFiles/CMakeTmp

Run Build Command(s):/usr/bin/gmake -f Makefile cmTC_7a980/fast && /usr/bin/gmake  -f CMakeFiles/cmTC_7a980.dir/build.make CMakeFiles/cmTC_7a980.dir/build
gmake[1]: Entering directory '/home/lucas/code/my-projects/ant-colony-sim/build/CMakeFiles/CMakeTmp'
Building C object CMakeFiles/cmTC_7a980.dir/CheckIncludeFile.c.o
/usr/bin/cc   -D_GNU_SOURCE=1 -o CMakeFiles/cmTC_7a980.dir/CheckIncludeFile.c.o -c /home/lucas/code/my-projects/ant-colony-sim/build/CMakeFiles/CMakeTmp/CheckIncludeFile.c
Linking C executable cmTC_7a980
/usr/local/bin/cmake -E cmake_link_script CMakeFiles/cmTC_7a980.dir/link.txt --verbose=1
/usr/bin/cc   -D_GNU_SOURCE=1 CMakeFiles/cmTC_7a980.dir/CheckIncludeFile.c.o -o cmTC_7a980 
gmake[1]: Leaving directory '/home/lucas/code/my-projects/ant-colony-sim/build/CMakeFiles/CMakeTmp'



Determining if the include file sys/types.h exists passed with the following output:
Change Dir: /home/lucas/code/my-projects/ant-colony-sim/build/CMakeFiles/CMakeTmp

Run Build Command(s):/usr/bin/gmake -f Makefile cmTC_f1449/fast && /usr/bin/gmake  -f CMakeFiles/cmTC_f1449.dir/build.make CMakeFiles/cmTC_f1449.dir/build
gmake[1]: Entering directory '/home/lucas/code/my-projects/ant-colony-sim/build/CMakeFiles/CMakeTmp'
Building C object CMakeFiles/cmTC_f1449.dir/CheckIncludeFile.c.o
/usr/bin/cc   -D_GNU_SOURCE=1 -o CMakeFiles/cmTC_f1449.dir/CheckIncludeFile.c.o -c /home/lucas/code/my-projects/ant-colony-sim/build/CMakeFiles/CMakeTmp/CheckIncludeFile.c
Linking C executable cmTC_f1449
/usr/local/bin/cmake -E cmake_link_script CMakeFiles/cmTC_f1449.dir/link.txt --verbose=1
/usr/bin/cc   -D_GNU_SOURCE=1 CMakeFiles/cmTC_f1449.dir/CheckIncludeFile.c.o -o cmTC_f1449 
gmake[1]: Leaving directory '/home/lucas/code/my-projects/ant-colony-sim/build/CMakeFiles/CMakeTmp'



Determining if the include file time.h exists passed with the following output:
Change Dir: /home/lucas/code/my-projects/ant-colony-sim/build/CMakeFiles/CMakeTmp

Run Build Command(s):/usr/bin/gmake -f Makefile cmTC_f8495/fast && /usr/bin/gmake  -f CMakeFiles/cmTC_f8495.dir/build.make CMakeFiles/cmTC_f8495.dir/build
gmake[1]: Entering directory '/home/lucas/code/my-projects/ant-colony-sim/build/CMakeFiles/CMakeTmp'
Building C object CMakeFiles/cmTC_f8495.dir/CheckIncludeFile.c.o
/usr/bin/cc   -D_GNU_SOURCE=1 -o CMakeFiles/cmTC_f8495.dir/CheckIncludeFile.c.o -c /home/lucas/code/my-projects/ant-colony-sim/build/CMakeFiles/CMakeTmp/CheckIncludeFile.c
Linking C executable cmTC_f8495
/usr/local/bin/cmake -E cmake_link_script CMakeFiles/cmTC_f8495.dir/link.txt --verbose=1
/usr/bin/cc   -D_GNU_SOURCE=1 CMakeFiles/cmTC_f8495.dir/CheckIncludeFile.c.o -o cmTC_f8495 
gmake[1]: Leaving directory '/home/lucas/code/my-projects/ant-colony-sim/build/CMakeFiles/CMakeTmp'



Determining if the include file wchar.h exists passed with the following output:
Change Dir: /home/lucas/code/my-projects/ant-colony-sim/build/CMakeFiles/CMakeTmp

Run Build Command(s):/usr/bin/gmake -f Makefile cmTC_71f20/fast && /usr/bin/gmake  -f CMakeFiles/cmTC_71f20.dir/build.make CMakeFiles/cmTC_71f20.dir/build
gmake[1]: Entering directory '/home/lucas/code/my-projects/ant-colony-sim/build/CMakeFiles/CMakeTmp'
Building C object CMakeFiles/cmTC_71f20.dir/CheckIncludeFile.c.o
/usr/bin/cc   -D_GNU_SOURCE=1 -o CMakeFiles/cmTC_71f20.dir/CheckIncludeFile.c.o -c /home/lucas/code/my-projects/ant-colony-sim/build/CMakeFiles/CMakeTmp/CheckIncludeFile.c
Linking C executable cmTC_71f20
/usr/local/bin/cmake -E cmake_link_script CMakeFiles/cmTC_71f20.dir/link.txt --verbose=1
/usr/bin/cc   -D_GNU_SOURCE=1 CMakeFiles/cmTC_71f20.dir/CheckIncludeFile.c.o -o cmTC_71f20 
gmake[1]: Leaving directory '/home/lucas/code/my-projects/ant-colony-sim/build/CMakeFiles/CMakeTmp'



Determining if the function pow exists in the m passed with the following output:
Change Dir: /home/lucas/code/my-projects/ant-colony-sim/build/CMakeFiles/CMakeTmp

Run Build Command(s):/usr/bin/gmake -f Makefile cmTC_fff5a/fast && /usr/bin/gmake  -f CMakeFiles/cmTC_fff5a.dir/build.make CMakeFiles/cmTC_fff5a.dir/build
gmake[1]: Entering directory '/home/lucas/code/my-projects/ant-colony-sim/build/CMakeFiles/CMakeTmp'
Building C object CMakeFiles/cmTC_fff5a.dir/CheckFunctionExists.c.o
/usr/bin/cc   -DCHECK_FUNCTION_EXISTS=pow  -D_GNU_SOURCE=1 -o CMakeFiles/cmTC_fff5a.dir/CheckFunctionExists.c.o -c /usr/local/share/cmake-3.22/Modules/CheckFunctionExists.c
<command-line>: warning: conflicting types for built-in function ‘pow’; expected ‘double(double,  double)’ [-Wbuiltin-declaration-mismatch]
/usr/local/share/cmake-3.22/Modules/CheckFunctionExists.c:7:3: note: in expansion of macro ‘CHECK_FUNCTION_EXISTS’
    7 |   CHECK_FUNCTION_EXISTS(void);
      |   ^~~~~~~~~~~~~~~~~~~~~
/usr/local/share/cmake-3.22/Modules/CheckFunctionExists.c:1:1: note: ‘pow’ is declared in header ‘<math.h>’
  +++ |+#include <math.h>
    1 | #ifdef CHECK_FUNCTION_EXISTS
Linking C executable cmTC_fff5a
/usr/local/bin/cmake -E cmake_link_script CMakeFiles/cmTC_fff5a.dir/link.txt --verbose=1
/usr/bin/cc  -DCHECK_FUNCTION_EXISTS=pow  -D_GNU_SOURCE=1 CMakeFiles/cmTC_fff5a.dir/CheckFunctionExists.c.o -o cmTC_fff5a  -lm 
gmake[1]: Leaving directory '/home/lucas/code/my-projects/ant-colony-sim/build/CMakeFiles/CMakeTmp'



Determining if the abs exist passed with the following output:
Change Dir: /home/lucas/code/my-projects/ant-colony-sim/build/CMakeFiles/CMakeTmp

Run Build Command(s):/usr/bin/gmake -f Makefile cmTC_7b0fe/fast && /usr/bin/gmake  -f CMakeFiles/cmTC_7b0fe.dir/build.make CMakeFiles/cmTC_7b0fe.dir/build
gmake[1]: Entering directory '/home/lucas/code/my-projects/ant-colony-sim/build/CMakeFiles/CMakeTmp'
Building C object CMakeFiles/cmTC_7b0fe.dir/CheckSymbolExists.c.o
/usr/bin/cc   -D_GNU_SOURCE=1 -o CMakeFiles/cmTC_7b0fe.dir/CheckSymbolExists.c.o -c /home/lucas/code/my-projects/ant-colony-sim/build/CMakeFiles/CMakeTmp/CheckSymbolExists.c
Linking C executable cmTC_7b0fe
/usr/local/bin/cmake -E cmake_link_script CMakeFiles/cmTC_7b0fe.dir/link.txt --verbose=1
/usr/bin/cc   -D_GNU_SOURCE=1 CMakeFiles/cmTC_7b0fe.dir/CheckSymbolExists.c.o -o cmTC_7b0fe  -lm 
gmake[1]: Leaving directory '/home/lucas/code/my-projects/ant-colony-sim/build/CMakeFiles/CMakeTmp'


File /home/lucas/code/my-projects/ant-colony-sim/build/CMakeFiles/CMakeTmp/CheckSymbolExists.c:
/* */
#include <float.h>
#include <iconv.h>
#include <inttypes.h>
#include <limits.h>
#include <malloc.h>
#include <math.h>
#include <memory.h>
#include <signal.h>
#include <stdarg.h>
#include <stdbool.h>
#include <stddef.h>
#include <stdint.h>
#include <stdio.h>
#include <stdlib.h>
#include <string.h>
#include <strings.h>
#include <sys/types.h>
#include <time.h>
#include <wchar.h>

int main(int argc, char** argv)
{
  (void)argv;
#ifndef abs
  return ((int*)(&abs))[argc];
#else
  (void)argc;
  return 0;
#endif
}
Determining if the acos exist passed with the following output:
Change Dir: /home/lucas/code/my-projects/ant-colony-sim/build/CMakeFiles/CMakeTmp

Run Build Command(s):/usr/bin/gmake -f Makefile cmTC_7fb76/fast && /usr/bin/gmake  -f CMakeFiles/cmTC_7fb76.dir/build.make CMakeFiles/cmTC_7fb76.dir/build
gmake[1]: Entering directory '/home/lucas/code/my-projects/ant-colony-sim/build/CMakeFiles/CMakeTmp'
Building C object CMakeFiles/cmTC_7fb76.dir/CheckSymbolExists.c.o
/usr/bin/cc   -D_GNU_SOURCE=1 -o CMakeFiles/cmTC_7fb76.dir/CheckSymbolExists.c.o -c /home/lucas/code/my-projects/ant-colony-sim/build/CMakeFiles/CMakeTmp/CheckSymbolExists.c
Linking C executable cmTC_7fb76
/usr/local/bin/cmake -E cmake_link_script CMakeFiles/cmTC_7fb76.dir/link.txt --verbose=1
/usr/bin/cc   -D_GNU_SOURCE=1 CMakeFiles/cmTC_7fb76.dir/CheckSymbolExists.c.o -o cmTC_7fb76  -lm 
gmake[1]: Leaving directory '/home/lucas/code/my-projects/ant-colony-sim/build/CMakeFiles/CMakeTmp'


File /home/lucas/code/my-projects/ant-colony-sim/build/CMakeFiles/CMakeTmp/CheckSymbolExists.c:
/* */
#include <float.h>
#include <iconv.h>
#include <inttypes.h>
#include <limits.h>
#include <malloc.h>
#include <math.h>
#include <memory.h>
#include <signal.h>
#include <stdarg.h>
#include <stdbool.h>
#include <stddef.h>
#include <stdint.h>
#include <stdio.h>
#include <stdlib.h>
#include <string.h>
#include <strings.h>
#include <sys/types.h>
#include <time.h>
#include <wchar.h>

int main(int argc, char** argv)
{
  (void)argv;
#ifndef acos
  return ((int*)(&acos))[argc];
#else
  (void)argc;
  return 0;
#endif
}
Determining if the acosf exist passed with the following output:
Change Dir: /home/lucas/code/my-projects/ant-colony-sim/build/CMakeFiles/CMakeTmp

Run Build Command(s):/usr/bin/gmake -f Makefile cmTC_f2285/fast && /usr/bin/gmake  -f CMakeFiles/cmTC_f2285.dir/build.make CMakeFiles/cmTC_f2285.dir/build
gmake[1]: Entering directory '/home/lucas/code/my-projects/ant-colony-sim/build/CMakeFiles/CMakeTmp'
Building C object CMakeFiles/cmTC_f2285.dir/CheckSymbolExists.c.o
/usr/bin/cc   -D_GNU_SOURCE=1 -o CMakeFiles/cmTC_f2285.dir/CheckSymbolExists.c.o -c /home/lucas/code/my-projects/ant-colony-sim/build/CMakeFiles/CMakeTmp/CheckSymbolExists.c
Linking C executable cmTC_f2285
/usr/local/bin/cmake -E cmake_link_script CMakeFiles/cmTC_f2285.dir/link.txt --verbose=1
/usr/bin/cc   -D_GNU_SOURCE=1 CMakeFiles/cmTC_f2285.dir/CheckSymbolExists.c.o -o cmTC_f2285  -lm 
gmake[1]: Leaving directory '/home/lucas/code/my-projects/ant-colony-sim/build/CMakeFiles/CMakeTmp'


File /home/lucas/code/my-projects/ant-colony-sim/build/CMakeFiles/CMakeTmp/CheckSymbolExists.c:
/* */
#include <float.h>
#include <iconv.h>
#include <inttypes.h>
#include <limits.h>
#include <malloc.h>
#include <math.h>
#include <memory.h>
#include <signal.h>
#include <stdarg.h>
#include <stdbool.h>
#include <stddef.h>
#include <stdint.h>
#include <stdio.h>
#include <stdlib.h>
#include <string.h>
#include <strings.h>
#include <sys/types.h>
#include <time.h>
#include <wchar.h>

int main(int argc, char** argv)
{
  (void)argv;
#ifndef acosf
  return ((int*)(&acosf))[argc];
#else
  (void)argc;
  return 0;
#endif
}
Determining if the asin exist passed with the following output:
Change Dir: /home/lucas/code/my-projects/ant-colony-sim/build/CMakeFiles/CMakeTmp

Run Build Command(s):/usr/bin/gmake -f Makefile cmTC_ad3a6/fast && /usr/bin/gmake  -f CMakeFiles/cmTC_ad3a6.dir/build.make CMakeFiles/cmTC_ad3a6.dir/build
gmake[1]: Entering directory '/home/lucas/code/my-projects/ant-colony-sim/build/CMakeFiles/CMakeTmp'
Building C object CMakeFiles/cmTC_ad3a6.dir/CheckSymbolExists.c.o
/usr/bin/cc   -D_GNU_SOURCE=1 -o CMakeFiles/cmTC_ad3a6.dir/CheckSymbolExists.c.o -c /home/lucas/code/my-projects/ant-colony-sim/build/CMakeFiles/CMakeTmp/CheckSymbolExists.c
Linking C executable cmTC_ad3a6
/usr/local/bin/cmake -E cmake_link_script CMakeFiles/cmTC_ad3a6.dir/link.txt --verbose=1
/usr/bin/cc   -D_GNU_SOURCE=1 CMakeFiles/cmTC_ad3a6.dir/CheckSymbolExists.c.o -o cmTC_ad3a6  -lm 
gmake[1]: Leaving directory '/home/lucas/code/my-projects/ant-colony-sim/build/CMakeFiles/CMakeTmp'


File /home/lucas/code/my-projects/ant-colony-sim/build/CMakeFiles/CMakeTmp/CheckSymbolExists.c:
/* */
#include <float.h>
#include <iconv.h>
#include <inttypes.h>
#include <limits.h>
#include <malloc.h>
#include <math.h>
#include <memory.h>
#include <signal.h>
#include <stdarg.h>
#include <stdbool.h>
#include <stddef.h>
#include <stdint.h>
#include <stdio.h>
#include <stdlib.h>
#include <string.h>
#include <strings.h>
#include <sys/types.h>
#include <time.h>
#include <wchar.h>

int main(int argc, char** argv)
{
  (void)argv;
#ifndef asin
  return ((int*)(&asin))[argc];
#else
  (void)argc;
  return 0;
#endif
}
Determining if the asinf exist passed with the following output:
Change Dir: /home/lucas/code/my-projects/ant-colony-sim/build/CMakeFiles/CMakeTmp

Run Build Command(s):/usr/bin/gmake -f Makefile cmTC_0daf9/fast && /usr/bin/gmake  -f CMakeFiles/cmTC_0daf9.dir/build.make CMakeFiles/cmTC_0daf9.dir/build
gmake[1]: Entering directory '/home/lucas/code/my-projects/ant-colony-sim/build/CMakeFiles/CMakeTmp'
Building C object CMakeFiles/cmTC_0daf9.dir/CheckSymbolExists.c.o
/usr/bin/cc   -D_GNU_SOURCE=1 -o CMakeFiles/cmTC_0daf9.dir/CheckSymbolExists.c.o -c /home/lucas/code/my-projects/ant-colony-sim/build/CMakeFiles/CMakeTmp/CheckSymbolExists.c
Linking C executable cmTC_0daf9
/usr/local/bin/cmake -E cmake_link_script CMakeFiles/cmTC_0daf9.dir/link.txt --verbose=1
/usr/bin/cc   -D_GNU_SOURCE=1 CMakeFiles/cmTC_0daf9.dir/CheckSymbolExists.c.o -o cmTC_0daf9  -lm 
gmake[1]: Leaving directory '/home/lucas/code/my-projects/ant-colony-sim/build/CMakeFiles/CMakeTmp'


File /home/lucas/code/my-projects/ant-colony-sim/build/CMakeFiles/CMakeTmp/CheckSymbolExists.c:
/* */
#include <float.h>
#include <iconv.h>
#include <inttypes.h>
#include <limits.h>
#include <malloc.h>
#include <math.h>
#include <memory.h>
#include <signal.h>
#include <stdarg.h>
#include <stdbool.h>
#include <stddef.h>
#include <stdint.h>
#include <stdio.h>
#include <stdlib.h>
#include <string.h>
#include <strings.h>
#include <sys/types.h>
#include <time.h>
#include <wchar.h>

int main(int argc, char** argv)
{
  (void)argv;
#ifndef asinf
  return ((int*)(&asinf))[argc];
#else
  (void)argc;
  return 0;
#endif
}
Determining if the atan exist passed with the following output:
Change Dir: /home/lucas/code/my-projects/ant-colony-sim/build/CMakeFiles/CMakeTmp

Run Build Command(s):/usr/bin/gmake -f Makefile cmTC_94c4a/fast && /usr/bin/gmake  -f CMakeFiles/cmTC_94c4a.dir/build.make CMakeFiles/cmTC_94c4a.dir/build
gmake[1]: Entering directory '/home/lucas/code/my-projects/ant-colony-sim/build/CMakeFiles/CMakeTmp'
Building C object CMakeFiles/cmTC_94c4a.dir/CheckSymbolExists.c.o
/usr/bin/cc   -D_GNU_SOURCE=1 -o CMakeFiles/cmTC_94c4a.dir/CheckSymbolExists.c.o -c /home/lucas/code/my-projects/ant-colony-sim/build/CMakeFiles/CMakeTmp/CheckSymbolExists.c
Linking C executable cmTC_94c4a
/usr/local/bin/cmake -E cmake_link_script CMakeFiles/cmTC_94c4a.dir/link.txt --verbose=1
/usr/bin/cc   -D_GNU_SOURCE=1 CMakeFiles/cmTC_94c4a.dir/CheckSymbolExists.c.o -o cmTC_94c4a  -lm 
gmake[1]: Leaving directory '/home/lucas/code/my-projects/ant-colony-sim/build/CMakeFiles/CMakeTmp'


File /home/lucas/code/my-projects/ant-colony-sim/build/CMakeFiles/CMakeTmp/CheckSymbolExists.c:
/* */
#include <float.h>
#include <iconv.h>
#include <inttypes.h>
#include <limits.h>
#include <malloc.h>
#include <math.h>
#include <memory.h>
#include <signal.h>
#include <stdarg.h>
#include <stdbool.h>
#include <stddef.h>
#include <stdint.h>
#include <stdio.h>
#include <stdlib.h>
#include <string.h>
#include <strings.h>
#include <sys/types.h>
#include <time.h>
#include <wchar.h>

int main(int argc, char** argv)
{
  (void)argv;
#ifndef atan
  return ((int*)(&atan))[argc];
#else
  (void)argc;
  return 0;
#endif
}
Determining if the atan2 exist passed with the following output:
Change Dir: /home/lucas/code/my-projects/ant-colony-sim/build/CMakeFiles/CMakeTmp

Run Build Command(s):/usr/bin/gmake -f Makefile cmTC_55260/fast && /usr/bin/gmake  -f CMakeFiles/cmTC_55260.dir/build.make CMakeFiles/cmTC_55260.dir/build
gmake[1]: Entering directory '/home/lucas/code/my-projects/ant-colony-sim/build/CMakeFiles/CMakeTmp'
Building C object CMakeFiles/cmTC_55260.dir/CheckSymbolExists.c.o
/usr/bin/cc   -D_GNU_SOURCE=1 -o CMakeFiles/cmTC_55260.dir/CheckSymbolExists.c.o -c /home/lucas/code/my-projects/ant-colony-sim/build/CMakeFiles/CMakeTmp/CheckSymbolExists.c
Linking C executable cmTC_55260
/usr/local/bin/cmake -E cmake_link_script CMakeFiles/cmTC_55260.dir/link.txt --verbose=1
/usr/bin/cc   -D_GNU_SOURCE=1 CMakeFiles/cmTC_55260.dir/CheckSymbolExists.c.o -o cmTC_55260  -lm 
gmake[1]: Leaving directory '/home/lucas/code/my-projects/ant-colony-sim/build/CMakeFiles/CMakeTmp'


File /home/lucas/code/my-projects/ant-colony-sim/build/CMakeFiles/CMakeTmp/CheckSymbolExists.c:
/* */
#include <float.h>
#include <iconv.h>
#include <inttypes.h>
#include <limits.h>
#include <malloc.h>
#include <math.h>
#include <memory.h>
#include <signal.h>
#include <stdarg.h>
#include <stdbool.h>
#include <stddef.h>
#include <stdint.h>
#include <stdio.h>
#include <stdlib.h>
#include <string.h>
#include <strings.h>
#include <sys/types.h>
#include <time.h>
#include <wchar.h>

int main(int argc, char** argv)
{
  (void)argv;
#ifndef atan2
  return ((int*)(&atan2))[argc];
#else
  (void)argc;
  return 0;
#endif
}
Determining if the atan2f exist passed with the following output:
Change Dir: /home/lucas/code/my-projects/ant-colony-sim/build/CMakeFiles/CMakeTmp

Run Build Command(s):/usr/bin/gmake -f Makefile cmTC_de125/fast && /usr/bin/gmake  -f CMakeFiles/cmTC_de125.dir/build.make CMakeFiles/cmTC_de125.dir/build
gmake[1]: Entering directory '/home/lucas/code/my-projects/ant-colony-sim/build/CMakeFiles/CMakeTmp'
Building C object CMakeFiles/cmTC_de125.dir/CheckSymbolExists.c.o
/usr/bin/cc   -D_GNU_SOURCE=1 -o CMakeFiles/cmTC_de125.dir/CheckSymbolExists.c.o -c /home/lucas/code/my-projects/ant-colony-sim/build/CMakeFiles/CMakeTmp/CheckSymbolExists.c
Linking C executable cmTC_de125
/usr/local/bin/cmake -E cmake_link_script CMakeFiles/cmTC_de125.dir/link.txt --verbose=1
/usr/bin/cc   -D_GNU_SOURCE=1 CMakeFiles/cmTC_de125.dir/CheckSymbolExists.c.o -o cmTC_de125  -lm 
gmake[1]: Leaving directory '/home/lucas/code/my-projects/ant-colony-sim/build/CMakeFiles/CMakeTmp'


File /home/lucas/code/my-projects/ant-colony-sim/build/CMakeFiles/CMakeTmp/CheckSymbolExists.c:
/* */
#include <float.h>
#include <iconv.h>
#include <inttypes.h>
#include <limits.h>
#include <malloc.h>
#include <math.h>
#include <memory.h>
#include <signal.h>
#include <stdarg.h>
#include <stdbool.h>
#include <stddef.h>
#include <stdint.h>
#include <stdio.h>
#include <stdlib.h>
#include <string.h>
#include <strings.h>
#include <sys/types.h>
#include <time.h>
#include <wchar.h>

int main(int argc, char** argv)
{
  (void)argv;
#ifndef atan2f
  return ((int*)(&atan2f))[argc];
#else
  (void)argc;
  return 0;
#endif
}
Determining if the atanf exist passed with the following output:
Change Dir: /home/lucas/code/my-projects/ant-colony-sim/build/CMakeFiles/CMakeTmp

Run Build Command(s):/usr/bin/gmake -f Makefile cmTC_0b02c/fast && /usr/bin/gmake  -f CMakeFiles/cmTC_0b02c.dir/build.make CMakeFiles/cmTC_0b02c.dir/build
gmake[1]: Entering directory '/home/lucas/code/my-projects/ant-colony-sim/build/CMakeFiles/CMakeTmp'
Building C object CMakeFiles/cmTC_0b02c.dir/CheckSymbolExists.c.o
/usr/bin/cc   -D_GNU_SOURCE=1 -o CMakeFiles/cmTC_0b02c.dir/CheckSymbolExists.c.o -c /home/lucas/code/my-projects/ant-colony-sim/build/CMakeFiles/CMakeTmp/CheckSymbolExists.c
Linking C executable cmTC_0b02c
/usr/local/bin/cmake -E cmake_link_script CMakeFiles/cmTC_0b02c.dir/link.txt --verbose=1
/usr/bin/cc   -D_GNU_SOURCE=1 CMakeFiles/cmTC_0b02c.dir/CheckSymbolExists.c.o -o cmTC_0b02c  -lm 
gmake[1]: Leaving directory '/home/lucas/code/my-projects/ant-colony-sim/build/CMakeFiles/CMakeTmp'


File /home/lucas/code/my-projects/ant-colony-sim/build/CMakeFiles/CMakeTmp/CheckSymbolExists.c:
/* */
#include <float.h>
#include <iconv.h>
#include <inttypes.h>
#include <limits.h>
#include <malloc.h>
#include <math.h>
#include <memory.h>
#include <signal.h>
#include <stdarg.h>
#include <stdbool.h>
#include <stddef.h>
#include <stdint.h>
#include <stdio.h>
#include <stdlib.h>
#include <string.h>
#include <strings.h>
#include <sys/types.h>
#include <time.h>
#include <wchar.h>

int main(int argc, char** argv)
{
  (void)argv;
#ifndef atanf
  return ((int*)(&atanf))[argc];
#else
  (void)argc;
  return 0;
#endif
}
Determining if the atof exist passed with the following output:
Change Dir: /home/lucas/code/my-projects/ant-colony-sim/build/CMakeFiles/CMakeTmp

Run Build Command(s):/usr/bin/gmake -f Makefile cmTC_53f3d/fast && /usr/bin/gmake  -f CMakeFiles/cmTC_53f3d.dir/build.make CMakeFiles/cmTC_53f3d.dir/build
gmake[1]: Entering directory '/home/lucas/code/my-projects/ant-colony-sim/build/CMakeFiles/CMakeTmp'
Building C object CMakeFiles/cmTC_53f3d.dir/CheckSymbolExists.c.o
/usr/bin/cc   -D_GNU_SOURCE=1 -o CMakeFiles/cmTC_53f3d.dir/CheckSymbolExists.c.o -c /home/lucas/code/my-projects/ant-colony-sim/build/CMakeFiles/CMakeTmp/CheckSymbolExists.c
Linking C executable cmTC_53f3d
/usr/local/bin/cmake -E cmake_link_script CMakeFiles/cmTC_53f3d.dir/link.txt --verbose=1
/usr/bin/cc   -D_GNU_SOURCE=1 CMakeFiles/cmTC_53f3d.dir/CheckSymbolExists.c.o -o cmTC_53f3d  -lm 
gmake[1]: Leaving directory '/home/lucas/code/my-projects/ant-colony-sim/build/CMakeFiles/CMakeTmp'


File /home/lucas/code/my-projects/ant-colony-sim/build/CMakeFiles/CMakeTmp/CheckSymbolExists.c:
/* */
#include <float.h>
#include <iconv.h>
#include <inttypes.h>
#include <limits.h>
#include <malloc.h>
#include <math.h>
#include <memory.h>
#include <signal.h>
#include <stdarg.h>
#include <stdbool.h>
#include <stddef.h>
#include <stdint.h>
#include <stdio.h>
#include <stdlib.h>
#include <string.h>
#include <strings.h>
#include <sys/types.h>
#include <time.h>
#include <wchar.h>

int main(int argc, char** argv)
{
  (void)argv;
#ifndef atof
  return ((int*)(&atof))[argc];
#else
  (void)argc;
  return 0;
#endif
}
Determining if the atoi exist passed with the following output:
Change Dir: /home/lucas/code/my-projects/ant-colony-sim/build/CMakeFiles/CMakeTmp

Run Build Command(s):/usr/bin/gmake -f Makefile cmTC_6588f/fast && /usr/bin/gmake  -f CMakeFiles/cmTC_6588f.dir/build.make CMakeFiles/cmTC_6588f.dir/build
gmake[1]: Entering directory '/home/lucas/code/my-projects/ant-colony-sim/build/CMakeFiles/CMakeTmp'
Building C object CMakeFiles/cmTC_6588f.dir/CheckSymbolExists.c.o
/usr/bin/cc   -D_GNU_SOURCE=1 -o CMakeFiles/cmTC_6588f.dir/CheckSymbolExists.c.o -c /home/lucas/code/my-projects/ant-colony-sim/build/CMakeFiles/CMakeTmp/CheckSymbolExists.c
Linking C executable cmTC_6588f
/usr/local/bin/cmake -E cmake_link_script CMakeFiles/cmTC_6588f.dir/link.txt --verbose=1
/usr/bin/cc   -D_GNU_SOURCE=1 CMakeFiles/cmTC_6588f.dir/CheckSymbolExists.c.o -o cmTC_6588f  -lm 
gmake[1]: Leaving directory '/home/lucas/code/my-projects/ant-colony-sim/build/CMakeFiles/CMakeTmp'


File /home/lucas/code/my-projects/ant-colony-sim/build/CMakeFiles/CMakeTmp/CheckSymbolExists.c:
/* */
#include <float.h>
#include <iconv.h>
#include <inttypes.h>
#include <limits.h>
#include <malloc.h>
#include <math.h>
#include <memory.h>
#include <signal.h>
#include <stdarg.h>
#include <stdbool.h>
#include <stddef.h>
#include <stdint.h>
#include <stdio.h>
#include <stdlib.h>
#include <string.h>
#include <strings.h>
#include <sys/types.h>
#include <time.h>
#include <wchar.h>

int main(int argc, char** argv)
{
  (void)argv;
#ifndef atoi
  return ((int*)(&atoi))[argc];
#else
  (void)argc;
  return 0;
#endif
}
Determining if the bcopy exist passed with the following output:
Change Dir: /home/lucas/code/my-projects/ant-colony-sim/build/CMakeFiles/CMakeTmp

Run Build Command(s):/usr/bin/gmake -f Makefile cmTC_38f7a/fast && /usr/bin/gmake  -f CMakeFiles/cmTC_38f7a.dir/build.make CMakeFiles/cmTC_38f7a.dir/build
gmake[1]: Entering directory '/home/lucas/code/my-projects/ant-colony-sim/build/CMakeFiles/CMakeTmp'
Building C object CMakeFiles/cmTC_38f7a.dir/CheckSymbolExists.c.o
/usr/bin/cc   -D_GNU_SOURCE=1 -o CMakeFiles/cmTC_38f7a.dir/CheckSymbolExists.c.o -c /home/lucas/code/my-projects/ant-colony-sim/build/CMakeFiles/CMakeTmp/CheckSymbolExists.c
Linking C executable cmTC_38f7a
/usr/local/bin/cmake -E cmake_link_script CMakeFiles/cmTC_38f7a.dir/link.txt --verbose=1
/usr/bin/cc   -D_GNU_SOURCE=1 CMakeFiles/cmTC_38f7a.dir/CheckSymbolExists.c.o -o cmTC_38f7a  -lm 
gmake[1]: Leaving directory '/home/lucas/code/my-projects/ant-colony-sim/build/CMakeFiles/CMakeTmp'


File /home/lucas/code/my-projects/ant-colony-sim/build/CMakeFiles/CMakeTmp/CheckSymbolExists.c:
/* */
#include <float.h>
#include <iconv.h>
#include <inttypes.h>
#include <limits.h>
#include <malloc.h>
#include <math.h>
#include <memory.h>
#include <signal.h>
#include <stdarg.h>
#include <stdbool.h>
#include <stddef.h>
#include <stdint.h>
#include <stdio.h>
#include <stdlib.h>
#include <string.h>
#include <strings.h>
#include <sys/types.h>
#include <time.h>
#include <wchar.h>

int main(int argc, char** argv)
{
  (void)argv;
#ifndef bcopy
  return ((int*)(&bcopy))[argc];
#else
  (void)argc;
  return 0;
#endif
}
Determining if the ceil exist passed with the following output:
Change Dir: /home/lucas/code/my-projects/ant-colony-sim/build/CMakeFiles/CMakeTmp

Run Build Command(s):/usr/bin/gmake -f Makefile cmTC_f81e7/fast && /usr/bin/gmake  -f CMakeFiles/cmTC_f81e7.dir/build.make CMakeFiles/cmTC_f81e7.dir/build
gmake[1]: Entering directory '/home/lucas/code/my-projects/ant-colony-sim/build/CMakeFiles/CMakeTmp'
Building C object CMakeFiles/cmTC_f81e7.dir/CheckSymbolExists.c.o
/usr/bin/cc   -D_GNU_SOURCE=1 -o CMakeFiles/cmTC_f81e7.dir/CheckSymbolExists.c.o -c /home/lucas/code/my-projects/ant-colony-sim/build/CMakeFiles/CMakeTmp/CheckSymbolExists.c
Linking C executable cmTC_f81e7
/usr/local/bin/cmake -E cmake_link_script CMakeFiles/cmTC_f81e7.dir/link.txt --verbose=1
/usr/bin/cc   -D_GNU_SOURCE=1 CMakeFiles/cmTC_f81e7.dir/CheckSymbolExists.c.o -o cmTC_f81e7  -lm 
gmake[1]: Leaving directory '/home/lucas/code/my-projects/ant-colony-sim/build/CMakeFiles/CMakeTmp'


File /home/lucas/code/my-projects/ant-colony-sim/build/CMakeFiles/CMakeTmp/CheckSymbolExists.c:
/* */
#include <float.h>
#include <iconv.h>
#include <inttypes.h>
#include <limits.h>
#include <malloc.h>
#include <math.h>
#include <memory.h>
#include <signal.h>
#include <stdarg.h>
#include <stdbool.h>
#include <stddef.h>
#include <stdint.h>
#include <stdio.h>
#include <stdlib.h>
#include <string.h>
#include <strings.h>
#include <sys/types.h>
#include <time.h>
#include <wchar.h>

int main(int argc, char** argv)
{
  (void)argv;
#ifndef ceil
  return ((int*)(&ceil))[argc];
#else
  (void)argc;
  return 0;
#endif
}
Determining if the ceilf exist passed with the following output:
Change Dir: /home/lucas/code/my-projects/ant-colony-sim/build/CMakeFiles/CMakeTmp

Run Build Command(s):/usr/bin/gmake -f Makefile cmTC_aa814/fast && /usr/bin/gmake  -f CMakeFiles/cmTC_aa814.dir/build.make CMakeFiles/cmTC_aa814.dir/build
gmake[1]: Entering directory '/home/lucas/code/my-projects/ant-colony-sim/build/CMakeFiles/CMakeTmp'
Building C object CMakeFiles/cmTC_aa814.dir/CheckSymbolExists.c.o
/usr/bin/cc   -D_GNU_SOURCE=1 -o CMakeFiles/cmTC_aa814.dir/CheckSymbolExists.c.o -c /home/lucas/code/my-projects/ant-colony-sim/build/CMakeFiles/CMakeTmp/CheckSymbolExists.c
Linking C executable cmTC_aa814
/usr/local/bin/cmake -E cmake_link_script CMakeFiles/cmTC_aa814.dir/link.txt --verbose=1
/usr/bin/cc   -D_GNU_SOURCE=1 CMakeFiles/cmTC_aa814.dir/CheckSymbolExists.c.o -o cmTC_aa814  -lm 
gmake[1]: Leaving directory '/home/lucas/code/my-projects/ant-colony-sim/build/CMakeFiles/CMakeTmp'


File /home/lucas/code/my-projects/ant-colony-sim/build/CMakeFiles/CMakeTmp/CheckSymbolExists.c:
/* */
#include <float.h>
#include <iconv.h>
#include <inttypes.h>
#include <limits.h>
#include <malloc.h>
#include <math.h>
#include <memory.h>
#include <signal.h>
#include <stdarg.h>
#include <stdbool.h>
#include <stddef.h>
#include <stdint.h>
#include <stdio.h>
#include <stdlib.h>
#include <string.h>
#include <strings.h>
#include <sys/types.h>
#include <time.h>
#include <wchar.h>

int main(int argc, char** argv)
{
  (void)argv;
#ifndef ceilf
  return ((int*)(&ceilf))[argc];
#else
  (void)argc;
  return 0;
#endif
}
Determining if the copysign exist passed with the following output:
Change Dir: /home/lucas/code/my-projects/ant-colony-sim/build/CMakeFiles/CMakeTmp

Run Build Command(s):/usr/bin/gmake -f Makefile cmTC_e6646/fast && /usr/bin/gmake  -f CMakeFiles/cmTC_e6646.dir/build.make CMakeFiles/cmTC_e6646.dir/build
gmake[1]: Entering directory '/home/lucas/code/my-projects/ant-colony-sim/build/CMakeFiles/CMakeTmp'
Building C object CMakeFiles/cmTC_e6646.dir/CheckSymbolExists.c.o
/usr/bin/cc   -D_GNU_SOURCE=1 -o CMakeFiles/cmTC_e6646.dir/CheckSymbolExists.c.o -c /home/lucas/code/my-projects/ant-colony-sim/build/CMakeFiles/CMakeTmp/CheckSymbolExists.c
Linking C executable cmTC_e6646
/usr/local/bin/cmake -E cmake_link_script CMakeFiles/cmTC_e6646.dir/link.txt --verbose=1
/usr/bin/cc   -D_GNU_SOURCE=1 CMakeFiles/cmTC_e6646.dir/CheckSymbolExists.c.o -o cmTC_e6646  -lm 
gmake[1]: Leaving directory '/home/lucas/code/my-projects/ant-colony-sim/build/CMakeFiles/CMakeTmp'


File /home/lucas/code/my-projects/ant-colony-sim/build/CMakeFiles/CMakeTmp/CheckSymbolExists.c:
/* */
#include <float.h>
#include <iconv.h>
#include <inttypes.h>
#include <limits.h>
#include <malloc.h>
#include <math.h>
#include <memory.h>
#include <signal.h>
#include <stdarg.h>
#include <stdbool.h>
#include <stddef.h>
#include <stdint.h>
#include <stdio.h>
#include <stdlib.h>
#include <string.h>
#include <strings.h>
#include <sys/types.h>
#include <time.h>
#include <wchar.h>

int main(int argc, char** argv)
{
  (void)argv;
#ifndef copysign
  return ((int*)(&copysign))[argc];
#else
  (void)argc;
  return 0;
#endif
}
Determining if the copysignf exist passed with the following output:
Change Dir: /home/lucas/code/my-projects/ant-colony-sim/build/CMakeFiles/CMakeTmp

Run Build Command(s):/usr/bin/gmake -f Makefile cmTC_15eea/fast && /usr/bin/gmake  -f CMakeFiles/cmTC_15eea.dir/build.make CMakeFiles/cmTC_15eea.dir/build
gmake[1]: Entering directory '/home/lucas/code/my-projects/ant-colony-sim/build/CMakeFiles/CMakeTmp'
Building C object CMakeFiles/cmTC_15eea.dir/CheckSymbolExists.c.o
/usr/bin/cc   -D_GNU_SOURCE=1 -o CMakeFiles/cmTC_15eea.dir/CheckSymbolExists.c.o -c /home/lucas/code/my-projects/ant-colony-sim/build/CMakeFiles/CMakeTmp/CheckSymbolExists.c
Linking C executable cmTC_15eea
/usr/local/bin/cmake -E cmake_link_script CMakeFiles/cmTC_15eea.dir/link.txt --verbose=1
/usr/bin/cc   -D_GNU_SOURCE=1 CMakeFiles/cmTC_15eea.dir/CheckSymbolExists.c.o -o cmTC_15eea  -lm 
gmake[1]: Leaving directory '/home/lucas/code/my-projects/ant-colony-sim/build/CMakeFiles/CMakeTmp'


File /home/lucas/code/my-projects/ant-colony-sim/build/CMakeFiles/CMakeTmp/CheckSymbolExists.c:
/* */
#include <float.h>
#include <iconv.h>
#include <inttypes.h>
#include <limits.h>
#include <malloc.h>
#include <math.h>
#include <memory.h>
#include <signal.h>
#include <stdarg.h>
#include <stdbool.h>
#include <stddef.h>
#include <stdint.h>
#include <stdio.h>
#include <stdlib.h>
#include <string.h>
#include <strings.h>
#include <sys/types.h>
#include <time.h>
#include <wchar.h>

int main(int argc, char** argv)
{
  (void)argv;
#ifndef copysignf
  return ((int*)(&copysignf))[argc];
#else
  (void)argc;
  return 0;
#endif
}
Determining if the cos exist passed with the following output:
Change Dir: /home/lucas/code/my-projects/ant-colony-sim/build/CMakeFiles/CMakeTmp

Run Build Command(s):/usr/bin/gmake -f Makefile cmTC_e980c/fast && /usr/bin/gmake  -f CMakeFiles/cmTC_e980c.dir/build.make CMakeFiles/cmTC_e980c.dir/build
gmake[1]: Entering directory '/home/lucas/code/my-projects/ant-colony-sim/build/CMakeFiles/CMakeTmp'
Building C object CMakeFiles/cmTC_e980c.dir/CheckSymbolExists.c.o
/usr/bin/cc   -D_GNU_SOURCE=1 -o CMakeFiles/cmTC_e980c.dir/CheckSymbolExists.c.o -c /home/lucas/code/my-projects/ant-colony-sim/build/CMakeFiles/CMakeTmp/CheckSymbolExists.c
Linking C executable cmTC_e980c
/usr/local/bin/cmake -E cmake_link_script CMakeFiles/cmTC_e980c.dir/link.txt --verbose=1
/usr/bin/cc   -D_GNU_SOURCE=1 CMakeFiles/cmTC_e980c.dir/CheckSymbolExists.c.o -o cmTC_e980c  -lm 
gmake[1]: Leaving directory '/home/lucas/code/my-projects/ant-colony-sim/build/CMakeFiles/CMakeTmp'


File /home/lucas/code/my-projects/ant-colony-sim/build/CMakeFiles/CMakeTmp/CheckSymbolExists.c:
/* */
#include <float.h>
#include <iconv.h>
#include <inttypes.h>
#include <limits.h>
#include <malloc.h>
#include <math.h>
#include <memory.h>
#include <signal.h>
#include <stdarg.h>
#include <stdbool.h>
#include <stddef.h>
#include <stdint.h>
#include <stdio.h>
#include <stdlib.h>
#include <string.h>
#include <strings.h>
#include <sys/types.h>
#include <time.h>
#include <wchar.h>

int main(int argc, char** argv)
{
  (void)argv;
#ifndef cos
  return ((int*)(&cos))[argc];
#else
  (void)argc;
  return 0;
#endif
}
Determining if the cosf exist passed with the following output:
Change Dir: /home/lucas/code/my-projects/ant-colony-sim/build/CMakeFiles/CMakeTmp

Run Build Command(s):/usr/bin/gmake -f Makefile cmTC_aa9ff/fast && /usr/bin/gmake  -f CMakeFiles/cmTC_aa9ff.dir/build.make CMakeFiles/cmTC_aa9ff.dir/build
gmake[1]: Entering directory '/home/lucas/code/my-projects/ant-colony-sim/build/CMakeFiles/CMakeTmp'
Building C object CMakeFiles/cmTC_aa9ff.dir/CheckSymbolExists.c.o
/usr/bin/cc   -D_GNU_SOURCE=1 -o CMakeFiles/cmTC_aa9ff.dir/CheckSymbolExists.c.o -c /home/lucas/code/my-projects/ant-colony-sim/build/CMakeFiles/CMakeTmp/CheckSymbolExists.c
Linking C executable cmTC_aa9ff
/usr/local/bin/cmake -E cmake_link_script CMakeFiles/cmTC_aa9ff.dir/link.txt --verbose=1
/usr/bin/cc   -D_GNU_SOURCE=1 CMakeFiles/cmTC_aa9ff.dir/CheckSymbolExists.c.o -o cmTC_aa9ff  -lm 
gmake[1]: Leaving directory '/home/lucas/code/my-projects/ant-colony-sim/build/CMakeFiles/CMakeTmp'


File /home/lucas/code/my-projects/ant-colony-sim/build/CMakeFiles/CMakeTmp/CheckSymbolExists.c:
/* */
#include <float.h>
#include <iconv.h>
#include <inttypes.h>
#include <limits.h>
#include <malloc.h>
#include <math.h>
#include <memory.h>
#include <signal.h>
#include <stdarg.h>
#include <stdbool.h>
#include <stddef.h>
#include <stdint.h>
#include <stdio.h>
#include <stdlib.h>
#include <string.h>
#include <strings.h>
#include <sys/types.h>
#include <time.h>
#include <wchar.h>

int main(int argc, char** argv)
{
  (void)argv;
#ifndef cosf
  return ((int*)(&cosf))[argc];
#else
  (void)argc;
  return 0;
#endif
}
Determining if the _Exit exist passed with the following output:
Change Dir: /home/lucas/code/my-projects/ant-colony-sim/build/CMakeFiles/CMakeTmp

Run Build Command(s):/usr/bin/gmake -f Makefile cmTC_98f3b/fast && /usr/bin/gmake  -f CMakeFiles/cmTC_98f3b.dir/build.make CMakeFiles/cmTC_98f3b.dir/build
gmake[1]: Entering directory '/home/lucas/code/my-projects/ant-colony-sim/build/CMakeFiles/CMakeTmp'
Building C object CMakeFiles/cmTC_98f3b.dir/CheckSymbolExists.c.o
/usr/bin/cc   -D_GNU_SOURCE=1 -o CMakeFiles/cmTC_98f3b.dir/CheckSymbolExists.c.o -c /home/lucas/code/my-projects/ant-colony-sim/build/CMakeFiles/CMakeTmp/CheckSymbolExists.c
Linking C executable cmTC_98f3b
/usr/local/bin/cmake -E cmake_link_script CMakeFiles/cmTC_98f3b.dir/link.txt --verbose=1
/usr/bin/cc   -D_GNU_SOURCE=1 CMakeFiles/cmTC_98f3b.dir/CheckSymbolExists.c.o -o cmTC_98f3b  -lm 
gmake[1]: Leaving directory '/home/lucas/code/my-projects/ant-colony-sim/build/CMakeFiles/CMakeTmp'


File /home/lucas/code/my-projects/ant-colony-sim/build/CMakeFiles/CMakeTmp/CheckSymbolExists.c:
/* */
#include <float.h>
#include <iconv.h>
#include <inttypes.h>
#include <limits.h>
#include <malloc.h>
#include <math.h>
#include <memory.h>
#include <signal.h>
#include <stdarg.h>
#include <stdbool.h>
#include <stddef.h>
#include <stdint.h>
#include <stdio.h>
#include <stdlib.h>
#include <string.h>
#include <strings.h>
#include <sys/types.h>
#include <time.h>
#include <wchar.h>

int main(int argc, char** argv)
{
  (void)argv;
#ifndef _Exit
  return ((int*)(&_Exit))[argc];
#else
  (void)argc;
  return 0;
#endif
}
Determining if the exp exist passed with the following output:
Change Dir: /home/lucas/code/my-projects/ant-colony-sim/build/CMakeFiles/CMakeTmp

Run Build Command(s):/usr/bin/gmake -f Makefile cmTC_7d7bf/fast && /usr/bin/gmake  -f CMakeFiles/cmTC_7d7bf.dir/build.make CMakeFiles/cmTC_7d7bf.dir/build
gmake[1]: Entering directory '/home/lucas/code/my-projects/ant-colony-sim/build/CMakeFiles/CMakeTmp'
Building C object CMakeFiles/cmTC_7d7bf.dir/CheckSymbolExists.c.o
/usr/bin/cc   -D_GNU_SOURCE=1 -o CMakeFiles/cmTC_7d7bf.dir/CheckSymbolExists.c.o -c /home/lucas/code/my-projects/ant-colony-sim/build/CMakeFiles/CMakeTmp/CheckSymbolExists.c
Linking C executable cmTC_7d7bf
/usr/local/bin/cmake -E cmake_link_script CMakeFiles/cmTC_7d7bf.dir/link.txt --verbose=1
/usr/bin/cc   -D_GNU_SOURCE=1 CMakeFiles/cmTC_7d7bf.dir/CheckSymbolExists.c.o -o cmTC_7d7bf  -lm 
gmake[1]: Leaving directory '/home/lucas/code/my-projects/ant-colony-sim/build/CMakeFiles/CMakeTmp'


File /home/lucas/code/my-projects/ant-colony-sim/build/CMakeFiles/CMakeTmp/CheckSymbolExists.c:
/* */
#include <float.h>
#include <iconv.h>
#include <inttypes.h>
#include <limits.h>
#include <malloc.h>
#include <math.h>
#include <memory.h>
#include <signal.h>
#include <stdarg.h>
#include <stdbool.h>
#include <stddef.h>
#include <stdint.h>
#include <stdio.h>
#include <stdlib.h>
#include <string.h>
#include <strings.h>
#include <sys/types.h>
#include <time.h>
#include <wchar.h>

int main(int argc, char** argv)
{
  (void)argv;
#ifndef exp
  return ((int*)(&exp))[argc];
#else
  (void)argc;
  return 0;
#endif
}
Determining if the expf exist passed with the following output:
Change Dir: /home/lucas/code/my-projects/ant-colony-sim/build/CMakeFiles/CMakeTmp

Run Build Command(s):/usr/bin/gmake -f Makefile cmTC_64353/fast && /usr/bin/gmake  -f CMakeFiles/cmTC_64353.dir/build.make CMakeFiles/cmTC_64353.dir/build
gmake[1]: Entering directory '/home/lucas/code/my-projects/ant-colony-sim/build/CMakeFiles/CMakeTmp'
Building C object CMakeFiles/cmTC_64353.dir/CheckSymbolExists.c.o
/usr/bin/cc   -D_GNU_SOURCE=1 -o CMakeFiles/cmTC_64353.dir/CheckSymbolExists.c.o -c /home/lucas/code/my-projects/ant-colony-sim/build/CMakeFiles/CMakeTmp/CheckSymbolExists.c
Linking C executable cmTC_64353
/usr/local/bin/cmake -E cmake_link_script CMakeFiles/cmTC_64353.dir/link.txt --verbose=1
/usr/bin/cc   -D_GNU_SOURCE=1 CMakeFiles/cmTC_64353.dir/CheckSymbolExists.c.o -o cmTC_64353  -lm 
gmake[1]: Leaving directory '/home/lucas/code/my-projects/ant-colony-sim/build/CMakeFiles/CMakeTmp'


File /home/lucas/code/my-projects/ant-colony-sim/build/CMakeFiles/CMakeTmp/CheckSymbolExists.c:
/* */
#include <float.h>
#include <iconv.h>
#include <inttypes.h>
#include <limits.h>
#include <malloc.h>
#include <math.h>
#include <memory.h>
#include <signal.h>
#include <stdarg.h>
#include <stdbool.h>
#include <stddef.h>
#include <stdint.h>
#include <stdio.h>
#include <stdlib.h>
#include <string.h>
#include <strings.h>
#include <sys/types.h>
#include <time.h>
#include <wchar.h>

int main(int argc, char** argv)
{
  (void)argv;
#ifndef expf
  return ((int*)(&expf))[argc];
#else
  (void)argc;
  return 0;
#endif
}
Determining if the fabs exist passed with the following output:
Change Dir: /home/lucas/code/my-projects/ant-colony-sim/build/CMakeFiles/CMakeTmp

Run Build Command(s):/usr/bin/gmake -f Makefile cmTC_89aa9/fast && /usr/bin/gmake  -f CMakeFiles/cmTC_89aa9.dir/build.make CMakeFiles/cmTC_89aa9.dir/build
gmake[1]: Entering directory '/home/lucas/code/my-projects/ant-colony-sim/build/CMakeFiles/CMakeTmp'
Building C object CMakeFiles/cmTC_89aa9.dir/CheckSymbolExists.c.o
/usr/bin/cc   -D_GNU_SOURCE=1 -o CMakeFiles/cmTC_89aa9.dir/CheckSymbolExists.c.o -c /home/lucas/code/my-projects/ant-colony-sim/build/CMakeFiles/CMakeTmp/CheckSymbolExists.c
Linking C executable cmTC_89aa9
/usr/local/bin/cmake -E cmake_link_script CMakeFiles/cmTC_89aa9.dir/link.txt --verbose=1
/usr/bin/cc   -D_GNU_SOURCE=1 CMakeFiles/cmTC_89aa9.dir/CheckSymbolExists.c.o -o cmTC_89aa9  -lm 
gmake[1]: Leaving directory '/home/lucas/code/my-projects/ant-colony-sim/build/CMakeFiles/CMakeTmp'


File /home/lucas/code/my-projects/ant-colony-sim/build/CMakeFiles/CMakeTmp/CheckSymbolExists.c:
/* */
#include <float.h>
#include <iconv.h>
#include <inttypes.h>
#include <limits.h>
#include <malloc.h>
#include <math.h>
#include <memory.h>
#include <signal.h>
#include <stdarg.h>
#include <stdbool.h>
#include <stddef.h>
#include <stdint.h>
#include <stdio.h>
#include <stdlib.h>
#include <string.h>
#include <strings.h>
#include <sys/types.h>
#include <time.h>
#include <wchar.h>

int main(int argc, char** argv)
{
  (void)argv;
#ifndef fabs
  return ((int*)(&fabs))[argc];
#else
  (void)argc;
  return 0;
#endif
}
Determining if the fabsf exist passed with the following output:
Change Dir: /home/lucas/code/my-projects/ant-colony-sim/build/CMakeFiles/CMakeTmp

Run Build Command(s):/usr/bin/gmake -f Makefile cmTC_76818/fast && /usr/bin/gmake  -f CMakeFiles/cmTC_76818.dir/build.make CMakeFiles/cmTC_76818.dir/build
gmake[1]: Entering directory '/home/lucas/code/my-projects/ant-colony-sim/build/CMakeFiles/CMakeTmp'
Building C object CMakeFiles/cmTC_76818.dir/CheckSymbolExists.c.o
/usr/bin/cc   -D_GNU_SOURCE=1 -o CMakeFiles/cmTC_76818.dir/CheckSymbolExists.c.o -c /home/lucas/code/my-projects/ant-colony-sim/build/CMakeFiles/CMakeTmp/CheckSymbolExists.c
Linking C executable cmTC_76818
/usr/local/bin/cmake -E cmake_link_script CMakeFiles/cmTC_76818.dir/link.txt --verbose=1
/usr/bin/cc   -D_GNU_SOURCE=1 CMakeFiles/cmTC_76818.dir/CheckSymbolExists.c.o -o cmTC_76818  -lm 
gmake[1]: Leaving directory '/home/lucas/code/my-projects/ant-colony-sim/build/CMakeFiles/CMakeTmp'


File /home/lucas/code/my-projects/ant-colony-sim/build/CMakeFiles/CMakeTmp/CheckSymbolExists.c:
/* */
#include <float.h>
#include <iconv.h>
#include <inttypes.h>
#include <limits.h>
#include <malloc.h>
#include <math.h>
#include <memory.h>
#include <signal.h>
#include <stdarg.h>
#include <stdbool.h>
#include <stddef.h>
#include <stdint.h>
#include <stdio.h>
#include <stdlib.h>
#include <string.h>
#include <strings.h>
#include <sys/types.h>
#include <time.h>
#include <wchar.h>

int main(int argc, char** argv)
{
  (void)argv;
#ifndef fabsf
  return ((int*)(&fabsf))[argc];
#else
  (void)argc;
  return 0;
#endif
}
Determining if the floor exist passed with the following output:
Change Dir: /home/lucas/code/my-projects/ant-colony-sim/build/CMakeFiles/CMakeTmp

Run Build Command(s):/usr/bin/gmake -f Makefile cmTC_3a6c9/fast && /usr/bin/gmake  -f CMakeFiles/cmTC_3a6c9.dir/build.make CMakeFiles/cmTC_3a6c9.dir/build
gmake[1]: Entering directory '/home/lucas/code/my-projects/ant-colony-sim/build/CMakeFiles/CMakeTmp'
Building C object CMakeFiles/cmTC_3a6c9.dir/CheckSymbolExists.c.o
/usr/bin/cc   -D_GNU_SOURCE=1 -o CMakeFiles/cmTC_3a6c9.dir/CheckSymbolExists.c.o -c /home/lucas/code/my-projects/ant-colony-sim/build/CMakeFiles/CMakeTmp/CheckSymbolExists.c
Linking C executable cmTC_3a6c9
/usr/local/bin/cmake -E cmake_link_script CMakeFiles/cmTC_3a6c9.dir/link.txt --verbose=1
/usr/bin/cc   -D_GNU_SOURCE=1 CMakeFiles/cmTC_3a6c9.dir/CheckSymbolExists.c.o -o cmTC_3a6c9  -lm 
gmake[1]: Leaving directory '/home/lucas/code/my-projects/ant-colony-sim/build/CMakeFiles/CMakeTmp'


File /home/lucas/code/my-projects/ant-colony-sim/build/CMakeFiles/CMakeTmp/CheckSymbolExists.c:
/* */
#include <float.h>
#include <iconv.h>
#include <inttypes.h>
#include <limits.h>
#include <malloc.h>
#include <math.h>
#include <memory.h>
#include <signal.h>
#include <stdarg.h>
#include <stdbool.h>
#include <stddef.h>
#include <stdint.h>
#include <stdio.h>
#include <stdlib.h>
#include <string.h>
#include <strings.h>
#include <sys/types.h>
#include <time.h>
#include <wchar.h>

int main(int argc, char** argv)
{
  (void)argv;
#ifndef floor
  return ((int*)(&floor))[argc];
#else
  (void)argc;
  return 0;
#endif
}
Determining if the floorf exist passed with the following output:
Change Dir: /home/lucas/code/my-projects/ant-colony-sim/build/CMakeFiles/CMakeTmp

Run Build Command(s):/usr/bin/gmake -f Makefile cmTC_80db8/fast && /usr/bin/gmake  -f CMakeFiles/cmTC_80db8.dir/build.make CMakeFiles/cmTC_80db8.dir/build
gmake[1]: Entering directory '/home/lucas/code/my-projects/ant-colony-sim/build/CMakeFiles/CMakeTmp'
Building C object CMakeFiles/cmTC_80db8.dir/CheckSymbolExists.c.o
/usr/bin/cc   -D_GNU_SOURCE=1 -o CMakeFiles/cmTC_80db8.dir/CheckSymbolExists.c.o -c /home/lucas/code/my-projects/ant-colony-sim/build/CMakeFiles/CMakeTmp/CheckSymbolExists.c
Linking C executable cmTC_80db8
/usr/local/bin/cmake -E cmake_link_script CMakeFiles/cmTC_80db8.dir/link.txt --verbose=1
/usr/bin/cc   -D_GNU_SOURCE=1 CMakeFiles/cmTC_80db8.dir/CheckSymbolExists.c.o -o cmTC_80db8  -lm 
gmake[1]: Leaving directory '/home/lucas/code/my-projects/ant-colony-sim/build/CMakeFiles/CMakeTmp'


File /home/lucas/code/my-projects/ant-colony-sim/build/CMakeFiles/CMakeTmp/CheckSymbolExists.c:
/* */
#include <float.h>
#include <iconv.h>
#include <inttypes.h>
#include <limits.h>
#include <malloc.h>
#include <math.h>
#include <memory.h>
#include <signal.h>
#include <stdarg.h>
#include <stdbool.h>
#include <stddef.h>
#include <stdint.h>
#include <stdio.h>
#include <stdlib.h>
#include <string.h>
#include <strings.h>
#include <sys/types.h>
#include <time.h>
#include <wchar.h>

int main(int argc, char** argv)
{
  (void)argv;
#ifndef floorf
  return ((int*)(&floorf))[argc];
#else
  (void)argc;
  return 0;
#endif
}
Determining if the fmod exist passed with the following output:
Change Dir: /home/lucas/code/my-projects/ant-colony-sim/build/CMakeFiles/CMakeTmp

Run Build Command(s):/usr/bin/gmake -f Makefile cmTC_41336/fast && /usr/bin/gmake  -f CMakeFiles/cmTC_41336.dir/build.make CMakeFiles/cmTC_41336.dir/build
gmake[1]: Entering directory '/home/lucas/code/my-projects/ant-colony-sim/build/CMakeFiles/CMakeTmp'
Building C object CMakeFiles/cmTC_41336.dir/CheckSymbolExists.c.o
/usr/bin/cc   -D_GNU_SOURCE=1 -o CMakeFiles/cmTC_41336.dir/CheckSymbolExists.c.o -c /home/lucas/code/my-projects/ant-colony-sim/build/CMakeFiles/CMakeTmp/CheckSymbolExists.c
Linking C executable cmTC_41336
/usr/local/bin/cmake -E cmake_link_script CMakeFiles/cmTC_41336.dir/link.txt --verbose=1
/usr/bin/cc   -D_GNU_SOURCE=1 CMakeFiles/cmTC_41336.dir/CheckSymbolExists.c.o -o cmTC_41336  -lm 
gmake[1]: Leaving directory '/home/lucas/code/my-projects/ant-colony-sim/build/CMakeFiles/CMakeTmp'


File /home/lucas/code/my-projects/ant-colony-sim/build/CMakeFiles/CMakeTmp/CheckSymbolExists.c:
/* */
#include <float.h>
#include <iconv.h>
#include <inttypes.h>
#include <limits.h>
#include <malloc.h>
#include <math.h>
#include <memory.h>
#include <signal.h>
#include <stdarg.h>
#include <stdbool.h>
#include <stddef.h>
#include <stdint.h>
#include <stdio.h>
#include <stdlib.h>
#include <string.h>
#include <strings.h>
#include <sys/types.h>
#include <time.h>
#include <wchar.h>

int main(int argc, char** argv)
{
  (void)argv;
#ifndef fmod
  return ((int*)(&fmod))[argc];
#else
  (void)argc;
  return 0;
#endif
}
Determining if the fmodf exist passed with the following output:
Change Dir: /home/lucas/code/my-projects/ant-colony-sim/build/CMakeFiles/CMakeTmp

Run Build Command(s):/usr/bin/gmake -f Makefile cmTC_c4096/fast && /usr/bin/gmake  -f CMakeFiles/cmTC_c4096.dir/build.make CMakeFiles/cmTC_c4096.dir/build
gmake[1]: Entering directory '/home/lucas/code/my-projects/ant-colony-sim/build/CMakeFiles/CMakeTmp'
Building C object CMakeFiles/cmTC_c4096.dir/CheckSymbolExists.c.o
/usr/bin/cc   -D_GNU_SOURCE=1 -o CMakeFiles/cmTC_c4096.dir/CheckSymbolExists.c.o -c /home/lucas/code/my-projects/ant-colony-sim/build/CMakeFiles/CMakeTmp/CheckSymbolExists.c
Linking C executable cmTC_c4096
/usr/local/bin/cmake -E cmake_link_script CMakeFiles/cmTC_c4096.dir/link.txt --verbose=1
/usr/bin/cc   -D_GNU_SOURCE=1 CMakeFiles/cmTC_c4096.dir/CheckSymbolExists.c.o -o cmTC_c4096  -lm 
gmake[1]: Leaving directory '/home/lucas/code/my-projects/ant-colony-sim/build/CMakeFiles/CMakeTmp'


File /home/lucas/code/my-projects/ant-colony-sim/build/CMakeFiles/CMakeTmp/CheckSymbolExists.c:
/* */
#include <float.h>
#include <iconv.h>
#include <inttypes.h>
#include <limits.h>
#include <malloc.h>
#include <math.h>
#include <memory.h>
#include <signal.h>
#include <stdarg.h>
#include <stdbool.h>
#include <stddef.h>
#include <stdint.h>
#include <stdio.h>
#include <stdlib.h>
#include <string.h>
#include <strings.h>
#include <sys/types.h>
#include <time.h>
#include <wchar.h>

int main(int argc, char** argv)
{
  (void)argv;
#ifndef fmodf
  return ((int*)(&fmodf))[argc];
#else
  (void)argc;
  return 0;
#endif
}
Determining if the fopen64 exist passed with the following output:
Change Dir: /home/lucas/code/my-projects/ant-colony-sim/build/CMakeFiles/CMakeTmp

Run Build Command(s):/usr/bin/gmake -f Makefile cmTC_b65ba/fast && /usr/bin/gmake  -f CMakeFiles/cmTC_b65ba.dir/build.make CMakeFiles/cmTC_b65ba.dir/build
gmake[1]: Entering directory '/home/lucas/code/my-projects/ant-colony-sim/build/CMakeFiles/CMakeTmp'
Building C object CMakeFiles/cmTC_b65ba.dir/CheckSymbolExists.c.o
/usr/bin/cc   -D_GNU_SOURCE=1 -o CMakeFiles/cmTC_b65ba.dir/CheckSymbolExists.c.o -c /home/lucas/code/my-projects/ant-colony-sim/build/CMakeFiles/CMakeTmp/CheckSymbolExists.c
Linking C executable cmTC_b65ba
/usr/local/bin/cmake -E cmake_link_script CMakeFiles/cmTC_b65ba.dir/link.txt --verbose=1
/usr/bin/cc   -D_GNU_SOURCE=1 CMakeFiles/cmTC_b65ba.dir/CheckSymbolExists.c.o -o cmTC_b65ba  -lm 
gmake[1]: Leaving directory '/home/lucas/code/my-projects/ant-colony-sim/build/CMakeFiles/CMakeTmp'


File /home/lucas/code/my-projects/ant-colony-sim/build/CMakeFiles/CMakeTmp/CheckSymbolExists.c:
/* */
#include <float.h>
#include <iconv.h>
#include <inttypes.h>
#include <limits.h>
#include <malloc.h>
#include <math.h>
#include <memory.h>
#include <signal.h>
#include <stdarg.h>
#include <stdbool.h>
#include <stddef.h>
#include <stdint.h>
#include <stdio.h>
#include <stdlib.h>
#include <string.h>
#include <strings.h>
#include <sys/types.h>
#include <time.h>
#include <wchar.h>

int main(int argc, char** argv)
{
  (void)argv;
#ifndef fopen64
  return ((int*)(&fopen64))[argc];
#else
  (void)argc;
  return 0;
#endif
}
Determining if the fseeko exist passed with the following output:
Change Dir: /home/lucas/code/my-projects/ant-colony-sim/build/CMakeFiles/CMakeTmp

Run Build Command(s):/usr/bin/gmake -f Makefile cmTC_d17b7/fast && /usr/bin/gmake  -f CMakeFiles/cmTC_d17b7.dir/build.make CMakeFiles/cmTC_d17b7.dir/build
gmake[1]: Entering directory '/home/lucas/code/my-projects/ant-colony-sim/build/CMakeFiles/CMakeTmp'
Building C object CMakeFiles/cmTC_d17b7.dir/CheckSymbolExists.c.o
/usr/bin/cc   -D_GNU_SOURCE=1 -o CMakeFiles/cmTC_d17b7.dir/CheckSymbolExists.c.o -c /home/lucas/code/my-projects/ant-colony-sim/build/CMakeFiles/CMakeTmp/CheckSymbolExists.c
Linking C executable cmTC_d17b7
/usr/local/bin/cmake -E cmake_link_script CMakeFiles/cmTC_d17b7.dir/link.txt --verbose=1
/usr/bin/cc   -D_GNU_SOURCE=1 CMakeFiles/cmTC_d17b7.dir/CheckSymbolExists.c.o -o cmTC_d17b7  -lm 
gmake[1]: Leaving directory '/home/lucas/code/my-projects/ant-colony-sim/build/CMakeFiles/CMakeTmp'


File /home/lucas/code/my-projects/ant-colony-sim/build/CMakeFiles/CMakeTmp/CheckSymbolExists.c:
/* */
#include <float.h>
#include <iconv.h>
#include <inttypes.h>
#include <limits.h>
#include <malloc.h>
#include <math.h>
#include <memory.h>
#include <signal.h>
#include <stdarg.h>
#include <stdbool.h>
#include <stddef.h>
#include <stdint.h>
#include <stdio.h>
#include <stdlib.h>
#include <string.h>
#include <strings.h>
#include <sys/types.h>
#include <time.h>
#include <wchar.h>

int main(int argc, char** argv)
{
  (void)argv;
#ifndef fseeko
  return ((int*)(&fseeko))[argc];
#else
  (void)argc;
  return 0;
#endif
}
Determining if the fseeko64 exist passed with the following output:
Change Dir: /home/lucas/code/my-projects/ant-colony-sim/build/CMakeFiles/CMakeTmp

Run Build Command(s):/usr/bin/gmake -f Makefile cmTC_215b4/fast && /usr/bin/gmake  -f CMakeFiles/cmTC_215b4.dir/build.make CMakeFiles/cmTC_215b4.dir/build
gmake[1]: Entering directory '/home/lucas/code/my-projects/ant-colony-sim/build/CMakeFiles/CMakeTmp'
Building C object CMakeFiles/cmTC_215b4.dir/CheckSymbolExists.c.o
/usr/bin/cc   -D_GNU_SOURCE=1 -o CMakeFiles/cmTC_215b4.dir/CheckSymbolExists.c.o -c /home/lucas/code/my-projects/ant-colony-sim/build/CMakeFiles/CMakeTmp/CheckSymbolExists.c
Linking C executable cmTC_215b4
/usr/local/bin/cmake -E cmake_link_script CMakeFiles/cmTC_215b4.dir/link.txt --verbose=1
/usr/bin/cc   -D_GNU_SOURCE=1 CMakeFiles/cmTC_215b4.dir/CheckSymbolExists.c.o -o cmTC_215b4  -lm 
gmake[1]: Leaving directory '/home/lucas/code/my-projects/ant-colony-sim/build/CMakeFiles/CMakeTmp'


File /home/lucas/code/my-projects/ant-colony-sim/build/CMakeFiles/CMakeTmp/CheckSymbolExists.c:
/* */
#include <float.h>
#include <iconv.h>
#include <inttypes.h>
#include <limits.h>
#include <malloc.h>
#include <math.h>
#include <memory.h>
#include <signal.h>
#include <stdarg.h>
#include <stdbool.h>
#include <stddef.h>
#include <stdint.h>
#include <stdio.h>
#include <stdlib.h>
#include <string.h>
#include <strings.h>
#include <sys/types.h>
#include <time.h>
#include <wchar.h>

int main(int argc, char** argv)
{
  (void)argv;
#ifndef fseeko64
  return ((int*)(&fseeko64))[argc];
#else
  (void)argc;
  return 0;
#endif
}
Determining if the getenv exist passed with the following output:
Change Dir: /home/lucas/code/my-projects/ant-colony-sim/build/CMakeFiles/CMakeTmp

Run Build Command(s):/usr/bin/gmake -f Makefile cmTC_6a835/fast && /usr/bin/gmake  -f CMakeFiles/cmTC_6a835.dir/build.make CMakeFiles/cmTC_6a835.dir/build
gmake[1]: Entering directory '/home/lucas/code/my-projects/ant-colony-sim/build/CMakeFiles/CMakeTmp'
Building C object CMakeFiles/cmTC_6a835.dir/CheckSymbolExists.c.o
/usr/bin/cc   -D_GNU_SOURCE=1 -o CMakeFiles/cmTC_6a835.dir/CheckSymbolExists.c.o -c /home/lucas/code/my-projects/ant-colony-sim/build/CMakeFiles/CMakeTmp/CheckSymbolExists.c
Linking C executable cmTC_6a835
/usr/local/bin/cmake -E cmake_link_script CMakeFiles/cmTC_6a835.dir/link.txt --verbose=1
/usr/bin/cc   -D_GNU_SOURCE=1 CMakeFiles/cmTC_6a835.dir/CheckSymbolExists.c.o -o cmTC_6a835  -lm 
gmake[1]: Leaving directory '/home/lucas/code/my-projects/ant-colony-sim/build/CMakeFiles/CMakeTmp'


File /home/lucas/code/my-projects/ant-colony-sim/build/CMakeFiles/CMakeTmp/CheckSymbolExists.c:
/* */
#include <float.h>
#include <iconv.h>
#include <inttypes.h>
#include <limits.h>
#include <malloc.h>
#include <math.h>
#include <memory.h>
#include <signal.h>
#include <stdarg.h>
#include <stdbool.h>
#include <stddef.h>
#include <stdint.h>
#include <stdio.h>
#include <stdlib.h>
#include <string.h>
#include <strings.h>
#include <sys/types.h>
#include <time.h>
#include <wchar.h>

int main(int argc, char** argv)
{
  (void)argv;
#ifndef getenv
  return ((int*)(&getenv))[argc];
#else
  (void)argc;
  return 0;
#endif
}
Determining if the index exist passed with the following output:
Change Dir: /home/lucas/code/my-projects/ant-colony-sim/build/CMakeFiles/CMakeTmp

Run Build Command(s):/usr/bin/gmake -f Makefile cmTC_31543/fast && /usr/bin/gmake  -f CMakeFiles/cmTC_31543.dir/build.make CMakeFiles/cmTC_31543.dir/build
gmake[1]: Entering directory '/home/lucas/code/my-projects/ant-colony-sim/build/CMakeFiles/CMakeTmp'
Building C object CMakeFiles/cmTC_31543.dir/CheckSymbolExists.c.o
/usr/bin/cc   -D_GNU_SOURCE=1 -o CMakeFiles/cmTC_31543.dir/CheckSymbolExists.c.o -c /home/lucas/code/my-projects/ant-colony-sim/build/CMakeFiles/CMakeTmp/CheckSymbolExists.c
Linking C executable cmTC_31543
/usr/local/bin/cmake -E cmake_link_script CMakeFiles/cmTC_31543.dir/link.txt --verbose=1
/usr/bin/cc   -D_GNU_SOURCE=1 CMakeFiles/cmTC_31543.dir/CheckSymbolExists.c.o -o cmTC_31543  -lm 
gmake[1]: Leaving directory '/home/lucas/code/my-projects/ant-colony-sim/build/CMakeFiles/CMakeTmp'


File /home/lucas/code/my-projects/ant-colony-sim/build/CMakeFiles/CMakeTmp/CheckSymbolExists.c:
/* */
#include <float.h>
#include <iconv.h>
#include <inttypes.h>
#include <limits.h>
#include <malloc.h>
#include <math.h>
#include <memory.h>
#include <signal.h>
#include <stdarg.h>
#include <stdbool.h>
#include <stddef.h>
#include <stdint.h>
#include <stdio.h>
#include <stdlib.h>
#include <string.h>
#include <strings.h>
#include <sys/types.h>
#include <time.h>
#include <wchar.h>

int main(int argc, char** argv)
{
  (void)argv;
#ifndef index
  return ((int*)(&index))[argc];
#else
  (void)argc;
  return 0;
#endif
}
Determining if the log exist passed with the following output:
Change Dir: /home/lucas/code/my-projects/ant-colony-sim/build/CMakeFiles/CMakeTmp

Run Build Command(s):/usr/bin/gmake -f Makefile cmTC_026be/fast && /usr/bin/gmake  -f CMakeFiles/cmTC_026be.dir/build.make CMakeFiles/cmTC_026be.dir/build
gmake[1]: Entering directory '/home/lucas/code/my-projects/ant-colony-sim/build/CMakeFiles/CMakeTmp'
Building C object CMakeFiles/cmTC_026be.dir/CheckSymbolExists.c.o
/usr/bin/cc   -D_GNU_SOURCE=1 -o CMakeFiles/cmTC_026be.dir/CheckSymbolExists.c.o -c /home/lucas/code/my-projects/ant-colony-sim/build/CMakeFiles/CMakeTmp/CheckSymbolExists.c
Linking C executable cmTC_026be
/usr/local/bin/cmake -E cmake_link_script CMakeFiles/cmTC_026be.dir/link.txt --verbose=1
/usr/bin/cc   -D_GNU_SOURCE=1 CMakeFiles/cmTC_026be.dir/CheckSymbolExists.c.o -o cmTC_026be  -lm 
gmake[1]: Leaving directory '/home/lucas/code/my-projects/ant-colony-sim/build/CMakeFiles/CMakeTmp'


File /home/lucas/code/my-projects/ant-colony-sim/build/CMakeFiles/CMakeTmp/CheckSymbolExists.c:
/* */
#include <float.h>
#include <iconv.h>
#include <inttypes.h>
#include <limits.h>
#include <malloc.h>
#include <math.h>
#include <memory.h>
#include <signal.h>
#include <stdarg.h>
#include <stdbool.h>
#include <stddef.h>
#include <stdint.h>
#include <stdio.h>
#include <stdlib.h>
#include <string.h>
#include <strings.h>
#include <sys/types.h>
#include <time.h>
#include <wchar.h>

int main(int argc, char** argv)
{
  (void)argv;
#ifndef log
  return ((int*)(&log))[argc];
#else
  (void)argc;
  return 0;
#endif
}
Determining if the log10 exist passed with the following output:
Change Dir: /home/lucas/code/my-projects/ant-colony-sim/build/CMakeFiles/CMakeTmp

Run Build Command(s):/usr/bin/gmake -f Makefile cmTC_0fe35/fast && /usr/bin/gmake  -f CMakeFiles/cmTC_0fe35.dir/build.make CMakeFiles/cmTC_0fe35.dir/build
gmake[1]: Entering directory '/home/lucas/code/my-projects/ant-colony-sim/build/CMakeFiles/CMakeTmp'
Building C object CMakeFiles/cmTC_0fe35.dir/CheckSymbolExists.c.o
/usr/bin/cc   -D_GNU_SOURCE=1 -o CMakeFiles/cmTC_0fe35.dir/CheckSymbolExists.c.o -c /home/lucas/code/my-projects/ant-colony-sim/build/CMakeFiles/CMakeTmp/CheckSymbolExists.c
Linking C executable cmTC_0fe35
/usr/local/bin/cmake -E cmake_link_script CMakeFiles/cmTC_0fe35.dir/link.txt --verbose=1
/usr/bin/cc   -D_GNU_SOURCE=1 CMakeFiles/cmTC_0fe35.dir/CheckSymbolExists.c.o -o cmTC_0fe35  -lm 
gmake[1]: Leaving directory '/home/lucas/code/my-projects/ant-colony-sim/build/CMakeFiles/CMakeTmp'


File /home/lucas/code/my-projects/ant-colony-sim/build/CMakeFiles/CMakeTmp/CheckSymbolExists.c:
/* */
#include <float.h>
#include <iconv.h>
#include <inttypes.h>
#include <limits.h>
#include <malloc.h>
#include <math.h>
#include <memory.h>
#include <signal.h>
#include <stdarg.h>
#include <stdbool.h>
#include <stddef.h>
#include <stdint.h>
#include <stdio.h>
#include <stdlib.h>
#include <string.h>
#include <strings.h>
#include <sys/types.h>
#include <time.h>
#include <wchar.h>

int main(int argc, char** argv)
{
  (void)argv;
#ifndef log10
  return ((int*)(&log10))[argc];
#else
  (void)argc;
  return 0;
#endif
}
Determining if the log10f exist passed with the following output:
Change Dir: /home/lucas/code/my-projects/ant-colony-sim/build/CMakeFiles/CMakeTmp

Run Build Command(s):/usr/bin/gmake -f Makefile cmTC_5e4e9/fast && /usr/bin/gmake  -f CMakeFiles/cmTC_5e4e9.dir/build.make CMakeFiles/cmTC_5e4e9.dir/build
gmake[1]: Entering directory '/home/lucas/code/my-projects/ant-colony-sim/build/CMakeFiles/CMakeTmp'
Building C object CMakeFiles/cmTC_5e4e9.dir/CheckSymbolExists.c.o
/usr/bin/cc   -D_GNU_SOURCE=1 -o CMakeFiles/cmTC_5e4e9.dir/CheckSymbolExists.c.o -c /home/lucas/code/my-projects/ant-colony-sim/build/CMakeFiles/CMakeTmp/CheckSymbolExists.c
Linking C executable cmTC_5e4e9
/usr/local/bin/cmake -E cmake_link_script CMakeFiles/cmTC_5e4e9.dir/link.txt --verbose=1
/usr/bin/cc   -D_GNU_SOURCE=1 CMakeFiles/cmTC_5e4e9.dir/CheckSymbolExists.c.o -o cmTC_5e4e9  -lm 
gmake[1]: Leaving directory '/home/lucas/code/my-projects/ant-colony-sim/build/CMakeFiles/CMakeTmp'


File /home/lucas/code/my-projects/ant-colony-sim/build/CMakeFiles/CMakeTmp/CheckSymbolExists.c:
/* */
#include <float.h>
#include <iconv.h>
#include <inttypes.h>
#include <limits.h>
#include <malloc.h>
#include <math.h>
#include <memory.h>
#include <signal.h>
#include <stdarg.h>
#include <stdbool.h>
#include <stddef.h>
#include <stdint.h>
#include <stdio.h>
#include <stdlib.h>
#include <string.h>
#include <strings.h>
#include <sys/types.h>
#include <time.h>
#include <wchar.h>

int main(int argc, char** argv)
{
  (void)argv;
#ifndef log10f
  return ((int*)(&log10f))[argc];
#else
  (void)argc;
  return 0;
#endif
}
Determining if the logf exist passed with the following output:
Change Dir: /home/lucas/code/my-projects/ant-colony-sim/build/CMakeFiles/CMakeTmp

Run Build Command(s):/usr/bin/gmake -f Makefile cmTC_ec5d3/fast && /usr/bin/gmake  -f CMakeFiles/cmTC_ec5d3.dir/build.make CMakeFiles/cmTC_ec5d3.dir/build
gmake[1]: Entering directory '/home/lucas/code/my-projects/ant-colony-sim/build/CMakeFiles/CMakeTmp'
Building C object CMakeFiles/cmTC_ec5d3.dir/CheckSymbolExists.c.o
/usr/bin/cc   -D_GNU_SOURCE=1 -o CMakeFiles/cmTC_ec5d3.dir/CheckSymbolExists.c.o -c /home/lucas/code/my-projects/ant-colony-sim/build/CMakeFiles/CMakeTmp/CheckSymbolExists.c
Linking C executable cmTC_ec5d3
/usr/local/bin/cmake -E cmake_link_script CMakeFiles/cmTC_ec5d3.dir/link.txt --verbose=1
/usr/bin/cc   -D_GNU_SOURCE=1 CMakeFiles/cmTC_ec5d3.dir/CheckSymbolExists.c.o -o cmTC_ec5d3  -lm 
gmake[1]: Leaving directory '/home/lucas/code/my-projects/ant-colony-sim/build/CMakeFiles/CMakeTmp'


File /home/lucas/code/my-projects/ant-colony-sim/build/CMakeFiles/CMakeTmp/CheckSymbolExists.c:
/* */
#include <float.h>
#include <iconv.h>
#include <inttypes.h>
#include <limits.h>
#include <malloc.h>
#include <math.h>
#include <memory.h>
#include <signal.h>
#include <stdarg.h>
#include <stdbool.h>
#include <stddef.h>
#include <stdint.h>
#include <stdio.h>
#include <stdlib.h>
#include <string.h>
#include <strings.h>
#include <sys/types.h>
#include <time.h>
#include <wchar.h>

int main(int argc, char** argv)
{
  (void)argv;
#ifndef logf
  return ((int*)(&logf))[argc];
#else
  (void)argc;
  return 0;
#endif
}
Determining if the lround exist passed with the following output:
Change Dir: /home/lucas/code/my-projects/ant-colony-sim/build/CMakeFiles/CMakeTmp

Run Build Command(s):/usr/bin/gmake -f Makefile cmTC_ee3ed/fast && /usr/bin/gmake  -f CMakeFiles/cmTC_ee3ed.dir/build.make CMakeFiles/cmTC_ee3ed.dir/build
gmake[1]: Entering directory '/home/lucas/code/my-projects/ant-colony-sim/build/CMakeFiles/CMakeTmp'
Building C object CMakeFiles/cmTC_ee3ed.dir/CheckSymbolExists.c.o
/usr/bin/cc   -D_GNU_SOURCE=1 -o CMakeFiles/cmTC_ee3ed.dir/CheckSymbolExists.c.o -c /home/lucas/code/my-projects/ant-colony-sim/build/CMakeFiles/CMakeTmp/CheckSymbolExists.c
Linking C executable cmTC_ee3ed
/usr/local/bin/cmake -E cmake_link_script CMakeFiles/cmTC_ee3ed.dir/link.txt --verbose=1
/usr/bin/cc   -D_GNU_SOURCE=1 CMakeFiles/cmTC_ee3ed.dir/CheckSymbolExists.c.o -o cmTC_ee3ed  -lm 
gmake[1]: Leaving directory '/home/lucas/code/my-projects/ant-colony-sim/build/CMakeFiles/CMakeTmp'


File /home/lucas/code/my-projects/ant-colony-sim/build/CMakeFiles/CMakeTmp/CheckSymbolExists.c:
/* */
#include <float.h>
#include <iconv.h>
#include <inttypes.h>
#include <limits.h>
#include <malloc.h>
#include <math.h>
#include <memory.h>
#include <signal.h>
#include <stdarg.h>
#include <stdbool.h>
#include <stddef.h>
#include <stdint.h>
#include <stdio.h>
#include <stdlib.h>
#include <string.h>
#include <strings.h>
#include <sys/types.h>
#include <time.h>
#include <wchar.h>

int main(int argc, char** argv)
{
  (void)argv;
#ifndef lround
  return ((int*)(&lround))[argc];
#else
  (void)argc;
  return 0;
#endif
}
Determining if the lroundf exist passed with the following output:
Change Dir: /home/lucas/code/my-projects/ant-colony-sim/build/CMakeFiles/CMakeTmp

Run Build Command(s):/usr/bin/gmake -f Makefile cmTC_a383f/fast && /usr/bin/gmake  -f CMakeFiles/cmTC_a383f.dir/build.make CMakeFiles/cmTC_a383f.dir/build
gmake[1]: Entering directory '/home/lucas/code/my-projects/ant-colony-sim/build/CMakeFiles/CMakeTmp'
Building C object CMakeFiles/cmTC_a383f.dir/CheckSymbolExists.c.o
/usr/bin/cc   -D_GNU_SOURCE=1 -o CMakeFiles/cmTC_a383f.dir/CheckSymbolExists.c.o -c /home/lucas/code/my-projects/ant-colony-sim/build/CMakeFiles/CMakeTmp/CheckSymbolExists.c
Linking C executable cmTC_a383f
/usr/local/bin/cmake -E cmake_link_script CMakeFiles/cmTC_a383f.dir/link.txt --verbose=1
/usr/bin/cc   -D_GNU_SOURCE=1 CMakeFiles/cmTC_a383f.dir/CheckSymbolExists.c.o -o cmTC_a383f  -lm 
gmake[1]: Leaving directory '/home/lucas/code/my-projects/ant-colony-sim/build/CMakeFiles/CMakeTmp'


File /home/lucas/code/my-projects/ant-colony-sim/build/CMakeFiles/CMakeTmp/CheckSymbolExists.c:
/* */
#include <float.h>
#include <iconv.h>
#include <inttypes.h>
#include <limits.h>
#include <malloc.h>
#include <math.h>
#include <memory.h>
#include <signal.h>
#include <stdarg.h>
#include <stdbool.h>
#include <stddef.h>
#include <stdint.h>
#include <stdio.h>
#include <stdlib.h>
#include <string.h>
#include <strings.h>
#include <sys/types.h>
#include <time.h>
#include <wchar.h>

int main(int argc, char** argv)
{
  (void)argv;
#ifndef lroundf
  return ((int*)(&lroundf))[argc];
#else
  (void)argc;
  return 0;
#endif
}
Determining if the malloc exist passed with the following output:
Change Dir: /home/lucas/code/my-projects/ant-colony-sim/build/CMakeFiles/CMakeTmp

Run Build Command(s):/usr/bin/gmake -f Makefile cmTC_e5d0c/fast && /usr/bin/gmake  -f CMakeFiles/cmTC_e5d0c.dir/build.make CMakeFiles/cmTC_e5d0c.dir/build
gmake[1]: Entering directory '/home/lucas/code/my-projects/ant-colony-sim/build/CMakeFiles/CMakeTmp'
Building C object CMakeFiles/cmTC_e5d0c.dir/CheckSymbolExists.c.o
/usr/bin/cc   -D_GNU_SOURCE=1 -o CMakeFiles/cmTC_e5d0c.dir/CheckSymbolExists.c.o -c /home/lucas/code/my-projects/ant-colony-sim/build/CMakeFiles/CMakeTmp/CheckSymbolExists.c
Linking C executable cmTC_e5d0c
/usr/local/bin/cmake -E cmake_link_script CMakeFiles/cmTC_e5d0c.dir/link.txt --verbose=1
/usr/bin/cc   -D_GNU_SOURCE=1 CMakeFiles/cmTC_e5d0c.dir/CheckSymbolExists.c.o -o cmTC_e5d0c  -lm 
gmake[1]: Leaving directory '/home/lucas/code/my-projects/ant-colony-sim/build/CMakeFiles/CMakeTmp'


File /home/lucas/code/my-projects/ant-colony-sim/build/CMakeFiles/CMakeTmp/CheckSymbolExists.c:
/* */
#include <float.h>
#include <iconv.h>
#include <inttypes.h>
#include <limits.h>
#include <malloc.h>
#include <math.h>
#include <memory.h>
#include <signal.h>
#include <stdarg.h>
#include <stdbool.h>
#include <stddef.h>
#include <stdint.h>
#include <stdio.h>
#include <stdlib.h>
#include <string.h>
#include <strings.h>
#include <sys/types.h>
#include <time.h>
#include <wchar.h>

int main(int argc, char** argv)
{
  (void)argv;
#ifndef malloc
  return ((int*)(&malloc))[argc];
#else
  (void)argc;
  return 0;
#endif
}
Determining if the memcmp exist passed with the following output:
Change Dir: /home/lucas/code/my-projects/ant-colony-sim/build/CMakeFiles/CMakeTmp

Run Build Command(s):/usr/bin/gmake -f Makefile cmTC_f0782/fast && /usr/bin/gmake  -f CMakeFiles/cmTC_f0782.dir/build.make CMakeFiles/cmTC_f0782.dir/build
gmake[1]: Entering directory '/home/lucas/code/my-projects/ant-colony-sim/build/CMakeFiles/CMakeTmp'
Building C object CMakeFiles/cmTC_f0782.dir/CheckSymbolExists.c.o
/usr/bin/cc   -D_GNU_SOURCE=1 -o CMakeFiles/cmTC_f0782.dir/CheckSymbolExists.c.o -c /home/lucas/code/my-projects/ant-colony-sim/build/CMakeFiles/CMakeTmp/CheckSymbolExists.c
Linking C executable cmTC_f0782
/usr/local/bin/cmake -E cmake_link_script CMakeFiles/cmTC_f0782.dir/link.txt --verbose=1
/usr/bin/cc   -D_GNU_SOURCE=1 CMakeFiles/cmTC_f0782.dir/CheckSymbolExists.c.o -o cmTC_f0782  -lm 
gmake[1]: Leaving directory '/home/lucas/code/my-projects/ant-colony-sim/build/CMakeFiles/CMakeTmp'


File /home/lucas/code/my-projects/ant-colony-sim/build/CMakeFiles/CMakeTmp/CheckSymbolExists.c:
/* */
#include <float.h>
#include <iconv.h>
#include <inttypes.h>
#include <limits.h>
#include <malloc.h>
#include <math.h>
#include <memory.h>
#include <signal.h>
#include <stdarg.h>
#include <stdbool.h>
#include <stddef.h>
#include <stdint.h>
#include <stdio.h>
#include <stdlib.h>
#include <string.h>
#include <strings.h>
#include <sys/types.h>
#include <time.h>
#include <wchar.h>

int main(int argc, char** argv)
{
  (void)argv;
#ifndef memcmp
  return ((int*)(&memcmp))[argc];
#else
  (void)argc;
  return 0;
#endif
}
Determining if the memcpy exist passed with the following output:
Change Dir: /home/lucas/code/my-projects/ant-colony-sim/build/CMakeFiles/CMakeTmp

Run Build Command(s):/usr/bin/gmake -f Makefile cmTC_cf3d8/fast && /usr/bin/gmake  -f CMakeFiles/cmTC_cf3d8.dir/build.make CMakeFiles/cmTC_cf3d8.dir/build
gmake[1]: Entering directory '/home/lucas/code/my-projects/ant-colony-sim/build/CMakeFiles/CMakeTmp'
Building C object CMakeFiles/cmTC_cf3d8.dir/CheckSymbolExists.c.o
/usr/bin/cc   -D_GNU_SOURCE=1 -o CMakeFiles/cmTC_cf3d8.dir/CheckSymbolExists.c.o -c /home/lucas/code/my-projects/ant-colony-sim/build/CMakeFiles/CMakeTmp/CheckSymbolExists.c
Linking C executable cmTC_cf3d8
/usr/local/bin/cmake -E cmake_link_script CMakeFiles/cmTC_cf3d8.dir/link.txt --verbose=1
/usr/bin/cc   -D_GNU_SOURCE=1 CMakeFiles/cmTC_cf3d8.dir/CheckSymbolExists.c.o -o cmTC_cf3d8  -lm 
gmake[1]: Leaving directory '/home/lucas/code/my-projects/ant-colony-sim/build/CMakeFiles/CMakeTmp'


File /home/lucas/code/my-projects/ant-colony-sim/build/CMakeFiles/CMakeTmp/CheckSymbolExists.c:
/* */
#include <float.h>
#include <iconv.h>
#include <inttypes.h>
#include <limits.h>
#include <malloc.h>
#include <math.h>
#include <memory.h>
#include <signal.h>
#include <stdarg.h>
#include <stdbool.h>
#include <stddef.h>
#include <stdint.h>
#include <stdio.h>
#include <stdlib.h>
#include <string.h>
#include <strings.h>
#include <sys/types.h>
#include <time.h>
#include <wchar.h>

int main(int argc, char** argv)
{
  (void)argv;
#ifndef memcpy
  return ((int*)(&memcpy))[argc];
#else
  (void)argc;
  return 0;
#endif
}
Determining if the memmove exist passed with the following output:
Change Dir: /home/lucas/code/my-projects/ant-colony-sim/build/CMakeFiles/CMakeTmp

Run Build Command(s):/usr/bin/gmake -f Makefile cmTC_450fc/fast && /usr/bin/gmake  -f CMakeFiles/cmTC_450fc.dir/build.make CMakeFiles/cmTC_450fc.dir/build
gmake[1]: Entering directory '/home/lucas/code/my-projects/ant-colony-sim/build/CMakeFiles/CMakeTmp'
Building C object CMakeFiles/cmTC_450fc.dir/CheckSymbolExists.c.o
/usr/bin/cc   -D_GNU_SOURCE=1 -o CMakeFiles/cmTC_450fc.dir/CheckSymbolExists.c.o -c /home/lucas/code/my-projects/ant-colony-sim/build/CMakeFiles/CMakeTmp/CheckSymbolExists.c
Linking C executable cmTC_450fc
/usr/local/bin/cmake -E cmake_link_script CMakeFiles/cmTC_450fc.dir/link.txt --verbose=1
/usr/bin/cc   -D_GNU_SOURCE=1 CMakeFiles/cmTC_450fc.dir/CheckSymbolExists.c.o -o cmTC_450fc  -lm 
gmake[1]: Leaving directory '/home/lucas/code/my-projects/ant-colony-sim/build/CMakeFiles/CMakeTmp'


File /home/lucas/code/my-projects/ant-colony-sim/build/CMakeFiles/CMakeTmp/CheckSymbolExists.c:
/* */
#include <float.h>
#include <iconv.h>
#include <inttypes.h>
#include <limits.h>
#include <malloc.h>
#include <math.h>
#include <memory.h>
#include <signal.h>
#include <stdarg.h>
#include <stdbool.h>
#include <stddef.h>
#include <stdint.h>
#include <stdio.h>
#include <stdlib.h>
#include <string.h>
#include <strings.h>
#include <sys/types.h>
#include <time.h>
#include <wchar.h>

int main(int argc, char** argv)
{
  (void)argv;
#ifndef memmove
  return ((int*)(&memmove))[argc];
#else
  (void)argc;
  return 0;
#endif
}
Determining if the memset exist passed with the following output:
Change Dir: /home/lucas/code/my-projects/ant-colony-sim/build/CMakeFiles/CMakeTmp

Run Build Command(s):/usr/bin/gmake -f Makefile cmTC_ef217/fast && /usr/bin/gmake  -f CMakeFiles/cmTC_ef217.dir/build.make CMakeFiles/cmTC_ef217.dir/build
gmake[1]: Entering directory '/home/lucas/code/my-projects/ant-colony-sim/build/CMakeFiles/CMakeTmp'
Building C object CMakeFiles/cmTC_ef217.dir/CheckSymbolExists.c.o
/usr/bin/cc   -D_GNU_SOURCE=1 -o CMakeFiles/cmTC_ef217.dir/CheckSymbolExists.c.o -c /home/lucas/code/my-projects/ant-colony-sim/build/CMakeFiles/CMakeTmp/CheckSymbolExists.c
Linking C executable cmTC_ef217
/usr/local/bin/cmake -E cmake_link_script CMakeFiles/cmTC_ef217.dir/link.txt --verbose=1
/usr/bin/cc   -D_GNU_SOURCE=1 CMakeFiles/cmTC_ef217.dir/CheckSymbolExists.c.o -o cmTC_ef217  -lm 
gmake[1]: Leaving directory '/home/lucas/code/my-projects/ant-colony-sim/build/CMakeFiles/CMakeTmp'


File /home/lucas/code/my-projects/ant-colony-sim/build/CMakeFiles/CMakeTmp/CheckSymbolExists.c:
/* */
#include <float.h>
#include <iconv.h>
#include <inttypes.h>
#include <limits.h>
#include <malloc.h>
#include <math.h>
#include <memory.h>
#include <signal.h>
#include <stdarg.h>
#include <stdbool.h>
#include <stddef.h>
#include <stdint.h>
#include <stdio.h>
#include <stdlib.h>
#include <string.h>
#include <strings.h>
#include <sys/types.h>
#include <time.h>
#include <wchar.h>

int main(int argc, char** argv)
{
  (void)argv;
#ifndef memset
  return ((int*)(&memset))[argc];
#else
  (void)argc;
  return 0;
#endif
}
Determining if the modf exist passed with the following output:
Change Dir: /home/lucas/code/my-projects/ant-colony-sim/build/CMakeFiles/CMakeTmp

Run Build Command(s):/usr/bin/gmake -f Makefile cmTC_9570f/fast && /usr/bin/gmake  -f CMakeFiles/cmTC_9570f.dir/build.make CMakeFiles/cmTC_9570f.dir/build
gmake[1]: Entering directory '/home/lucas/code/my-projects/ant-colony-sim/build/CMakeFiles/CMakeTmp'
Building C object CMakeFiles/cmTC_9570f.dir/CheckSymbolExists.c.o
/usr/bin/cc   -D_GNU_SOURCE=1 -o CMakeFiles/cmTC_9570f.dir/CheckSymbolExists.c.o -c /home/lucas/code/my-projects/ant-colony-sim/build/CMakeFiles/CMakeTmp/CheckSymbolExists.c
Linking C executable cmTC_9570f
/usr/local/bin/cmake -E cmake_link_script CMakeFiles/cmTC_9570f.dir/link.txt --verbose=1
/usr/bin/cc   -D_GNU_SOURCE=1 CMakeFiles/cmTC_9570f.dir/CheckSymbolExists.c.o -o cmTC_9570f  -lm 
gmake[1]: Leaving directory '/home/lucas/code/my-projects/ant-colony-sim/build/CMakeFiles/CMakeTmp'


File /home/lucas/code/my-projects/ant-colony-sim/build/CMakeFiles/CMakeTmp/CheckSymbolExists.c:
/* */
#include <float.h>
#include <iconv.h>
#include <inttypes.h>
#include <limits.h>
#include <malloc.h>
#include <math.h>
#include <memory.h>
#include <signal.h>
#include <stdarg.h>
#include <stdbool.h>
#include <stddef.h>
#include <stdint.h>
#include <stdio.h>
#include <stdlib.h>
#include <string.h>
#include <strings.h>
#include <sys/types.h>
#include <time.h>
#include <wchar.h>

int main(int argc, char** argv)
{
  (void)argv;
#ifndef modf
  return ((int*)(&modf))[argc];
#else
  (void)argc;
  return 0;
#endif
}
Determining if the modff exist passed with the following output:
Change Dir: /home/lucas/code/my-projects/ant-colony-sim/build/CMakeFiles/CMakeTmp

Run Build Command(s):/usr/bin/gmake -f Makefile cmTC_5faf9/fast && /usr/bin/gmake  -f CMakeFiles/cmTC_5faf9.dir/build.make CMakeFiles/cmTC_5faf9.dir/build
gmake[1]: Entering directory '/home/lucas/code/my-projects/ant-colony-sim/build/CMakeFiles/CMakeTmp'
Building C object CMakeFiles/cmTC_5faf9.dir/CheckSymbolExists.c.o
/usr/bin/cc   -D_GNU_SOURCE=1 -o CMakeFiles/cmTC_5faf9.dir/CheckSymbolExists.c.o -c /home/lucas/code/my-projects/ant-colony-sim/build/CMakeFiles/CMakeTmp/CheckSymbolExists.c
Linking C executable cmTC_5faf9
/usr/local/bin/cmake -E cmake_link_script CMakeFiles/cmTC_5faf9.dir/link.txt --verbose=1
/usr/bin/cc   -D_GNU_SOURCE=1 CMakeFiles/cmTC_5faf9.dir/CheckSymbolExists.c.o -o cmTC_5faf9  -lm 
gmake[1]: Leaving directory '/home/lucas/code/my-projects/ant-colony-sim/build/CMakeFiles/CMakeTmp'


File /home/lucas/code/my-projects/ant-colony-sim/build/CMakeFiles/CMakeTmp/CheckSymbolExists.c:
/* */
#include <float.h>
#include <iconv.h>
#include <inttypes.h>
#include <limits.h>
#include <malloc.h>
#include <math.h>
#include <memory.h>
#include <signal.h>
#include <stdarg.h>
#include <stdbool.h>
#include <stddef.h>
#include <stdint.h>
#include <stdio.h>
#include <stdlib.h>
#include <string.h>
#include <strings.h>
#include <sys/types.h>
#include <time.h>
#include <wchar.h>

int main(int argc, char** argv)
{
  (void)argv;
#ifndef modff
  return ((int*)(&modff))[argc];
#else
  (void)argc;
  return 0;
#endif
}
Determining if the pow exist passed with the following output:
Change Dir: /home/lucas/code/my-projects/ant-colony-sim/build/CMakeFiles/CMakeTmp

Run Build Command(s):/usr/bin/gmake -f Makefile cmTC_2bb46/fast && /usr/bin/gmake  -f CMakeFiles/cmTC_2bb46.dir/build.make CMakeFiles/cmTC_2bb46.dir/build
gmake[1]: Entering directory '/home/lucas/code/my-projects/ant-colony-sim/build/CMakeFiles/CMakeTmp'
Building C object CMakeFiles/cmTC_2bb46.dir/CheckSymbolExists.c.o
/usr/bin/cc   -D_GNU_SOURCE=1 -o CMakeFiles/cmTC_2bb46.dir/CheckSymbolExists.c.o -c /home/lucas/code/my-projects/ant-colony-sim/build/CMakeFiles/CMakeTmp/CheckSymbolExists.c
Linking C executable cmTC_2bb46
/usr/local/bin/cmake -E cmake_link_script CMakeFiles/cmTC_2bb46.dir/link.txt --verbose=1
/usr/bin/cc   -D_GNU_SOURCE=1 CMakeFiles/cmTC_2bb46.dir/CheckSymbolExists.c.o -o cmTC_2bb46  -lm 
gmake[1]: Leaving directory '/home/lucas/code/my-projects/ant-colony-sim/build/CMakeFiles/CMakeTmp'


File /home/lucas/code/my-projects/ant-colony-sim/build/CMakeFiles/CMakeTmp/CheckSymbolExists.c:
/* */
#include <float.h>
#include <iconv.h>
#include <inttypes.h>
#include <limits.h>
#include <malloc.h>
#include <math.h>
#include <memory.h>
#include <signal.h>
#include <stdarg.h>
#include <stdbool.h>
#include <stddef.h>
#include <stdint.h>
#include <stdio.h>
#include <stdlib.h>
#include <string.h>
#include <strings.h>
#include <sys/types.h>
#include <time.h>
#include <wchar.h>

int main(int argc, char** argv)
{
  (void)argv;
#ifndef pow
  return ((int*)(&pow))[argc];
#else
  (void)argc;
  return 0;
#endif
}
Determining if the powf exist passed with the following output:
Change Dir: /home/lucas/code/my-projects/ant-colony-sim/build/CMakeFiles/CMakeTmp

Run Build Command(s):/usr/bin/gmake -f Makefile cmTC_ade60/fast && /usr/bin/gmake  -f CMakeFiles/cmTC_ade60.dir/build.make CMakeFiles/cmTC_ade60.dir/build
gmake[1]: Entering directory '/home/lucas/code/my-projects/ant-colony-sim/build/CMakeFiles/CMakeTmp'
Building C object CMakeFiles/cmTC_ade60.dir/CheckSymbolExists.c.o
/usr/bin/cc   -D_GNU_SOURCE=1 -o CMakeFiles/cmTC_ade60.dir/CheckSymbolExists.c.o -c /home/lucas/code/my-projects/ant-colony-sim/build/CMakeFiles/CMakeTmp/CheckSymbolExists.c
Linking C executable cmTC_ade60
/usr/local/bin/cmake -E cmake_link_script CMakeFiles/cmTC_ade60.dir/link.txt --verbose=1
/usr/bin/cc   -D_GNU_SOURCE=1 CMakeFiles/cmTC_ade60.dir/CheckSymbolExists.c.o -o cmTC_ade60  -lm 
gmake[1]: Leaving directory '/home/lucas/code/my-projects/ant-colony-sim/build/CMakeFiles/CMakeTmp'


File /home/lucas/code/my-projects/ant-colony-sim/build/CMakeFiles/CMakeTmp/CheckSymbolExists.c:
/* */
#include <float.h>
#include <iconv.h>
#include <inttypes.h>
#include <limits.h>
#include <malloc.h>
#include <math.h>
#include <memory.h>
#include <signal.h>
#include <stdarg.h>
#include <stdbool.h>
#include <stddef.h>
#include <stdint.h>
#include <stdio.h>
#include <stdlib.h>
#include <string.h>
#include <strings.h>
#include <sys/types.h>
#include <time.h>
#include <wchar.h>

int main(int argc, char** argv)
{
  (void)argv;
#ifndef powf
  return ((int*)(&powf))[argc];
#else
  (void)argc;
  return 0;
#endif
}
Determining if the putenv exist passed with the following output:
Change Dir: /home/lucas/code/my-projects/ant-colony-sim/build/CMakeFiles/CMakeTmp

Run Build Command(s):/usr/bin/gmake -f Makefile cmTC_4507f/fast && /usr/bin/gmake  -f CMakeFiles/cmTC_4507f.dir/build.make CMakeFiles/cmTC_4507f.dir/build
gmake[1]: Entering directory '/home/lucas/code/my-projects/ant-colony-sim/build/CMakeFiles/CMakeTmp'
Building C object CMakeFiles/cmTC_4507f.dir/CheckSymbolExists.c.o
/usr/bin/cc   -D_GNU_SOURCE=1 -o CMakeFiles/cmTC_4507f.dir/CheckSymbolExists.c.o -c /home/lucas/code/my-projects/ant-colony-sim/build/CMakeFiles/CMakeTmp/CheckSymbolExists.c
Linking C executable cmTC_4507f
/usr/local/bin/cmake -E cmake_link_script CMakeFiles/cmTC_4507f.dir/link.txt --verbose=1
/usr/bin/cc   -D_GNU_SOURCE=1 CMakeFiles/cmTC_4507f.dir/CheckSymbolExists.c.o -o cmTC_4507f  -lm 
gmake[1]: Leaving directory '/home/lucas/code/my-projects/ant-colony-sim/build/CMakeFiles/CMakeTmp'


File /home/lucas/code/my-projects/ant-colony-sim/build/CMakeFiles/CMakeTmp/CheckSymbolExists.c:
/* */
#include <float.h>
#include <iconv.h>
#include <inttypes.h>
#include <limits.h>
#include <malloc.h>
#include <math.h>
#include <memory.h>
#include <signal.h>
#include <stdarg.h>
#include <stdbool.h>
#include <stddef.h>
#include <stdint.h>
#include <stdio.h>
#include <stdlib.h>
#include <string.h>
#include <strings.h>
#include <sys/types.h>
#include <time.h>
#include <wchar.h>

int main(int argc, char** argv)
{
  (void)argv;
#ifndef putenv
  return ((int*)(&putenv))[argc];
#else
  (void)argc;
  return 0;
#endif
}
Determining if the rindex exist passed with the following output:
Change Dir: /home/lucas/code/my-projects/ant-colony-sim/build/CMakeFiles/CMakeTmp

Run Build Command(s):/usr/bin/gmake -f Makefile cmTC_3c00d/fast && /usr/bin/gmake  -f CMakeFiles/cmTC_3c00d.dir/build.make CMakeFiles/cmTC_3c00d.dir/build
gmake[1]: Entering directory '/home/lucas/code/my-projects/ant-colony-sim/build/CMakeFiles/CMakeTmp'
Building C object CMakeFiles/cmTC_3c00d.dir/CheckSymbolExists.c.o
/usr/bin/cc   -D_GNU_SOURCE=1 -o CMakeFiles/cmTC_3c00d.dir/CheckSymbolExists.c.o -c /home/lucas/code/my-projects/ant-colony-sim/build/CMakeFiles/CMakeTmp/CheckSymbolExists.c
Linking C executable cmTC_3c00d
/usr/local/bin/cmake -E cmake_link_script CMakeFiles/cmTC_3c00d.dir/link.txt --verbose=1
/usr/bin/cc   -D_GNU_SOURCE=1 CMakeFiles/cmTC_3c00d.dir/CheckSymbolExists.c.o -o cmTC_3c00d  -lm 
gmake[1]: Leaving directory '/home/lucas/code/my-projects/ant-colony-sim/build/CMakeFiles/CMakeTmp'


File /home/lucas/code/my-projects/ant-colony-sim/build/CMakeFiles/CMakeTmp/CheckSymbolExists.c:
/* */
#include <float.h>
#include <iconv.h>
#include <inttypes.h>
#include <limits.h>
#include <malloc.h>
#include <math.h>
#include <memory.h>
#include <signal.h>
#include <stdarg.h>
#include <stdbool.h>
#include <stddef.h>
#include <stdint.h>
#include <stdio.h>
#include <stdlib.h>
#include <string.h>
#include <strings.h>
#include <sys/types.h>
#include <time.h>
#include <wchar.h>

int main(int argc, char** argv)
{
  (void)argv;
#ifndef rindex
  return ((int*)(&rindex))[argc];
#else
  (void)argc;
  return 0;
#endif
}
Determining if the round exist passed with the following output:
Change Dir: /home/lucas/code/my-projects/ant-colony-sim/build/CMakeFiles/CMakeTmp

Run Build Command(s):/usr/bin/gmake -f Makefile cmTC_1a0c8/fast && /usr/bin/gmake  -f CMakeFiles/cmTC_1a0c8.dir/build.make CMakeFiles/cmTC_1a0c8.dir/build
gmake[1]: Entering directory '/home/lucas/code/my-projects/ant-colony-sim/build/CMakeFiles/CMakeTmp'
Building C object CMakeFiles/cmTC_1a0c8.dir/CheckSymbolExists.c.o
/usr/bin/cc   -D_GNU_SOURCE=1 -o CMakeFiles/cmTC_1a0c8.dir/CheckSymbolExists.c.o -c /home/lucas/code/my-projects/ant-colony-sim/build/CMakeFiles/CMakeTmp/CheckSymbolExists.c
Linking C executable cmTC_1a0c8
/usr/local/bin/cmake -E cmake_link_script CMakeFiles/cmTC_1a0c8.dir/link.txt --verbose=1
/usr/bin/cc   -D_GNU_SOURCE=1 CMakeFiles/cmTC_1a0c8.dir/CheckSymbolExists.c.o -o cmTC_1a0c8  -lm 
gmake[1]: Leaving directory '/home/lucas/code/my-projects/ant-colony-sim/build/CMakeFiles/CMakeTmp'


File /home/lucas/code/my-projects/ant-colony-sim/build/CMakeFiles/CMakeTmp/CheckSymbolExists.c:
/* */
#include <float.h>
#include <iconv.h>
#include <inttypes.h>
#include <limits.h>
#include <malloc.h>
#include <math.h>
#include <memory.h>
#include <signal.h>
#include <stdarg.h>
#include <stdbool.h>
#include <stddef.h>
#include <stdint.h>
#include <stdio.h>
#include <stdlib.h>
#include <string.h>
#include <strings.h>
#include <sys/types.h>
#include <time.h>
#include <wchar.h>

int main(int argc, char** argv)
{
  (void)argv;
#ifndef round
  return ((int*)(&round))[argc];
#else
  (void)argc;
  return 0;
#endif
}
Determining if the roundf exist passed with the following output:
Change Dir: /home/lucas/code/my-projects/ant-colony-sim/build/CMakeFiles/CMakeTmp

Run Build Command(s):/usr/bin/gmake -f Makefile cmTC_dbfa3/fast && /usr/bin/gmake  -f CMakeFiles/cmTC_dbfa3.dir/build.make CMakeFiles/cmTC_dbfa3.dir/build
gmake[1]: Entering directory '/home/lucas/code/my-projects/ant-colony-sim/build/CMakeFiles/CMakeTmp'
Building C object CMakeFiles/cmTC_dbfa3.dir/CheckSymbolExists.c.o
/usr/bin/cc   -D_GNU_SOURCE=1 -o CMakeFiles/cmTC_dbfa3.dir/CheckSymbolExists.c.o -c /home/lucas/code/my-projects/ant-colony-sim/build/CMakeFiles/CMakeTmp/CheckSymbolExists.c
Linking C executable cmTC_dbfa3
/usr/local/bin/cmake -E cmake_link_script CMakeFiles/cmTC_dbfa3.dir/link.txt --verbose=1
/usr/bin/cc   -D_GNU_SOURCE=1 CMakeFiles/cmTC_dbfa3.dir/CheckSymbolExists.c.o -o cmTC_dbfa3  -lm 
gmake[1]: Leaving directory '/home/lucas/code/my-projects/ant-colony-sim/build/CMakeFiles/CMakeTmp'


File /home/lucas/code/my-projects/ant-colony-sim/build/CMakeFiles/CMakeTmp/CheckSymbolExists.c:
/* */
#include <float.h>
#include <iconv.h>
#include <inttypes.h>
#include <limits.h>
#include <malloc.h>
#include <math.h>
#include <memory.h>
#include <signal.h>
#include <stdarg.h>
#include <stdbool.h>
#include <stddef.h>
#include <stdint.h>
#include <stdio.h>
#include <stdlib.h>
#include <string.h>
#include <strings.h>
#include <sys/types.h>
#include <time.h>
#include <wchar.h>

int main(int argc, char** argv)
{
  (void)argv;
#ifndef roundf
  return ((int*)(&roundf))[argc];
#else
  (void)argc;
  return 0;
#endif
}
Determining if the scalbn exist passed with the following output:
Change Dir: /home/lucas/code/my-projects/ant-colony-sim/build/CMakeFiles/CMakeTmp

Run Build Command(s):/usr/bin/gmake -f Makefile cmTC_3bcd6/fast && /usr/bin/gmake  -f CMakeFiles/cmTC_3bcd6.dir/build.make CMakeFiles/cmTC_3bcd6.dir/build
gmake[1]: Entering directory '/home/lucas/code/my-projects/ant-colony-sim/build/CMakeFiles/CMakeTmp'
Building C object CMakeFiles/cmTC_3bcd6.dir/CheckSymbolExists.c.o
/usr/bin/cc   -D_GNU_SOURCE=1 -o CMakeFiles/cmTC_3bcd6.dir/CheckSymbolExists.c.o -c /home/lucas/code/my-projects/ant-colony-sim/build/CMakeFiles/CMakeTmp/CheckSymbolExists.c
Linking C executable cmTC_3bcd6
/usr/local/bin/cmake -E cmake_link_script CMakeFiles/cmTC_3bcd6.dir/link.txt --verbose=1
/usr/bin/cc   -D_GNU_SOURCE=1 CMakeFiles/cmTC_3bcd6.dir/CheckSymbolExists.c.o -o cmTC_3bcd6  -lm 
gmake[1]: Leaving directory '/home/lucas/code/my-projects/ant-colony-sim/build/CMakeFiles/CMakeTmp'


File /home/lucas/code/my-projects/ant-colony-sim/build/CMakeFiles/CMakeTmp/CheckSymbolExists.c:
/* */
#include <float.h>
#include <iconv.h>
#include <inttypes.h>
#include <limits.h>
#include <malloc.h>
#include <math.h>
#include <memory.h>
#include <signal.h>
#include <stdarg.h>
#include <stdbool.h>
#include <stddef.h>
#include <stdint.h>
#include <stdio.h>
#include <stdlib.h>
#include <string.h>
#include <strings.h>
#include <sys/types.h>
#include <time.h>
#include <wchar.h>

int main(int argc, char** argv)
{
  (void)argv;
#ifndef scalbn
  return ((int*)(&scalbn))[argc];
#else
  (void)argc;
  return 0;
#endif
}
Determining if the scalbnf exist passed with the following output:
Change Dir: /home/lucas/code/my-projects/ant-colony-sim/build/CMakeFiles/CMakeTmp

Run Build Command(s):/usr/bin/gmake -f Makefile cmTC_2c591/fast && /usr/bin/gmake  -f CMakeFiles/cmTC_2c591.dir/build.make CMakeFiles/cmTC_2c591.dir/build
gmake[1]: Entering directory '/home/lucas/code/my-projects/ant-colony-sim/build/CMakeFiles/CMakeTmp'
Building C object CMakeFiles/cmTC_2c591.dir/CheckSymbolExists.c.o
/usr/bin/cc   -D_GNU_SOURCE=1 -o CMakeFiles/cmTC_2c591.dir/CheckSymbolExists.c.o -c /home/lucas/code/my-projects/ant-colony-sim/build/CMakeFiles/CMakeTmp/CheckSymbolExists.c
Linking C executable cmTC_2c591
/usr/local/bin/cmake -E cmake_link_script CMakeFiles/cmTC_2c591.dir/link.txt --verbose=1
/usr/bin/cc   -D_GNU_SOURCE=1 CMakeFiles/cmTC_2c591.dir/CheckSymbolExists.c.o -o cmTC_2c591  -lm 
gmake[1]: Leaving directory '/home/lucas/code/my-projects/ant-colony-sim/build/CMakeFiles/CMakeTmp'


File /home/lucas/code/my-projects/ant-colony-sim/build/CMakeFiles/CMakeTmp/CheckSymbolExists.c:
/* */
#include <float.h>
#include <iconv.h>
#include <inttypes.h>
#include <limits.h>
#include <malloc.h>
#include <math.h>
#include <memory.h>
#include <signal.h>
#include <stdarg.h>
#include <stdbool.h>
#include <stddef.h>
#include <stdint.h>
#include <stdio.h>
#include <stdlib.h>
#include <string.h>
#include <strings.h>
#include <sys/types.h>
#include <time.h>
#include <wchar.h>

int main(int argc, char** argv)
{
  (void)argv;
#ifndef scalbnf
  return ((int*)(&scalbnf))[argc];
#else
  (void)argc;
  return 0;
#endif
}
Determining if the setenv exist passed with the following output:
Change Dir: /home/lucas/code/my-projects/ant-colony-sim/build/CMakeFiles/CMakeTmp

Run Build Command(s):/usr/bin/gmake -f Makefile cmTC_fc91f/fast && /usr/bin/gmake  -f CMakeFiles/cmTC_fc91f.dir/build.make CMakeFiles/cmTC_fc91f.dir/build
gmake[1]: Entering directory '/home/lucas/code/my-projects/ant-colony-sim/build/CMakeFiles/CMakeTmp'
Building C object CMakeFiles/cmTC_fc91f.dir/CheckSymbolExists.c.o
/usr/bin/cc   -D_GNU_SOURCE=1 -o CMakeFiles/cmTC_fc91f.dir/CheckSymbolExists.c.o -c /home/lucas/code/my-projects/ant-colony-sim/build/CMakeFiles/CMakeTmp/CheckSymbolExists.c
Linking C executable cmTC_fc91f
/usr/local/bin/cmake -E cmake_link_script CMakeFiles/cmTC_fc91f.dir/link.txt --verbose=1
/usr/bin/cc   -D_GNU_SOURCE=1 CMakeFiles/cmTC_fc91f.dir/CheckSymbolExists.c.o -o cmTC_fc91f  -lm 
gmake[1]: Leaving directory '/home/lucas/code/my-projects/ant-colony-sim/build/CMakeFiles/CMakeTmp'


File /home/lucas/code/my-projects/ant-colony-sim/build/CMakeFiles/CMakeTmp/CheckSymbolExists.c:
/* */
#include <float.h>
#include <iconv.h>
#include <inttypes.h>
#include <limits.h>
#include <malloc.h>
#include <math.h>
#include <memory.h>
#include <signal.h>
#include <stdarg.h>
#include <stdbool.h>
#include <stddef.h>
#include <stdint.h>
#include <stdio.h>
#include <stdlib.h>
#include <string.h>
#include <strings.h>
#include <sys/types.h>
#include <time.h>
#include <wchar.h>

int main(int argc, char** argv)
{
  (void)argv;
#ifndef setenv
  return ((int*)(&setenv))[argc];
#else
  (void)argc;
  return 0;
#endif
}
Determining if the sin exist passed with the following output:
Change Dir: /home/lucas/code/my-projects/ant-colony-sim/build/CMakeFiles/CMakeTmp

Run Build Command(s):/usr/bin/gmake -f Makefile cmTC_bbf64/fast && /usr/bin/gmake  -f CMakeFiles/cmTC_bbf64.dir/build.make CMakeFiles/cmTC_bbf64.dir/build
gmake[1]: Entering directory '/home/lucas/code/my-projects/ant-colony-sim/build/CMakeFiles/CMakeTmp'
Building C object CMakeFiles/cmTC_bbf64.dir/CheckSymbolExists.c.o
/usr/bin/cc   -D_GNU_SOURCE=1 -o CMakeFiles/cmTC_bbf64.dir/CheckSymbolExists.c.o -c /home/lucas/code/my-projects/ant-colony-sim/build/CMakeFiles/CMakeTmp/CheckSymbolExists.c
Linking C executable cmTC_bbf64
/usr/local/bin/cmake -E cmake_link_script CMakeFiles/cmTC_bbf64.dir/link.txt --verbose=1
/usr/bin/cc   -D_GNU_SOURCE=1 CMakeFiles/cmTC_bbf64.dir/CheckSymbolExists.c.o -o cmTC_bbf64  -lm 
gmake[1]: Leaving directory '/home/lucas/code/my-projects/ant-colony-sim/build/CMakeFiles/CMakeTmp'


File /home/lucas/code/my-projects/ant-colony-sim/build/CMakeFiles/CMakeTmp/CheckSymbolExists.c:
/* */
#include <float.h>
#include <iconv.h>
#include <inttypes.h>
#include <limits.h>
#include <malloc.h>
#include <math.h>
#include <memory.h>
#include <signal.h>
#include <stdarg.h>
#include <stdbool.h>
#include <stddef.h>
#include <stdint.h>
#include <stdio.h>
#include <stdlib.h>
#include <string.h>
#include <strings.h>
#include <sys/types.h>
#include <time.h>
#include <wchar.h>

int main(int argc, char** argv)
{
  (void)argv;
#ifndef sin
  return ((int*)(&sin))[argc];
#else
  (void)argc;
  return 0;
#endif
}
Determining if the sinf exist passed with the following output:
Change Dir: /home/lucas/code/my-projects/ant-colony-sim/build/CMakeFiles/CMakeTmp

Run Build Command(s):/usr/bin/gmake -f Makefile cmTC_f0868/fast && /usr/bin/gmake  -f CMakeFiles/cmTC_f0868.dir/build.make CMakeFiles/cmTC_f0868.dir/build
gmake[1]: Entering directory '/home/lucas/code/my-projects/ant-colony-sim/build/CMakeFiles/CMakeTmp'
Building C object CMakeFiles/cmTC_f0868.dir/CheckSymbolExists.c.o
/usr/bin/cc   -D_GNU_SOURCE=1 -o CMakeFiles/cmTC_f0868.dir/CheckSymbolExists.c.o -c /home/lucas/code/my-projects/ant-colony-sim/build/CMakeFiles/CMakeTmp/CheckSymbolExists.c
Linking C executable cmTC_f0868
/usr/local/bin/cmake -E cmake_link_script CMakeFiles/cmTC_f0868.dir/link.txt --verbose=1
/usr/bin/cc   -D_GNU_SOURCE=1 CMakeFiles/cmTC_f0868.dir/CheckSymbolExists.c.o -o cmTC_f0868  -lm 
gmake[1]: Leaving directory '/home/lucas/code/my-projects/ant-colony-sim/build/CMakeFiles/CMakeTmp'


File /home/lucas/code/my-projects/ant-colony-sim/build/CMakeFiles/CMakeTmp/CheckSymbolExists.c:
/* */
#include <float.h>
#include <iconv.h>
#include <inttypes.h>
#include <limits.h>
#include <malloc.h>
#include <math.h>
#include <memory.h>
#include <signal.h>
#include <stdarg.h>
#include <stdbool.h>
#include <stddef.h>
#include <stdint.h>
#include <stdio.h>
#include <stdlib.h>
#include <string.h>
#include <strings.h>
#include <sys/types.h>
#include <time.h>
#include <wchar.h>

int main(int argc, char** argv)
{
  (void)argv;
#ifndef sinf
  return ((int*)(&sinf))[argc];
#else
  (void)argc;
  return 0;
#endif
}
Determining if the sqrt exist passed with the following output:
Change Dir: /home/lucas/code/my-projects/ant-colony-sim/build/CMakeFiles/CMakeTmp

Run Build Command(s):/usr/bin/gmake -f Makefile cmTC_b8708/fast && /usr/bin/gmake  -f CMakeFiles/cmTC_b8708.dir/build.make CMakeFiles/cmTC_b8708.dir/build
gmake[1]: Entering directory '/home/lucas/code/my-projects/ant-colony-sim/build/CMakeFiles/CMakeTmp'
Building C object CMakeFiles/cmTC_b8708.dir/CheckSymbolExists.c.o
/usr/bin/cc   -D_GNU_SOURCE=1 -o CMakeFiles/cmTC_b8708.dir/CheckSymbolExists.c.o -c /home/lucas/code/my-projects/ant-colony-sim/build/CMakeFiles/CMakeTmp/CheckSymbolExists.c
Linking C executable cmTC_b8708
/usr/local/bin/cmake -E cmake_link_script CMakeFiles/cmTC_b8708.dir/link.txt --verbose=1
/usr/bin/cc   -D_GNU_SOURCE=1 CMakeFiles/cmTC_b8708.dir/CheckSymbolExists.c.o -o cmTC_b8708  -lm 
gmake[1]: Leaving directory '/home/lucas/code/my-projects/ant-colony-sim/build/CMakeFiles/CMakeTmp'


File /home/lucas/code/my-projects/ant-colony-sim/build/CMakeFiles/CMakeTmp/CheckSymbolExists.c:
/* */
#include <float.h>
#include <iconv.h>
#include <inttypes.h>
#include <limits.h>
#include <malloc.h>
#include <math.h>
#include <memory.h>
#include <signal.h>
#include <stdarg.h>
#include <stdbool.h>
#include <stddef.h>
#include <stdint.h>
#include <stdio.h>
#include <stdlib.h>
#include <string.h>
#include <strings.h>
#include <sys/types.h>
#include <time.h>
#include <wchar.h>

int main(int argc, char** argv)
{
  (void)argv;
#ifndef sqrt
  return ((int*)(&sqrt))[argc];
#else
  (void)argc;
  return 0;
#endif
}
Determining if the sqrtf exist passed with the following output:
Change Dir: /home/lucas/code/my-projects/ant-colony-sim/build/CMakeFiles/CMakeTmp

Run Build Command(s):/usr/bin/gmake -f Makefile cmTC_e15e0/fast && /usr/bin/gmake  -f CMakeFiles/cmTC_e15e0.dir/build.make CMakeFiles/cmTC_e15e0.dir/build
gmake[1]: Entering directory '/home/lucas/code/my-projects/ant-colony-sim/build/CMakeFiles/CMakeTmp'
Building C object CMakeFiles/cmTC_e15e0.dir/CheckSymbolExists.c.o
/usr/bin/cc   -D_GNU_SOURCE=1 -o CMakeFiles/cmTC_e15e0.dir/CheckSymbolExists.c.o -c /home/lucas/code/my-projects/ant-colony-sim/build/CMakeFiles/CMakeTmp/CheckSymbolExists.c
Linking C executable cmTC_e15e0
/usr/local/bin/cmake -E cmake_link_script CMakeFiles/cmTC_e15e0.dir/link.txt --verbose=1
/usr/bin/cc   -D_GNU_SOURCE=1 CMakeFiles/cmTC_e15e0.dir/CheckSymbolExists.c.o -o cmTC_e15e0  -lm 
gmake[1]: Leaving directory '/home/lucas/code/my-projects/ant-colony-sim/build/CMakeFiles/CMakeTmp'


File /home/lucas/code/my-projects/ant-colony-sim/build/CMakeFiles/CMakeTmp/CheckSymbolExists.c:
/* */
#include <float.h>
#include <iconv.h>
#include <inttypes.h>
#include <limits.h>
#include <malloc.h>
#include <math.h>
#include <memory.h>
#include <signal.h>
#include <stdarg.h>
#include <stdbool.h>
#include <stddef.h>
#include <stdint.h>
#include <stdio.h>
#include <stdlib.h>
#include <string.h>
#include <strings.h>
#include <sys/types.h>
#include <time.h>
#include <wchar.h>

int main(int argc, char** argv)
{
  (void)argv;
#ifndef sqrtf
  return ((int*)(&sqrtf))[argc];
#else
  (void)argc;
  return 0;
#endif
}
Determining if the sscanf exist passed with the following output:
Change Dir: /home/lucas/code/my-projects/ant-colony-sim/build/CMakeFiles/CMakeTmp

Run Build Command(s):/usr/bin/gmake -f Makefile cmTC_53563/fast && /usr/bin/gmake  -f CMakeFiles/cmTC_53563.dir/build.make CMakeFiles/cmTC_53563.dir/build
gmake[1]: Entering directory '/home/lucas/code/my-projects/ant-colony-sim/build/CMakeFiles/CMakeTmp'
Building C object CMakeFiles/cmTC_53563.dir/CheckSymbolExists.c.o
/usr/bin/cc   -D_GNU_SOURCE=1 -o CMakeFiles/cmTC_53563.dir/CheckSymbolExists.c.o -c /home/lucas/code/my-projects/ant-colony-sim/build/CMakeFiles/CMakeTmp/CheckSymbolExists.c
Linking C executable cmTC_53563
/usr/local/bin/cmake -E cmake_link_script CMakeFiles/cmTC_53563.dir/link.txt --verbose=1
/usr/bin/cc   -D_GNU_SOURCE=1 CMakeFiles/cmTC_53563.dir/CheckSymbolExists.c.o -o cmTC_53563  -lm 
gmake[1]: Leaving directory '/home/lucas/code/my-projects/ant-colony-sim/build/CMakeFiles/CMakeTmp'


File /home/lucas/code/my-projects/ant-colony-sim/build/CMakeFiles/CMakeTmp/CheckSymbolExists.c:
/* */
#include <float.h>
#include <iconv.h>
#include <inttypes.h>
#include <limits.h>
#include <malloc.h>
#include <math.h>
#include <memory.h>
#include <signal.h>
#include <stdarg.h>
#include <stdbool.h>
#include <stddef.h>
#include <stdint.h>
#include <stdio.h>
#include <stdlib.h>
#include <string.h>
#include <strings.h>
#include <sys/types.h>
#include <time.h>
#include <wchar.h>

int main(int argc, char** argv)
{
  (void)argv;
#ifndef sscanf
  return ((int*)(&sscanf))[argc];
#else
  (void)argc;
  return 0;
#endif
}
Determining if the strchr exist passed with the following output:
Change Dir: /home/lucas/code/my-projects/ant-colony-sim/build/CMakeFiles/CMakeTmp

Run Build Command(s):/usr/bin/gmake -f Makefile cmTC_c4096/fast && /usr/bin/gmake  -f CMakeFiles/cmTC_c4096.dir/build.make CMakeFiles/cmTC_c4096.dir/build
gmake[1]: Entering directory '/home/lucas/code/my-projects/ant-colony-sim/build/CMakeFiles/CMakeTmp'
Building C object CMakeFiles/cmTC_c4096.dir/CheckSymbolExists.c.o
/usr/bin/cc   -D_GNU_SOURCE=1 -o CMakeFiles/cmTC_c4096.dir/CheckSymbolExists.c.o -c /home/lucas/code/my-projects/ant-colony-sim/build/CMakeFiles/CMakeTmp/CheckSymbolExists.c
Linking C executable cmTC_c4096
/usr/local/bin/cmake -E cmake_link_script CMakeFiles/cmTC_c4096.dir/link.txt --verbose=1
/usr/bin/cc   -D_GNU_SOURCE=1 CMakeFiles/cmTC_c4096.dir/CheckSymbolExists.c.o -o cmTC_c4096  -lm 
gmake[1]: Leaving directory '/home/lucas/code/my-projects/ant-colony-sim/build/CMakeFiles/CMakeTmp'


File /home/lucas/code/my-projects/ant-colony-sim/build/CMakeFiles/CMakeTmp/CheckSymbolExists.c:
/* */
#include <float.h>
#include <iconv.h>
#include <inttypes.h>
#include <limits.h>
#include <malloc.h>
#include <math.h>
#include <memory.h>
#include <signal.h>
#include <stdarg.h>
#include <stdbool.h>
#include <stddef.h>
#include <stdint.h>
#include <stdio.h>
#include <stdlib.h>
#include <string.h>
#include <strings.h>
#include <sys/types.h>
#include <time.h>
#include <wchar.h>

int main(int argc, char** argv)
{
  (void)argv;
#ifndef strchr
  return ((int*)(&strchr))[argc];
#else
  (void)argc;
  return 0;
#endif
}
Determining if the strcmp exist passed with the following output:
Change Dir: /home/lucas/code/my-projects/ant-colony-sim/build/CMakeFiles/CMakeTmp

Run Build Command(s):/usr/bin/gmake -f Makefile cmTC_4bd77/fast && /usr/bin/gmake  -f CMakeFiles/cmTC_4bd77.dir/build.make CMakeFiles/cmTC_4bd77.dir/build
gmake[1]: Entering directory '/home/lucas/code/my-projects/ant-colony-sim/build/CMakeFiles/CMakeTmp'
Building C object CMakeFiles/cmTC_4bd77.dir/CheckSymbolExists.c.o
/usr/bin/cc   -D_GNU_SOURCE=1 -o CMakeFiles/cmTC_4bd77.dir/CheckSymbolExists.c.o -c /home/lucas/code/my-projects/ant-colony-sim/build/CMakeFiles/CMakeTmp/CheckSymbolExists.c
Linking C executable cmTC_4bd77
/usr/local/bin/cmake -E cmake_link_script CMakeFiles/cmTC_4bd77.dir/link.txt --verbose=1
/usr/bin/cc   -D_GNU_SOURCE=1 CMakeFiles/cmTC_4bd77.dir/CheckSymbolExists.c.o -o cmTC_4bd77  -lm 
gmake[1]: Leaving directory '/home/lucas/code/my-projects/ant-colony-sim/build/CMakeFiles/CMakeTmp'


File /home/lucas/code/my-projects/ant-colony-sim/build/CMakeFiles/CMakeTmp/CheckSymbolExists.c:
/* */
#include <float.h>
#include <iconv.h>
#include <inttypes.h>
#include <limits.h>
#include <malloc.h>
#include <math.h>
#include <memory.h>
#include <signal.h>
#include <stdarg.h>
#include <stdbool.h>
#include <stddef.h>
#include <stdint.h>
#include <stdio.h>
#include <stdlib.h>
#include <string.h>
#include <strings.h>
#include <sys/types.h>
#include <time.h>
#include <wchar.h>

int main(int argc, char** argv)
{
  (void)argv;
#ifndef strcmp
  return ((int*)(&strcmp))[argc];
#else
  (void)argc;
  return 0;
#endif
}
Determining if the strlcat exist passed with the following output:
Change Dir: /home/lucas/code/my-projects/ant-colony-sim/build/CMakeFiles/CMakeTmp

Run Build Command(s):/usr/bin/gmake -f Makefile cmTC_1e9a0/fast && /usr/bin/gmake  -f CMakeFiles/cmTC_1e9a0.dir/build.make CMakeFiles/cmTC_1e9a0.dir/build
gmake[1]: Entering directory '/home/lucas/code/my-projects/ant-colony-sim/build/CMakeFiles/CMakeTmp'
Building C object CMakeFiles/cmTC_1e9a0.dir/CheckSymbolExists.c.o
/usr/bin/cc   -D_GNU_SOURCE=1 -o CMakeFiles/cmTC_1e9a0.dir/CheckSymbolExists.c.o -c /home/lucas/code/my-projects/ant-colony-sim/build/CMakeFiles/CMakeTmp/CheckSymbolExists.c
Linking C executable cmTC_1e9a0
/usr/local/bin/cmake -E cmake_link_script CMakeFiles/cmTC_1e9a0.dir/link.txt --verbose=1
/usr/bin/cc   -D_GNU_SOURCE=1 CMakeFiles/cmTC_1e9a0.dir/CheckSymbolExists.c.o -o cmTC_1e9a0  -lm 
gmake[1]: Leaving directory '/home/lucas/code/my-projects/ant-colony-sim/build/CMakeFiles/CMakeTmp'


File /home/lucas/code/my-projects/ant-colony-sim/build/CMakeFiles/CMakeTmp/CheckSymbolExists.c:
/* */
#include <float.h>
#include <iconv.h>
#include <inttypes.h>
#include <limits.h>
#include <malloc.h>
#include <math.h>
#include <memory.h>
#include <signal.h>
#include <stdarg.h>
#include <stdbool.h>
#include <stddef.h>
#include <stdint.h>
#include <stdio.h>
#include <stdlib.h>
#include <string.h>
#include <strings.h>
#include <sys/types.h>
#include <time.h>
#include <wchar.h>

int main(int argc, char** argv)
{
  (void)argv;
#ifndef strlcat
  return ((int*)(&strlcat))[argc];
#else
  (void)argc;
  return 0;
#endif
}
Determining if the strlcpy exist passed with the following output:
Change Dir: /home/lucas/code/my-projects/ant-colony-sim/build/CMakeFiles/CMakeTmp

Run Build Command(s):/usr/bin/gmake -f Makefile cmTC_d7103/fast && /usr/bin/gmake  -f CMakeFiles/cmTC_d7103.dir/build.make CMakeFiles/cmTC_d7103.dir/build
gmake[1]: Entering directory '/home/lucas/code/my-projects/ant-colony-sim/build/CMakeFiles/CMakeTmp'
Building C object CMakeFiles/cmTC_d7103.dir/CheckSymbolExists.c.o
/usr/bin/cc   -D_GNU_SOURCE=1 -o CMakeFiles/cmTC_d7103.dir/CheckSymbolExists.c.o -c /home/lucas/code/my-projects/ant-colony-sim/build/CMakeFiles/CMakeTmp/CheckSymbolExists.c
Linking C executable cmTC_d7103
/usr/local/bin/cmake -E cmake_link_script CMakeFiles/cmTC_d7103.dir/link.txt --verbose=1
/usr/bin/cc   -D_GNU_SOURCE=1 CMakeFiles/cmTC_d7103.dir/CheckSymbolExists.c.o -o cmTC_d7103  -lm 
gmake[1]: Leaving directory '/home/lucas/code/my-projects/ant-colony-sim/build/CMakeFiles/CMakeTmp'


File /home/lucas/code/my-projects/ant-colony-sim/build/CMakeFiles/CMakeTmp/CheckSymbolExists.c:
/* */
#include <float.h>
#include <iconv.h>
#include <inttypes.h>
#include <limits.h>
#include <malloc.h>
#include <math.h>
#include <memory.h>
#include <signal.h>
#include <stdarg.h>
#include <stdbool.h>
#include <stddef.h>
#include <stdint.h>
#include <stdio.h>
#include <stdlib.h>
#include <string.h>
#include <strings.h>
#include <sys/types.h>
#include <time.h>
#include <wchar.h>

int main(int argc, char** argv)
{
  (void)argv;
#ifndef strlcpy
  return ((int*)(&strlcpy))[argc];
#else
  (void)argc;
  return 0;
#endif
}
Determining if the strlen exist passed with the following output:
Change Dir: /home/lucas/code/my-projects/ant-colony-sim/build/CMakeFiles/CMakeTmp

Run Build Command(s):/usr/bin/gmake -f Makefile cmTC_b469f/fast && /usr/bin/gmake  -f CMakeFiles/cmTC_b469f.dir/build.make CMakeFiles/cmTC_b469f.dir/build
gmake[1]: Entering directory '/home/lucas/code/my-projects/ant-colony-sim/build/CMakeFiles/CMakeTmp'
Building C object CMakeFiles/cmTC_b469f.dir/CheckSymbolExists.c.o
/usr/bin/cc   -D_GNU_SOURCE=1 -o CMakeFiles/cmTC_b469f.dir/CheckSymbolExists.c.o -c /home/lucas/code/my-projects/ant-colony-sim/build/CMakeFiles/CMakeTmp/CheckSymbolExists.c
Linking C executable cmTC_b469f
/usr/local/bin/cmake -E cmake_link_script CMakeFiles/cmTC_b469f.dir/link.txt --verbose=1
/usr/bin/cc   -D_GNU_SOURCE=1 CMakeFiles/cmTC_b469f.dir/CheckSymbolExists.c.o -o cmTC_b469f  -lm 
gmake[1]: Leaving directory '/home/lucas/code/my-projects/ant-colony-sim/build/CMakeFiles/CMakeTmp'


File /home/lucas/code/my-projects/ant-colony-sim/build/CMakeFiles/CMakeTmp/CheckSymbolExists.c:
/* */
#include <float.h>
#include <iconv.h>
#include <inttypes.h>
#include <limits.h>
#include <malloc.h>
#include <math.h>
#include <memory.h>
#include <signal.h>
#include <stdarg.h>
#include <stdbool.h>
#include <stddef.h>
#include <stdint.h>
#include <stdio.h>
#include <stdlib.h>
#include <string.h>
#include <strings.h>
#include <sys/types.h>
#include <time.h>
#include <wchar.h>

int main(int argc, char** argv)
{
  (void)argv;
#ifndef strlen
  return ((int*)(&strlen))[argc];
#else
  (void)argc;
  return 0;
#endif
}
Determining if the strncmp exist passed with the following output:
Change Dir: /home/lucas/code/my-projects/ant-colony-sim/build/CMakeFiles/CMakeTmp

Run Build Command(s):/usr/bin/gmake -f Makefile cmTC_d8dd0/fast && /usr/bin/gmake  -f CMakeFiles/cmTC_d8dd0.dir/build.make CMakeFiles/cmTC_d8dd0.dir/build
gmake[1]: Entering directory '/home/lucas/code/my-projects/ant-colony-sim/build/CMakeFiles/CMakeTmp'
Building C object CMakeFiles/cmTC_d8dd0.dir/CheckSymbolExists.c.o
/usr/bin/cc   -D_GNU_SOURCE=1 -o CMakeFiles/cmTC_d8dd0.dir/CheckSymbolExists.c.o -c /home/lucas/code/my-projects/ant-colony-sim/build/CMakeFiles/CMakeTmp/CheckSymbolExists.c
Linking C executable cmTC_d8dd0
/usr/local/bin/cmake -E cmake_link_script CMakeFiles/cmTC_d8dd0.dir/link.txt --verbose=1
/usr/bin/cc   -D_GNU_SOURCE=1 CMakeFiles/cmTC_d8dd0.dir/CheckSymbolExists.c.o -o cmTC_d8dd0  -lm 
gmake[1]: Leaving directory '/home/lucas/code/my-projects/ant-colony-sim/build/CMakeFiles/CMakeTmp'


File /home/lucas/code/my-projects/ant-colony-sim/build/CMakeFiles/CMakeTmp/CheckSymbolExists.c:
/* */
#include <float.h>
#include <iconv.h>
#include <inttypes.h>
#include <limits.h>
#include <malloc.h>
#include <math.h>
#include <memory.h>
#include <signal.h>
#include <stdarg.h>
#include <stdbool.h>
#include <stddef.h>
#include <stdint.h>
#include <stdio.h>
#include <stdlib.h>
#include <string.h>
#include <strings.h>
#include <sys/types.h>
#include <time.h>
#include <wchar.h>

int main(int argc, char** argv)
{
  (void)argv;
#ifndef strncmp
  return ((int*)(&strncmp))[argc];
#else
  (void)argc;
  return 0;
#endif
}
Determining if the strnlen exist passed with the following output:
Change Dir: /home/lucas/code/my-projects/ant-colony-sim/build/CMakeFiles/CMakeTmp

Run Build Command(s):/usr/bin/gmake -f Makefile cmTC_de4cb/fast && /usr/bin/gmake  -f CMakeFiles/cmTC_de4cb.dir/build.make CMakeFiles/cmTC_de4cb.dir/build
gmake[1]: Entering directory '/home/lucas/code/my-projects/ant-colony-sim/build/CMakeFiles/CMakeTmp'
Building C object CMakeFiles/cmTC_de4cb.dir/CheckSymbolExists.c.o
/usr/bin/cc   -D_GNU_SOURCE=1 -o CMakeFiles/cmTC_de4cb.dir/CheckSymbolExists.c.o -c /home/lucas/code/my-projects/ant-colony-sim/build/CMakeFiles/CMakeTmp/CheckSymbolExists.c
Linking C executable cmTC_de4cb
/usr/local/bin/cmake -E cmake_link_script CMakeFiles/cmTC_de4cb.dir/link.txt --verbose=1
/usr/bin/cc   -D_GNU_SOURCE=1 CMakeFiles/cmTC_de4cb.dir/CheckSymbolExists.c.o -o cmTC_de4cb  -lm 
gmake[1]: Leaving directory '/home/lucas/code/my-projects/ant-colony-sim/build/CMakeFiles/CMakeTmp'


File /home/lucas/code/my-projects/ant-colony-sim/build/CMakeFiles/CMakeTmp/CheckSymbolExists.c:
/* */
#include <float.h>
#include <iconv.h>
#include <inttypes.h>
#include <limits.h>
#include <malloc.h>
#include <math.h>
#include <memory.h>
#include <signal.h>
#include <stdarg.h>
#include <stdbool.h>
#include <stddef.h>
#include <stdint.h>
#include <stdio.h>
#include <stdlib.h>
#include <string.h>
#include <strings.h>
#include <sys/types.h>
#include <time.h>
#include <wchar.h>

int main(int argc, char** argv)
{
  (void)argv;
#ifndef strnlen
  return ((int*)(&strnlen))[argc];
#else
  (void)argc;
  return 0;
#endif
}
Determining if the strpbrk exist passed with the following output:
Change Dir: /home/lucas/code/my-projects/ant-colony-sim/build/CMakeFiles/CMakeTmp

Run Build Command(s):/usr/bin/gmake -f Makefile cmTC_9b2ca/fast && /usr/bin/gmake  -f CMakeFiles/cmTC_9b2ca.dir/build.make CMakeFiles/cmTC_9b2ca.dir/build
gmake[1]: Entering directory '/home/lucas/code/my-projects/ant-colony-sim/build/CMakeFiles/CMakeTmp'
Building C object CMakeFiles/cmTC_9b2ca.dir/CheckSymbolExists.c.o
/usr/bin/cc   -D_GNU_SOURCE=1 -o CMakeFiles/cmTC_9b2ca.dir/CheckSymbolExists.c.o -c /home/lucas/code/my-projects/ant-colony-sim/build/CMakeFiles/CMakeTmp/CheckSymbolExists.c
Linking C executable cmTC_9b2ca
/usr/local/bin/cmake -E cmake_link_script CMakeFiles/cmTC_9b2ca.dir/link.txt --verbose=1
/usr/bin/cc   -D_GNU_SOURCE=1 CMakeFiles/cmTC_9b2ca.dir/CheckSymbolExists.c.o -o cmTC_9b2ca  -lm 
gmake[1]: Leaving directory '/home/lucas/code/my-projects/ant-colony-sim/build/CMakeFiles/CMakeTmp'


File /home/lucas/code/my-projects/ant-colony-sim/build/CMakeFiles/CMakeTmp/CheckSymbolExists.c:
/* */
#include <float.h>
#include <iconv.h>
#include <inttypes.h>
#include <limits.h>
#include <malloc.h>
#include <math.h>
#include <memory.h>
#include <signal.h>
#include <stdarg.h>
#include <stdbool.h>
#include <stddef.h>
#include <stdint.h>
#include <stdio.h>
#include <stdlib.h>
#include <string.h>
#include <strings.h>
#include <sys/types.h>
#include <time.h>
#include <wchar.h>

int main(int argc, char** argv)
{
  (void)argv;
#ifndef strpbrk
  return ((int*)(&strpbrk))[argc];
#else
  (void)argc;
  return 0;
#endif
}
Determining if the strrchr exist passed with the following output:
Change Dir: /home/lucas/code/my-projects/ant-colony-sim/build/CMakeFiles/CMakeTmp

Run Build Command(s):/usr/bin/gmake -f Makefile cmTC_67503/fast && /usr/bin/gmake  -f CMakeFiles/cmTC_67503.dir/build.make CMakeFiles/cmTC_67503.dir/build
gmake[1]: Entering directory '/home/lucas/code/my-projects/ant-colony-sim/build/CMakeFiles/CMakeTmp'
Building C object CMakeFiles/cmTC_67503.dir/CheckSymbolExists.c.o
/usr/bin/cc   -D_GNU_SOURCE=1 -o CMakeFiles/cmTC_67503.dir/CheckSymbolExists.c.o -c /home/lucas/code/my-projects/ant-colony-sim/build/CMakeFiles/CMakeTmp/CheckSymbolExists.c
Linking C executable cmTC_67503
/usr/local/bin/cmake -E cmake_link_script CMakeFiles/cmTC_67503.dir/link.txt --verbose=1
/usr/bin/cc   -D_GNU_SOURCE=1 CMakeFiles/cmTC_67503.dir/CheckSymbolExists.c.o -o cmTC_67503  -lm 
gmake[1]: Leaving directory '/home/lucas/code/my-projects/ant-colony-sim/build/CMakeFiles/CMakeTmp'


File /home/lucas/code/my-projects/ant-colony-sim/build/CMakeFiles/CMakeTmp/CheckSymbolExists.c:
/* */
#include <float.h>
#include <iconv.h>
#include <inttypes.h>
#include <limits.h>
#include <malloc.h>
#include <math.h>
#include <memory.h>
#include <signal.h>
#include <stdarg.h>
#include <stdbool.h>
#include <stddef.h>
#include <stdint.h>
#include <stdio.h>
#include <stdlib.h>
#include <string.h>
#include <strings.h>
#include <sys/types.h>
#include <time.h>
#include <wchar.h>

int main(int argc, char** argv)
{
  (void)argv;
#ifndef strrchr
  return ((int*)(&strrchr))[argc];
#else
  (void)argc;
  return 0;
#endif
}
Determining if the strstr exist passed with the following output:
Change Dir: /home/lucas/code/my-projects/ant-colony-sim/build/CMakeFiles/CMakeTmp

Run Build Command(s):/usr/bin/gmake -f Makefile cmTC_2ac27/fast && /usr/bin/gmake  -f CMakeFiles/cmTC_2ac27.dir/build.make CMakeFiles/cmTC_2ac27.dir/build
gmake[1]: Entering directory '/home/lucas/code/my-projects/ant-colony-sim/build/CMakeFiles/CMakeTmp'
Building C object CMakeFiles/cmTC_2ac27.dir/CheckSymbolExists.c.o
/usr/bin/cc   -D_GNU_SOURCE=1 -o CMakeFiles/cmTC_2ac27.dir/CheckSymbolExists.c.o -c /home/lucas/code/my-projects/ant-colony-sim/build/CMakeFiles/CMakeTmp/CheckSymbolExists.c
Linking C executable cmTC_2ac27
/usr/local/bin/cmake -E cmake_link_script CMakeFiles/cmTC_2ac27.dir/link.txt --verbose=1
/usr/bin/cc   -D_GNU_SOURCE=1 CMakeFiles/cmTC_2ac27.dir/CheckSymbolExists.c.o -o cmTC_2ac27  -lm 
gmake[1]: Leaving directory '/home/lucas/code/my-projects/ant-colony-sim/build/CMakeFiles/CMakeTmp'


File /home/lucas/code/my-projects/ant-colony-sim/build/CMakeFiles/CMakeTmp/CheckSymbolExists.c:
/* */
#include <float.h>
#include <iconv.h>
#include <inttypes.h>
#include <limits.h>
#include <malloc.h>
#include <math.h>
#include <memory.h>
#include <signal.h>
#include <stdarg.h>
#include <stdbool.h>
#include <stddef.h>
#include <stdint.h>
#include <stdio.h>
#include <stdlib.h>
#include <string.h>
#include <strings.h>
#include <sys/types.h>
#include <time.h>
#include <wchar.h>

int main(int argc, char** argv)
{
  (void)argv;
#ifndef strstr
  return ((int*)(&strstr))[argc];
#else
  (void)argc;
  return 0;
#endif
}
Determining if the strtod exist passed with the following output:
Change Dir: /home/lucas/code/my-projects/ant-colony-sim/build/CMakeFiles/CMakeTmp

Run Build Command(s):/usr/bin/gmake -f Makefile cmTC_fbede/fast && /usr/bin/gmake  -f CMakeFiles/cmTC_fbede.dir/build.make CMakeFiles/cmTC_fbede.dir/build
gmake[1]: Entering directory '/home/lucas/code/my-projects/ant-colony-sim/build/CMakeFiles/CMakeTmp'
Building C object CMakeFiles/cmTC_fbede.dir/CheckSymbolExists.c.o
/usr/bin/cc   -D_GNU_SOURCE=1 -o CMakeFiles/cmTC_fbede.dir/CheckSymbolExists.c.o -c /home/lucas/code/my-projects/ant-colony-sim/build/CMakeFiles/CMakeTmp/CheckSymbolExists.c
Linking C executable cmTC_fbede
/usr/local/bin/cmake -E cmake_link_script CMakeFiles/cmTC_fbede.dir/link.txt --verbose=1
/usr/bin/cc   -D_GNU_SOURCE=1 CMakeFiles/cmTC_fbede.dir/CheckSymbolExists.c.o -o cmTC_fbede  -lm 
gmake[1]: Leaving directory '/home/lucas/code/my-projects/ant-colony-sim/build/CMakeFiles/CMakeTmp'


File /home/lucas/code/my-projects/ant-colony-sim/build/CMakeFiles/CMakeTmp/CheckSymbolExists.c:
/* */
#include <float.h>
#include <iconv.h>
#include <inttypes.h>
#include <limits.h>
#include <malloc.h>
#include <math.h>
#include <memory.h>
#include <signal.h>
#include <stdarg.h>
#include <stdbool.h>
#include <stddef.h>
#include <stdint.h>
#include <stdio.h>
#include <stdlib.h>
#include <string.h>
#include <strings.h>
#include <sys/types.h>
#include <time.h>
#include <wchar.h>

int main(int argc, char** argv)
{
  (void)argv;
#ifndef strtod
  return ((int*)(&strtod))[argc];
#else
  (void)argc;
  return 0;
#endif
}
Determining if the strtok_r exist passed with the following output:
Change Dir: /home/lucas/code/my-projects/ant-colony-sim/build/CMakeFiles/CMakeTmp

Run Build Command(s):/usr/bin/gmake -f Makefile cmTC_4cd84/fast && /usr/bin/gmake  -f CMakeFiles/cmTC_4cd84.dir/build.make CMakeFiles/cmTC_4cd84.dir/build
gmake[1]: Entering directory '/home/lucas/code/my-projects/ant-colony-sim/build/CMakeFiles/CMakeTmp'
Building C object CMakeFiles/cmTC_4cd84.dir/CheckSymbolExists.c.o
/usr/bin/cc   -D_GNU_SOURCE=1 -o CMakeFiles/cmTC_4cd84.dir/CheckSymbolExists.c.o -c /home/lucas/code/my-projects/ant-colony-sim/build/CMakeFiles/CMakeTmp/CheckSymbolExists.c
Linking C executable cmTC_4cd84
/usr/local/bin/cmake -E cmake_link_script CMakeFiles/cmTC_4cd84.dir/link.txt --verbose=1
/usr/bin/cc   -D_GNU_SOURCE=1 CMakeFiles/cmTC_4cd84.dir/CheckSymbolExists.c.o -o cmTC_4cd84  -lm 
gmake[1]: Leaving directory '/home/lucas/code/my-projects/ant-colony-sim/build/CMakeFiles/CMakeTmp'


File /home/lucas/code/my-projects/ant-colony-sim/build/CMakeFiles/CMakeTmp/CheckSymbolExists.c:
/* */
#include <float.h>
#include <iconv.h>
#include <inttypes.h>
#include <limits.h>
#include <malloc.h>
#include <math.h>
#include <memory.h>
#include <signal.h>
#include <stdarg.h>
#include <stdbool.h>
#include <stddef.h>
#include <stdint.h>
#include <stdio.h>
#include <stdlib.h>
#include <string.h>
#include <strings.h>
#include <sys/types.h>
#include <time.h>
#include <wchar.h>

int main(int argc, char** argv)
{
  (void)argv;
#ifndef strtok_r
  return ((int*)(&strtok_r))[argc];
#else
  (void)argc;
  return 0;
#endif
}
Determining if the strtol exist passed with the following output:
Change Dir: /home/lucas/code/my-projects/ant-colony-sim/build/CMakeFiles/CMakeTmp

Run Build Command(s):/usr/bin/gmake -f Makefile cmTC_a86f2/fast && /usr/bin/gmake  -f CMakeFiles/cmTC_a86f2.dir/build.make CMakeFiles/cmTC_a86f2.dir/build
gmake[1]: Entering directory '/home/lucas/code/my-projects/ant-colony-sim/build/CMakeFiles/CMakeTmp'
Building C object CMakeFiles/cmTC_a86f2.dir/CheckSymbolExists.c.o
/usr/bin/cc   -D_GNU_SOURCE=1 -o CMakeFiles/cmTC_a86f2.dir/CheckSymbolExists.c.o -c /home/lucas/code/my-projects/ant-colony-sim/build/CMakeFiles/CMakeTmp/CheckSymbolExists.c
Linking C executable cmTC_a86f2
/usr/local/bin/cmake -E cmake_link_script CMakeFiles/cmTC_a86f2.dir/link.txt --verbose=1
/usr/bin/cc   -D_GNU_SOURCE=1 CMakeFiles/cmTC_a86f2.dir/CheckSymbolExists.c.o -o cmTC_a86f2  -lm 
gmake[1]: Leaving directory '/home/lucas/code/my-projects/ant-colony-sim/build/CMakeFiles/CMakeTmp'


File /home/lucas/code/my-projects/ant-colony-sim/build/CMakeFiles/CMakeTmp/CheckSymbolExists.c:
/* */
#include <float.h>
#include <iconv.h>
#include <inttypes.h>
#include <limits.h>
#include <malloc.h>
#include <math.h>
#include <memory.h>
#include <signal.h>
#include <stdarg.h>
#include <stdbool.h>
#include <stddef.h>
#include <stdint.h>
#include <stdio.h>
#include <stdlib.h>
#include <string.h>
#include <strings.h>
#include <sys/types.h>
#include <time.h>
#include <wchar.h>

int main(int argc, char** argv)
{
  (void)argv;
#ifndef strtol
  return ((int*)(&strtol))[argc];
#else
  (void)argc;
  return 0;
#endif
}
Determining if the strtoll exist passed with the following output:
Change Dir: /home/lucas/code/my-projects/ant-colony-sim/build/CMakeFiles/CMakeTmp

Run Build Command(s):/usr/bin/gmake -f Makefile cmTC_4408b/fast && /usr/bin/gmake  -f CMakeFiles/cmTC_4408b.dir/build.make CMakeFiles/cmTC_4408b.dir/build
gmake[1]: Entering directory '/home/lucas/code/my-projects/ant-colony-sim/build/CMakeFiles/CMakeTmp'
Building C object CMakeFiles/cmTC_4408b.dir/CheckSymbolExists.c.o
/usr/bin/cc   -D_GNU_SOURCE=1 -o CMakeFiles/cmTC_4408b.dir/CheckSymbolExists.c.o -c /home/lucas/code/my-projects/ant-colony-sim/build/CMakeFiles/CMakeTmp/CheckSymbolExists.c
Linking C executable cmTC_4408b
/usr/local/bin/cmake -E cmake_link_script CMakeFiles/cmTC_4408b.dir/link.txt --verbose=1
/usr/bin/cc   -D_GNU_SOURCE=1 CMakeFiles/cmTC_4408b.dir/CheckSymbolExists.c.o -o cmTC_4408b  -lm 
gmake[1]: Leaving directory '/home/lucas/code/my-projects/ant-colony-sim/build/CMakeFiles/CMakeTmp'


File /home/lucas/code/my-projects/ant-colony-sim/build/CMakeFiles/CMakeTmp/CheckSymbolExists.c:
/* */
#include <float.h>
#include <iconv.h>
#include <inttypes.h>
#include <limits.h>
#include <malloc.h>
#include <math.h>
#include <memory.h>
#include <signal.h>
#include <stdarg.h>
#include <stdbool.h>
#include <stddef.h>
#include <stdint.h>
#include <stdio.h>
#include <stdlib.h>
#include <string.h>
#include <strings.h>
#include <sys/types.h>
#include <time.h>
#include <wchar.h>

int main(int argc, char** argv)
{
  (void)argv;
#ifndef strtoll
  return ((int*)(&strtoll))[argc];
#else
  (void)argc;
  return 0;
#endif
}
Determining if the strtoul exist passed with the following output:
Change Dir: /home/lucas/code/my-projects/ant-colony-sim/build/CMakeFiles/CMakeTmp

Run Build Command(s):/usr/bin/gmake -f Makefile cmTC_83b63/fast && /usr/bin/gmake  -f CMakeFiles/cmTC_83b63.dir/build.make CMakeFiles/cmTC_83b63.dir/build
gmake[1]: Entering directory '/home/lucas/code/my-projects/ant-colony-sim/build/CMakeFiles/CMakeTmp'
Building C object CMakeFiles/cmTC_83b63.dir/CheckSymbolExists.c.o
/usr/bin/cc   -D_GNU_SOURCE=1 -o CMakeFiles/cmTC_83b63.dir/CheckSymbolExists.c.o -c /home/lucas/code/my-projects/ant-colony-sim/build/CMakeFiles/CMakeTmp/CheckSymbolExists.c
Linking C executable cmTC_83b63
/usr/local/bin/cmake -E cmake_link_script CMakeFiles/cmTC_83b63.dir/link.txt --verbose=1
/usr/bin/cc   -D_GNU_SOURCE=1 CMakeFiles/cmTC_83b63.dir/CheckSymbolExists.c.o -o cmTC_83b63  -lm 
gmake[1]: Leaving directory '/home/lucas/code/my-projects/ant-colony-sim/build/CMakeFiles/CMakeTmp'


File /home/lucas/code/my-projects/ant-colony-sim/build/CMakeFiles/CMakeTmp/CheckSymbolExists.c:
/* */
#include <float.h>
#include <iconv.h>
#include <inttypes.h>
#include <limits.h>
#include <malloc.h>
#include <math.h>
#include <memory.h>
#include <signal.h>
#include <stdarg.h>
#include <stdbool.h>
#include <stddef.h>
#include <stdint.h>
#include <stdio.h>
#include <stdlib.h>
#include <string.h>
#include <strings.h>
#include <sys/types.h>
#include <time.h>
#include <wchar.h>

int main(int argc, char** argv)
{
  (void)argv;
#ifndef strtoul
  return ((int*)(&strtoul))[argc];
#else
  (void)argc;
  return 0;
#endif
}
Determining if the strtoull exist passed with the following output:
Change Dir: /home/lucas/code/my-projects/ant-colony-sim/build/CMakeFiles/CMakeTmp

Run Build Command(s):/usr/bin/gmake -f Makefile cmTC_bb338/fast && /usr/bin/gmake  -f CMakeFiles/cmTC_bb338.dir/build.make CMakeFiles/cmTC_bb338.dir/build
gmake[1]: Entering directory '/home/lucas/code/my-projects/ant-colony-sim/build/CMakeFiles/CMakeTmp'
Building C object CMakeFiles/cmTC_bb338.dir/CheckSymbolExists.c.o
/usr/bin/cc   -D_GNU_SOURCE=1 -o CMakeFiles/cmTC_bb338.dir/CheckSymbolExists.c.o -c /home/lucas/code/my-projects/ant-colony-sim/build/CMakeFiles/CMakeTmp/CheckSymbolExists.c
Linking C executable cmTC_bb338
/usr/local/bin/cmake -E cmake_link_script CMakeFiles/cmTC_bb338.dir/link.txt --verbose=1
/usr/bin/cc   -D_GNU_SOURCE=1 CMakeFiles/cmTC_bb338.dir/CheckSymbolExists.c.o -o cmTC_bb338  -lm 
gmake[1]: Leaving directory '/home/lucas/code/my-projects/ant-colony-sim/build/CMakeFiles/CMakeTmp'


File /home/lucas/code/my-projects/ant-colony-sim/build/CMakeFiles/CMakeTmp/CheckSymbolExists.c:
/* */
#include <float.h>
#include <iconv.h>
#include <inttypes.h>
#include <limits.h>
#include <malloc.h>
#include <math.h>
#include <memory.h>
#include <signal.h>
#include <stdarg.h>
#include <stdbool.h>
#include <stddef.h>
#include <stdint.h>
#include <stdio.h>
#include <stdlib.h>
#include <string.h>
#include <strings.h>
#include <sys/types.h>
#include <time.h>
#include <wchar.h>

int main(int argc, char** argv)
{
  (void)argv;
#ifndef strtoull
  return ((int*)(&strtoull))[argc];
#else
  (void)argc;
  return 0;
#endif
}
Determining if the tan exist passed with the following output:
Change Dir: /home/lucas/code/my-projects/ant-colony-sim/build/CMakeFiles/CMakeTmp

Run Build Command(s):/usr/bin/gmake -f Makefile cmTC_c65c4/fast && /usr/bin/gmake  -f CMakeFiles/cmTC_c65c4.dir/build.make CMakeFiles/cmTC_c65c4.dir/build
gmake[1]: Entering directory '/home/lucas/code/my-projects/ant-colony-sim/build/CMakeFiles/CMakeTmp'
Building C object CMakeFiles/cmTC_c65c4.dir/CheckSymbolExists.c.o
/usr/bin/cc   -D_GNU_SOURCE=1 -o CMakeFiles/cmTC_c65c4.dir/CheckSymbolExists.c.o -c /home/lucas/code/my-projects/ant-colony-sim/build/CMakeFiles/CMakeTmp/CheckSymbolExists.c
Linking C executable cmTC_c65c4
/usr/local/bin/cmake -E cmake_link_script CMakeFiles/cmTC_c65c4.dir/link.txt --verbose=1
/usr/bin/cc   -D_GNU_SOURCE=1 CMakeFiles/cmTC_c65c4.dir/CheckSymbolExists.c.o -o cmTC_c65c4  -lm 
gmake[1]: Leaving directory '/home/lucas/code/my-projects/ant-colony-sim/build/CMakeFiles/CMakeTmp'


File /home/lucas/code/my-projects/ant-colony-sim/build/CMakeFiles/CMakeTmp/CheckSymbolExists.c:
/* */
#include <float.h>
#include <iconv.h>
#include <inttypes.h>
#include <limits.h>
#include <malloc.h>
#include <math.h>
#include <memory.h>
#include <signal.h>
#include <stdarg.h>
#include <stdbool.h>
#include <stddef.h>
#include <stdint.h>
#include <stdio.h>
#include <stdlib.h>
#include <string.h>
#include <strings.h>
#include <sys/types.h>
#include <time.h>
#include <wchar.h>

int main(int argc, char** argv)
{
  (void)argv;
#ifndef tan
  return ((int*)(&tan))[argc];
#else
  (void)argc;
  return 0;
#endif
}
Determining if the tanf exist passed with the following output:
Change Dir: /home/lucas/code/my-projects/ant-colony-sim/build/CMakeFiles/CMakeTmp

Run Build Command(s):/usr/bin/gmake -f Makefile cmTC_4c3a0/fast && /usr/bin/gmake  -f CMakeFiles/cmTC_4c3a0.dir/build.make CMakeFiles/cmTC_4c3a0.dir/build
gmake[1]: Entering directory '/home/lucas/code/my-projects/ant-colony-sim/build/CMakeFiles/CMakeTmp'
Building C object CMakeFiles/cmTC_4c3a0.dir/CheckSymbolExists.c.o
/usr/bin/cc   -D_GNU_SOURCE=1 -o CMakeFiles/cmTC_4c3a0.dir/CheckSymbolExists.c.o -c /home/lucas/code/my-projects/ant-colony-sim/build/CMakeFiles/CMakeTmp/CheckSymbolExists.c
Linking C executable cmTC_4c3a0
/usr/local/bin/cmake -E cmake_link_script CMakeFiles/cmTC_4c3a0.dir/link.txt --verbose=1
/usr/bin/cc   -D_GNU_SOURCE=1 CMakeFiles/cmTC_4c3a0.dir/CheckSymbolExists.c.o -o cmTC_4c3a0  -lm 
gmake[1]: Leaving directory '/home/lucas/code/my-projects/ant-colony-sim/build/CMakeFiles/CMakeTmp'


File /home/lucas/code/my-projects/ant-colony-sim/build/CMakeFiles/CMakeTmp/CheckSymbolExists.c:
/* */
#include <float.h>
#include <iconv.h>
#include <inttypes.h>
#include <limits.h>
#include <malloc.h>
#include <math.h>
#include <memory.h>
#include <signal.h>
#include <stdarg.h>
#include <stdbool.h>
#include <stddef.h>
#include <stdint.h>
#include <stdio.h>
#include <stdlib.h>
#include <string.h>
#include <strings.h>
#include <sys/types.h>
#include <time.h>
#include <wchar.h>

int main(int argc, char** argv)
{
  (void)argv;
#ifndef tanf
  return ((int*)(&tanf))[argc];
#else
  (void)argc;
  return 0;
#endif
}
Determining if the trunc exist passed with the following output:
Change Dir: /home/lucas/code/my-projects/ant-colony-sim/build/CMakeFiles/CMakeTmp

Run Build Command(s):/usr/bin/gmake -f Makefile cmTC_2571f/fast && /usr/bin/gmake  -f CMakeFiles/cmTC_2571f.dir/build.make CMakeFiles/cmTC_2571f.dir/build
gmake[1]: Entering directory '/home/lucas/code/my-projects/ant-colony-sim/build/CMakeFiles/CMakeTmp'
Building C object CMakeFiles/cmTC_2571f.dir/CheckSymbolExists.c.o
/usr/bin/cc   -D_GNU_SOURCE=1 -o CMakeFiles/cmTC_2571f.dir/CheckSymbolExists.c.o -c /home/lucas/code/my-projects/ant-colony-sim/build/CMakeFiles/CMakeTmp/CheckSymbolExists.c
Linking C executable cmTC_2571f
/usr/local/bin/cmake -E cmake_link_script CMakeFiles/cmTC_2571f.dir/link.txt --verbose=1
/usr/bin/cc   -D_GNU_SOURCE=1 CMakeFiles/cmTC_2571f.dir/CheckSymbolExists.c.o -o cmTC_2571f  -lm 
gmake[1]: Leaving directory '/home/lucas/code/my-projects/ant-colony-sim/build/CMakeFiles/CMakeTmp'


File /home/lucas/code/my-projects/ant-colony-sim/build/CMakeFiles/CMakeTmp/CheckSymbolExists.c:
/* */
#include <float.h>
#include <iconv.h>
#include <inttypes.h>
#include <limits.h>
#include <malloc.h>
#include <math.h>
#include <memory.h>
#include <signal.h>
#include <stdarg.h>
#include <stdbool.h>
#include <stddef.h>
#include <stdint.h>
#include <stdio.h>
#include <stdlib.h>
#include <string.h>
#include <strings.h>
#include <sys/types.h>
#include <time.h>
#include <wchar.h>

int main(int argc, char** argv)
{
  (void)argv;
#ifndef trunc
  return ((int*)(&trunc))[argc];
#else
  (void)argc;
  return 0;
#endif
}
Determining if the truncf exist passed with the following output:
Change Dir: /home/lucas/code/my-projects/ant-colony-sim/build/CMakeFiles/CMakeTmp

Run Build Command(s):/usr/bin/gmake -f Makefile cmTC_9b11f/fast && /usr/bin/gmake  -f CMakeFiles/cmTC_9b11f.dir/build.make CMakeFiles/cmTC_9b11f.dir/build
gmake[1]: Entering directory '/home/lucas/code/my-projects/ant-colony-sim/build/CMakeFiles/CMakeTmp'
Building C object CMakeFiles/cmTC_9b11f.dir/CheckSymbolExists.c.o
/usr/bin/cc   -D_GNU_SOURCE=1 -o CMakeFiles/cmTC_9b11f.dir/CheckSymbolExists.c.o -c /home/lucas/code/my-projects/ant-colony-sim/build/CMakeFiles/CMakeTmp/CheckSymbolExists.c
Linking C executable cmTC_9b11f
/usr/local/bin/cmake -E cmake_link_script CMakeFiles/cmTC_9b11f.dir/link.txt --verbose=1
/usr/bin/cc   -D_GNU_SOURCE=1 CMakeFiles/cmTC_9b11f.dir/CheckSymbolExists.c.o -o cmTC_9b11f  -lm 
gmake[1]: Leaving directory '/home/lucas/code/my-projects/ant-colony-sim/build/CMakeFiles/CMakeTmp'


File /home/lucas/code/my-projects/ant-colony-sim/build/CMakeFiles/CMakeTmp/CheckSymbolExists.c:
/* */
#include <float.h>
#include <iconv.h>
#include <inttypes.h>
#include <limits.h>
#include <malloc.h>
#include <math.h>
#include <memory.h>
#include <signal.h>
#include <stdarg.h>
#include <stdbool.h>
#include <stddef.h>
#include <stdint.h>
#include <stdio.h>
#include <stdlib.h>
#include <string.h>
#include <strings.h>
#include <sys/types.h>
#include <time.h>
#include <wchar.h>

int main(int argc, char** argv)
{
  (void)argv;
#ifndef truncf
  return ((int*)(&truncf))[argc];
#else
  (void)argc;
  return 0;
#endif
}
Determining if the unsetenv exist passed with the following output:
Change Dir: /home/lucas/code/my-projects/ant-colony-sim/build/CMakeFiles/CMakeTmp

Run Build Command(s):/usr/bin/gmake -f Makefile cmTC_b3aca/fast && /usr/bin/gmake  -f CMakeFiles/cmTC_b3aca.dir/build.make CMakeFiles/cmTC_b3aca.dir/build
gmake[1]: Entering directory '/home/lucas/code/my-projects/ant-colony-sim/build/CMakeFiles/CMakeTmp'
Building C object CMakeFiles/cmTC_b3aca.dir/CheckSymbolExists.c.o
/usr/bin/cc   -D_GNU_SOURCE=1 -o CMakeFiles/cmTC_b3aca.dir/CheckSymbolExists.c.o -c /home/lucas/code/my-projects/ant-colony-sim/build/CMakeFiles/CMakeTmp/CheckSymbolExists.c
Linking C executable cmTC_b3aca
/usr/local/bin/cmake -E cmake_link_script CMakeFiles/cmTC_b3aca.dir/link.txt --verbose=1
/usr/bin/cc   -D_GNU_SOURCE=1 CMakeFiles/cmTC_b3aca.dir/CheckSymbolExists.c.o -o cmTC_b3aca  -lm 
gmake[1]: Leaving directory '/home/lucas/code/my-projects/ant-colony-sim/build/CMakeFiles/CMakeTmp'


File /home/lucas/code/my-projects/ant-colony-sim/build/CMakeFiles/CMakeTmp/CheckSymbolExists.c:
/* */
#include <float.h>
#include <iconv.h>
#include <inttypes.h>
#include <limits.h>
#include <malloc.h>
#include <math.h>
#include <memory.h>
#include <signal.h>
#include <stdarg.h>
#include <stdbool.h>
#include <stddef.h>
#include <stdint.h>
#include <stdio.h>
#include <stdlib.h>
#include <string.h>
#include <strings.h>
#include <sys/types.h>
#include <time.h>
#include <wchar.h>

int main(int argc, char** argv)
{
  (void)argv;
#ifndef unsetenv
  return ((int*)(&unsetenv))[argc];
#else
  (void)argc;
  return 0;
#endif
}
Determining if the vsnprintf exist passed with the following output:
Change Dir: /home/lucas/code/my-projects/ant-colony-sim/build/CMakeFiles/CMakeTmp

Run Build Command(s):/usr/bin/gmake -f Makefile cmTC_428d9/fast && /usr/bin/gmake  -f CMakeFiles/cmTC_428d9.dir/build.make CMakeFiles/cmTC_428d9.dir/build
gmake[1]: Entering directory '/home/lucas/code/my-projects/ant-colony-sim/build/CMakeFiles/CMakeTmp'
Building C object CMakeFiles/cmTC_428d9.dir/CheckSymbolExists.c.o
/usr/bin/cc   -D_GNU_SOURCE=1 -o CMakeFiles/cmTC_428d9.dir/CheckSymbolExists.c.o -c /home/lucas/code/my-projects/ant-colony-sim/build/CMakeFiles/CMakeTmp/CheckSymbolExists.c
Linking C executable cmTC_428d9
/usr/local/bin/cmake -E cmake_link_script CMakeFiles/cmTC_428d9.dir/link.txt --verbose=1
/usr/bin/cc   -D_GNU_SOURCE=1 CMakeFiles/cmTC_428d9.dir/CheckSymbolExists.c.o -o cmTC_428d9  -lm 
gmake[1]: Leaving directory '/home/lucas/code/my-projects/ant-colony-sim/build/CMakeFiles/CMakeTmp'


File /home/lucas/code/my-projects/ant-colony-sim/build/CMakeFiles/CMakeTmp/CheckSymbolExists.c:
/* */
#include <float.h>
#include <iconv.h>
#include <inttypes.h>
#include <limits.h>
#include <malloc.h>
#include <math.h>
#include <memory.h>
#include <signal.h>
#include <stdarg.h>
#include <stdbool.h>
#include <stddef.h>
#include <stdint.h>
#include <stdio.h>
#include <stdlib.h>
#include <string.h>
#include <strings.h>
#include <sys/types.h>
#include <time.h>
#include <wchar.h>

int main(int argc, char** argv)
{
  (void)argv;
#ifndef vsnprintf
  return ((int*)(&vsnprintf))[argc];
#else
  (void)argc;
  return 0;
#endif
}
Determining if the vsscanf exist passed with the following output:
Change Dir: /home/lucas/code/my-projects/ant-colony-sim/build/CMakeFiles/CMakeTmp

Run Build Command(s):/usr/bin/gmake -f Makefile cmTC_aa694/fast && /usr/bin/gmake  -f CMakeFiles/cmTC_aa694.dir/build.make CMakeFiles/cmTC_aa694.dir/build
gmake[1]: Entering directory '/home/lucas/code/my-projects/ant-colony-sim/build/CMakeFiles/CMakeTmp'
Building C object CMakeFiles/cmTC_aa694.dir/CheckSymbolExists.c.o
/usr/bin/cc   -D_GNU_SOURCE=1 -o CMakeFiles/cmTC_aa694.dir/CheckSymbolExists.c.o -c /home/lucas/code/my-projects/ant-colony-sim/build/CMakeFiles/CMakeTmp/CheckSymbolExists.c
Linking C executable cmTC_aa694
/usr/local/bin/cmake -E cmake_link_script CMakeFiles/cmTC_aa694.dir/link.txt --verbose=1
/usr/bin/cc   -D_GNU_SOURCE=1 CMakeFiles/cmTC_aa694.dir/CheckSymbolExists.c.o -o cmTC_aa694  -lm 
gmake[1]: Leaving directory '/home/lucas/code/my-projects/ant-colony-sim/build/CMakeFiles/CMakeTmp'


File /home/lucas/code/my-projects/ant-colony-sim/build/CMakeFiles/CMakeTmp/CheckSymbolExists.c:
/* */
#include <float.h>
#include <iconv.h>
#include <inttypes.h>
#include <limits.h>
#include <malloc.h>
#include <math.h>
#include <memory.h>
#include <signal.h>
#include <stdarg.h>
#include <stdbool.h>
#include <stddef.h>
#include <stdint.h>
#include <stdio.h>
#include <stdlib.h>
#include <string.h>
#include <strings.h>
#include <sys/types.h>
#include <time.h>
#include <wchar.h>

int main(int argc, char** argv)
{
  (void)argv;
#ifndef vsscanf
  return ((int*)(&vsscanf))[argc];
#else
  (void)argc;
  return 0;
#endif
}
Determining if the wcsnlen exist passed with the following output:
Change Dir: /home/lucas/code/my-projects/ant-colony-sim/build/CMakeFiles/CMakeTmp

Run Build Command(s):/usr/bin/gmake -f Makefile cmTC_23434/fast && /usr/bin/gmake  -f CMakeFiles/cmTC_23434.dir/build.make CMakeFiles/cmTC_23434.dir/build
gmake[1]: Entering directory '/home/lucas/code/my-projects/ant-colony-sim/build/CMakeFiles/CMakeTmp'
Building C object CMakeFiles/cmTC_23434.dir/CheckSymbolExists.c.o
/usr/bin/cc   -D_GNU_SOURCE=1 -o CMakeFiles/cmTC_23434.dir/CheckSymbolExists.c.o -c /home/lucas/code/my-projects/ant-colony-sim/build/CMakeFiles/CMakeTmp/CheckSymbolExists.c
Linking C executable cmTC_23434
/usr/local/bin/cmake -E cmake_link_script CMakeFiles/cmTC_23434.dir/link.txt --verbose=1
/usr/bin/cc   -D_GNU_SOURCE=1 CMakeFiles/cmTC_23434.dir/CheckSymbolExists.c.o -o cmTC_23434  -lm 
gmake[1]: Leaving directory '/home/lucas/code/my-projects/ant-colony-sim/build/CMakeFiles/CMakeTmp'


File /home/lucas/code/my-projects/ant-colony-sim/build/CMakeFiles/CMakeTmp/CheckSymbolExists.c:
/* */
#include <float.h>
#include <iconv.h>
#include <inttypes.h>
#include <limits.h>
#include <malloc.h>
#include <math.h>
#include <memory.h>
#include <signal.h>
#include <stdarg.h>
#include <stdbool.h>
#include <stddef.h>
#include <stdint.h>
#include <stdio.h>
#include <stdlib.h>
#include <string.h>
#include <strings.h>
#include <sys/types.h>
#include <time.h>
#include <wchar.h>

int main(int argc, char** argv)
{
  (void)argv;
#ifndef wcsnlen
  return ((int*)(&wcsnlen))[argc];
#else
  (void)argc;
  return 0;
#endif
}
Determining if the wcscmp exist passed with the following output:
Change Dir: /home/lucas/code/my-projects/ant-colony-sim/build/CMakeFiles/CMakeTmp

Run Build Command(s):/usr/bin/gmake -f Makefile cmTC_7edc4/fast && /usr/bin/gmake  -f CMakeFiles/cmTC_7edc4.dir/build.make CMakeFiles/cmTC_7edc4.dir/build
gmake[1]: Entering directory '/home/lucas/code/my-projects/ant-colony-sim/build/CMakeFiles/CMakeTmp'
Building C object CMakeFiles/cmTC_7edc4.dir/CheckSymbolExists.c.o
/usr/bin/cc   -D_GNU_SOURCE=1 -o CMakeFiles/cmTC_7edc4.dir/CheckSymbolExists.c.o -c /home/lucas/code/my-projects/ant-colony-sim/build/CMakeFiles/CMakeTmp/CheckSymbolExists.c
Linking C executable cmTC_7edc4
/usr/local/bin/cmake -E cmake_link_script CMakeFiles/cmTC_7edc4.dir/link.txt --verbose=1
/usr/bin/cc   -D_GNU_SOURCE=1 CMakeFiles/cmTC_7edc4.dir/CheckSymbolExists.c.o -o cmTC_7edc4  -lm 
gmake[1]: Leaving directory '/home/lucas/code/my-projects/ant-colony-sim/build/CMakeFiles/CMakeTmp'


File /home/lucas/code/my-projects/ant-colony-sim/build/CMakeFiles/CMakeTmp/CheckSymbolExists.c:
/* */
#include <float.h>
#include <iconv.h>
#include <inttypes.h>
#include <limits.h>
#include <malloc.h>
#include <math.h>
#include <memory.h>
#include <signal.h>
#include <stdarg.h>
#include <stdbool.h>
#include <stddef.h>
#include <stdint.h>
#include <stdio.h>
#include <stdlib.h>
#include <string.h>
#include <strings.h>
#include <sys/types.h>
#include <time.h>
#include <wchar.h>

int main(int argc, char** argv)
{
  (void)argv;
#ifndef wcscmp
  return ((int*)(&wcscmp))[argc];
#else
  (void)argc;
  return 0;
#endif
}
Determining if the wcsdup exist passed with the following output:
Change Dir: /home/lucas/code/my-projects/ant-colony-sim/build/CMakeFiles/CMakeTmp

Run Build Command(s):/usr/bin/gmake -f Makefile cmTC_79eae/fast && /usr/bin/gmake  -f CMakeFiles/cmTC_79eae.dir/build.make CMakeFiles/cmTC_79eae.dir/build
gmake[1]: Entering directory '/home/lucas/code/my-projects/ant-colony-sim/build/CMakeFiles/CMakeTmp'
Building C object CMakeFiles/cmTC_79eae.dir/CheckSymbolExists.c.o
/usr/bin/cc   -D_GNU_SOURCE=1 -o CMakeFiles/cmTC_79eae.dir/CheckSymbolExists.c.o -c /home/lucas/code/my-projects/ant-colony-sim/build/CMakeFiles/CMakeTmp/CheckSymbolExists.c
Linking C executable cmTC_79eae
/usr/local/bin/cmake -E cmake_link_script CMakeFiles/cmTC_79eae.dir/link.txt --verbose=1
/usr/bin/cc   -D_GNU_SOURCE=1 CMakeFiles/cmTC_79eae.dir/CheckSymbolExists.c.o -o cmTC_79eae  -lm 
gmake[1]: Leaving directory '/home/lucas/code/my-projects/ant-colony-sim/build/CMakeFiles/CMakeTmp'


File /home/lucas/code/my-projects/ant-colony-sim/build/CMakeFiles/CMakeTmp/CheckSymbolExists.c:
/* */
#include <float.h>
#include <iconv.h>
#include <inttypes.h>
#include <limits.h>
#include <malloc.h>
#include <math.h>
#include <memory.h>
#include <signal.h>
#include <stdarg.h>
#include <stdbool.h>
#include <stddef.h>
#include <stdint.h>
#include <stdio.h>
#include <stdlib.h>
#include <string.h>
#include <strings.h>
#include <sys/types.h>
#include <time.h>
#include <wchar.h>

int main(int argc, char** argv)
{
  (void)argv;
#ifndef wcsdup
  return ((int*)(&wcsdup))[argc];
#else
  (void)argc;
  return 0;
#endif
}
Determining if the wcslcat exist passed with the following output:
Change Dir: /home/lucas/code/my-projects/ant-colony-sim/build/CMakeFiles/CMakeTmp

Run Build Command(s):/usr/bin/gmake -f Makefile cmTC_b9aba/fast && /usr/bin/gmake  -f CMakeFiles/cmTC_b9aba.dir/build.make CMakeFiles/cmTC_b9aba.dir/build
gmake[1]: Entering directory '/home/lucas/code/my-projects/ant-colony-sim/build/CMakeFiles/CMakeTmp'
Building C object CMakeFiles/cmTC_b9aba.dir/CheckSymbolExists.c.o
/usr/bin/cc   -D_GNU_SOURCE=1 -o CMakeFiles/cmTC_b9aba.dir/CheckSymbolExists.c.o -c /home/lucas/code/my-projects/ant-colony-sim/build/CMakeFiles/CMakeTmp/CheckSymbolExists.c
Linking C executable cmTC_b9aba
/usr/local/bin/cmake -E cmake_link_script CMakeFiles/cmTC_b9aba.dir/link.txt --verbose=1
/usr/bin/cc   -D_GNU_SOURCE=1 CMakeFiles/cmTC_b9aba.dir/CheckSymbolExists.c.o -o cmTC_b9aba  -lm 
gmake[1]: Leaving directory '/home/lucas/code/my-projects/ant-colony-sim/build/CMakeFiles/CMakeTmp'


File /home/lucas/code/my-projects/ant-colony-sim/build/CMakeFiles/CMakeTmp/CheckSymbolExists.c:
/* */
#include <float.h>
#include <iconv.h>
#include <inttypes.h>
#include <limits.h>
#include <malloc.h>
#include <math.h>
#include <memory.h>
#include <signal.h>
#include <stdarg.h>
#include <stdbool.h>
#include <stddef.h>
#include <stdint.h>
#include <stdio.h>
#include <stdlib.h>
#include <string.h>
#include <strings.h>
#include <sys/types.h>
#include <time.h>
#include <wchar.h>

int main(int argc, char** argv)
{
  (void)argv;
#ifndef wcslcat
  return ((int*)(&wcslcat))[argc];
#else
  (void)argc;
  return 0;
#endif
}
Determining if the wcslcpy exist passed with the following output:
Change Dir: /home/lucas/code/my-projects/ant-colony-sim/build/CMakeFiles/CMakeTmp

Run Build Command(s):/usr/bin/gmake -f Makefile cmTC_c537a/fast && /usr/bin/gmake  -f CMakeFiles/cmTC_c537a.dir/build.make CMakeFiles/cmTC_c537a.dir/build
gmake[1]: Entering directory '/home/lucas/code/my-projects/ant-colony-sim/build/CMakeFiles/CMakeTmp'
Building C object CMakeFiles/cmTC_c537a.dir/CheckSymbolExists.c.o
/usr/bin/cc   -D_GNU_SOURCE=1 -o CMakeFiles/cmTC_c537a.dir/CheckSymbolExists.c.o -c /home/lucas/code/my-projects/ant-colony-sim/build/CMakeFiles/CMakeTmp/CheckSymbolExists.c
Linking C executable cmTC_c537a
/usr/local/bin/cmake -E cmake_link_script CMakeFiles/cmTC_c537a.dir/link.txt --verbose=1
/usr/bin/cc   -D_GNU_SOURCE=1 CMakeFiles/cmTC_c537a.dir/CheckSymbolExists.c.o -o cmTC_c537a  -lm 
gmake[1]: Leaving directory '/home/lucas/code/my-projects/ant-colony-sim/build/CMakeFiles/CMakeTmp'


File /home/lucas/code/my-projects/ant-colony-sim/build/CMakeFiles/CMakeTmp/CheckSymbolExists.c:
/* */
#include <float.h>
#include <iconv.h>
#include <inttypes.h>
#include <limits.h>
#include <malloc.h>
#include <math.h>
#include <memory.h>
#include <signal.h>
#include <stdarg.h>
#include <stdbool.h>
#include <stddef.h>
#include <stdint.h>
#include <stdio.h>
#include <stdlib.h>
#include <string.h>
#include <strings.h>
#include <sys/types.h>
#include <time.h>
#include <wchar.h>

int main(int argc, char** argv)
{
  (void)argv;
#ifndef wcslcpy
  return ((int*)(&wcslcpy))[argc];
#else
  (void)argc;
  return 0;
#endif
}
Determining if the wcslen exist passed with the following output:
Change Dir: /home/lucas/code/my-projects/ant-colony-sim/build/CMakeFiles/CMakeTmp

Run Build Command(s):/usr/bin/gmake -f Makefile cmTC_b9434/fast && /usr/bin/gmake  -f CMakeFiles/cmTC_b9434.dir/build.make CMakeFiles/cmTC_b9434.dir/build
gmake[1]: Entering directory '/home/lucas/code/my-projects/ant-colony-sim/build/CMakeFiles/CMakeTmp'
Building C object CMakeFiles/cmTC_b9434.dir/CheckSymbolExists.c.o
/usr/bin/cc   -D_GNU_SOURCE=1 -o CMakeFiles/cmTC_b9434.dir/CheckSymbolExists.c.o -c /home/lucas/code/my-projects/ant-colony-sim/build/CMakeFiles/CMakeTmp/CheckSymbolExists.c
Linking C executable cmTC_b9434
/usr/local/bin/cmake -E cmake_link_script CMakeFiles/cmTC_b9434.dir/link.txt --verbose=1
/usr/bin/cc   -D_GNU_SOURCE=1 CMakeFiles/cmTC_b9434.dir/CheckSymbolExists.c.o -o cmTC_b9434  -lm 
gmake[1]: Leaving directory '/home/lucas/code/my-projects/ant-colony-sim/build/CMakeFiles/CMakeTmp'


File /home/lucas/code/my-projects/ant-colony-sim/build/CMakeFiles/CMakeTmp/CheckSymbolExists.c:
/* */
#include <float.h>
#include <iconv.h>
#include <inttypes.h>
#include <limits.h>
#include <malloc.h>
#include <math.h>
#include <memory.h>
#include <signal.h>
#include <stdarg.h>
#include <stdbool.h>
#include <stddef.h>
#include <stdint.h>
#include <stdio.h>
#include <stdlib.h>
#include <string.h>
#include <strings.h>
#include <sys/types.h>
#include <time.h>
#include <wchar.h>

int main(int argc, char** argv)
{
  (void)argv;
#ifndef wcslen
  return ((int*)(&wcslen))[argc];
#else
  (void)argc;
  return 0;
#endif
}
Determining if the wcsncmp exist passed with the following output:
Change Dir: /home/lucas/code/my-projects/ant-colony-sim/build/CMakeFiles/CMakeTmp

Run Build Command(s):/usr/bin/gmake -f Makefile cmTC_c7ed9/fast && /usr/bin/gmake  -f CMakeFiles/cmTC_c7ed9.dir/build.make CMakeFiles/cmTC_c7ed9.dir/build
gmake[1]: Entering directory '/home/lucas/code/my-projects/ant-colony-sim/build/CMakeFiles/CMakeTmp'
Building C object CMakeFiles/cmTC_c7ed9.dir/CheckSymbolExists.c.o
/usr/bin/cc   -D_GNU_SOURCE=1 -o CMakeFiles/cmTC_c7ed9.dir/CheckSymbolExists.c.o -c /home/lucas/code/my-projects/ant-colony-sim/build/CMakeFiles/CMakeTmp/CheckSymbolExists.c
Linking C executable cmTC_c7ed9
/usr/local/bin/cmake -E cmake_link_script CMakeFiles/cmTC_c7ed9.dir/link.txt --verbose=1
/usr/bin/cc   -D_GNU_SOURCE=1 CMakeFiles/cmTC_c7ed9.dir/CheckSymbolExists.c.o -o cmTC_c7ed9  -lm 
gmake[1]: Leaving directory '/home/lucas/code/my-projects/ant-colony-sim/build/CMakeFiles/CMakeTmp'


File /home/lucas/code/my-projects/ant-colony-sim/build/CMakeFiles/CMakeTmp/CheckSymbolExists.c:
/* */
#include <float.h>
#include <iconv.h>
#include <inttypes.h>
#include <limits.h>
#include <malloc.h>
#include <math.h>
#include <memory.h>
#include <signal.h>
#include <stdarg.h>
#include <stdbool.h>
#include <stddef.h>
#include <stdint.h>
#include <stdio.h>
#include <stdlib.h>
#include <string.h>
#include <strings.h>
#include <sys/types.h>
#include <time.h>
#include <wchar.h>

int main(int argc, char** argv)
{
  (void)argv;
#ifndef wcsncmp
  return ((int*)(&wcsncmp))[argc];
#else
  (void)argc;
  return 0;
#endif
}
Determining if the wcsstr exist passed with the following output:
Change Dir: /home/lucas/code/my-projects/ant-colony-sim/build/CMakeFiles/CMakeTmp

Run Build Command(s):/usr/bin/gmake -f Makefile cmTC_31d85/fast && /usr/bin/gmake  -f CMakeFiles/cmTC_31d85.dir/build.make CMakeFiles/cmTC_31d85.dir/build
gmake[1]: Entering directory '/home/lucas/code/my-projects/ant-colony-sim/build/CMakeFiles/CMakeTmp'
Building C object CMakeFiles/cmTC_31d85.dir/CheckSymbolExists.c.o
/usr/bin/cc   -D_GNU_SOURCE=1 -o CMakeFiles/cmTC_31d85.dir/CheckSymbolExists.c.o -c /home/lucas/code/my-projects/ant-colony-sim/build/CMakeFiles/CMakeTmp/CheckSymbolExists.c
Linking C executable cmTC_31d85
/usr/local/bin/cmake -E cmake_link_script CMakeFiles/cmTC_31d85.dir/link.txt --verbose=1
/usr/bin/cc   -D_GNU_SOURCE=1 CMakeFiles/cmTC_31d85.dir/CheckSymbolExists.c.o -o cmTC_31d85  -lm 
gmake[1]: Leaving directory '/home/lucas/code/my-projects/ant-colony-sim/build/CMakeFiles/CMakeTmp'


File /home/lucas/code/my-projects/ant-colony-sim/build/CMakeFiles/CMakeTmp/CheckSymbolExists.c:
/* */
#include <float.h>
#include <iconv.h>
#include <inttypes.h>
#include <limits.h>
#include <malloc.h>
#include <math.h>
#include <memory.h>
#include <signal.h>
#include <stdarg.h>
#include <stdbool.h>
#include <stddef.h>
#include <stdint.h>
#include <stdio.h>
#include <stdlib.h>
#include <string.h>
#include <strings.h>
#include <sys/types.h>
#include <time.h>
#include <wchar.h>

int main(int argc, char** argv)
{
  (void)argv;
#ifndef wcsstr
  return ((int*)(&wcsstr))[argc];
#else
  (void)argc;
  return 0;
#endif
}
Determining if the wcstol exist passed with the following output:
Change Dir: /home/lucas/code/my-projects/ant-colony-sim/build/CMakeFiles/CMakeTmp

Run Build Command(s):/usr/bin/gmake -f Makefile cmTC_269ad/fast && /usr/bin/gmake  -f CMakeFiles/cmTC_269ad.dir/build.make CMakeFiles/cmTC_269ad.dir/build
gmake[1]: Entering directory '/home/lucas/code/my-projects/ant-colony-sim/build/CMakeFiles/CMakeTmp'
Building C object CMakeFiles/cmTC_269ad.dir/CheckSymbolExists.c.o
/usr/bin/cc   -D_GNU_SOURCE=1 -o CMakeFiles/cmTC_269ad.dir/CheckSymbolExists.c.o -c /home/lucas/code/my-projects/ant-colony-sim/build/CMakeFiles/CMakeTmp/CheckSymbolExists.c
Linking C executable cmTC_269ad
/usr/local/bin/cmake -E cmake_link_script CMakeFiles/cmTC_269ad.dir/link.txt --verbose=1
/usr/bin/cc   -D_GNU_SOURCE=1 CMakeFiles/cmTC_269ad.dir/CheckSymbolExists.c.o -o cmTC_269ad  -lm 
gmake[1]: Leaving directory '/home/lucas/code/my-projects/ant-colony-sim/build/CMakeFiles/CMakeTmp'


File /home/lucas/code/my-projects/ant-colony-sim/build/CMakeFiles/CMakeTmp/CheckSymbolExists.c:
/* */
#include <float.h>
#include <iconv.h>
#include <inttypes.h>
#include <limits.h>
#include <malloc.h>
#include <math.h>
#include <memory.h>
#include <signal.h>
#include <stdarg.h>
#include <stdbool.h>
#include <stddef.h>
#include <stdint.h>
#include <stdio.h>
#include <stdlib.h>
#include <string.h>
#include <strings.h>
#include <sys/types.h>
#include <time.h>
#include <wchar.h>

int main(int argc, char** argv)
{
  (void)argv;
#ifndef wcstol
  return ((int*)(&wcstol))[argc];
#else
  (void)argc;
  return 0;
#endif
}
Determining if the wcstoll exist passed with the following output:
Change Dir: /home/lucas/code/my-projects/ant-colony-sim/build/CMakeFiles/CMakeTmp

Run Build Command(s):/usr/bin/gmake -f Makefile cmTC_2ef90/fast && /usr/bin/gmake  -f CMakeFiles/cmTC_2ef90.dir/build.make CMakeFiles/cmTC_2ef90.dir/build
gmake[1]: Entering directory '/home/lucas/code/my-projects/ant-colony-sim/build/CMakeFiles/CMakeTmp'
Building C object CMakeFiles/cmTC_2ef90.dir/CheckSymbolExists.c.o
/usr/bin/cc   -D_GNU_SOURCE=1 -o CMakeFiles/cmTC_2ef90.dir/CheckSymbolExists.c.o -c /home/lucas/code/my-projects/ant-colony-sim/build/CMakeFiles/CMakeTmp/CheckSymbolExists.c
Linking C executable cmTC_2ef90
/usr/local/bin/cmake -E cmake_link_script CMakeFiles/cmTC_2ef90.dir/link.txt --verbose=1
/usr/bin/cc   -D_GNU_SOURCE=1 CMakeFiles/cmTC_2ef90.dir/CheckSymbolExists.c.o -o cmTC_2ef90  -lm 
gmake[1]: Leaving directory '/home/lucas/code/my-projects/ant-colony-sim/build/CMakeFiles/CMakeTmp'


File /home/lucas/code/my-projects/ant-colony-sim/build/CMakeFiles/CMakeTmp/CheckSymbolExists.c:
/* */
#include <float.h>
#include <iconv.h>
#include <inttypes.h>
#include <limits.h>
#include <malloc.h>
#include <math.h>
#include <memory.h>
#include <signal.h>
#include <stdarg.h>
#include <stdbool.h>
#include <stddef.h>
#include <stdint.h>
#include <stdio.h>
#include <stdlib.h>
#include <string.h>
#include <strings.h>
#include <sys/types.h>
#include <time.h>
#include <wchar.h>

int main(int argc, char** argv)
{
  (void)argv;
#ifndef wcstoll
  return ((int*)(&wcstoll))[argc];
#else
  (void)argc;
  return 0;
#endif
}
Determining if the wcstoul exist passed with the following output:
Change Dir: /home/lucas/code/my-projects/ant-colony-sim/build/CMakeFiles/CMakeTmp

Run Build Command(s):/usr/bin/gmake -f Makefile cmTC_206c8/fast && /usr/bin/gmake  -f CMakeFiles/cmTC_206c8.dir/build.make CMakeFiles/cmTC_206c8.dir/build
gmake[1]: Entering directory '/home/lucas/code/my-projects/ant-colony-sim/build/CMakeFiles/CMakeTmp'
Building C object CMakeFiles/cmTC_206c8.dir/CheckSymbolExists.c.o
/usr/bin/cc   -D_GNU_SOURCE=1 -o CMakeFiles/cmTC_206c8.dir/CheckSymbolExists.c.o -c /home/lucas/code/my-projects/ant-colony-sim/build/CMakeFiles/CMakeTmp/CheckSymbolExists.c
Linking C executable cmTC_206c8
/usr/local/bin/cmake -E cmake_link_script CMakeFiles/cmTC_206c8.dir/link.txt --verbose=1
/usr/bin/cc   -D_GNU_SOURCE=1 CMakeFiles/cmTC_206c8.dir/CheckSymbolExists.c.o -o cmTC_206c8  -lm 
gmake[1]: Leaving directory '/home/lucas/code/my-projects/ant-colony-sim/build/CMakeFiles/CMakeTmp'


File /home/lucas/code/my-projects/ant-colony-sim/build/CMakeFiles/CMakeTmp/CheckSymbolExists.c:
/* */
#include <float.h>
#include <iconv.h>
#include <inttypes.h>
#include <limits.h>
#include <malloc.h>
#include <math.h>
#include <memory.h>
#include <signal.h>
#include <stdarg.h>
#include <stdbool.h>
#include <stddef.h>
#include <stdint.h>
#include <stdio.h>
#include <stdlib.h>
#include <string.h>
#include <strings.h>
#include <sys/types.h>
#include <time.h>
#include <wchar.h>

int main(int argc, char** argv)
{
  (void)argv;
#ifndef wcstoul
  return ((int*)(&wcstoul))[argc];
#else
  (void)argc;
  return 0;
#endif
}
Determining if the wcstoull exist passed with the following output:
Change Dir: /home/lucas/code/my-projects/ant-colony-sim/build/CMakeFiles/CMakeTmp

Run Build Command(s):/usr/bin/gmake -f Makefile cmTC_260d2/fast && /usr/bin/gmake  -f CMakeFiles/cmTC_260d2.dir/build.make CMakeFiles/cmTC_260d2.dir/build
gmake[1]: Entering directory '/home/lucas/code/my-projects/ant-colony-sim/build/CMakeFiles/CMakeTmp'
Building C object CMakeFiles/cmTC_260d2.dir/CheckSymbolExists.c.o
/usr/bin/cc   -D_GNU_SOURCE=1 -o CMakeFiles/cmTC_260d2.dir/CheckSymbolExists.c.o -c /home/lucas/code/my-projects/ant-colony-sim/build/CMakeFiles/CMakeTmp/CheckSymbolExists.c
Linking C executable cmTC_260d2
/usr/local/bin/cmake -E cmake_link_script CMakeFiles/cmTC_260d2.dir/link.txt --verbose=1
/usr/bin/cc   -D_GNU_SOURCE=1 CMakeFiles/cmTC_260d2.dir/CheckSymbolExists.c.o -o cmTC_260d2  -lm 
gmake[1]: Leaving directory '/home/lucas/code/my-projects/ant-colony-sim/build/CMakeFiles/CMakeTmp'


File /home/lucas/code/my-projects/ant-colony-sim/build/CMakeFiles/CMakeTmp/CheckSymbolExists.c:
/* */
#include <float.h>
#include <iconv.h>
#include <inttypes.h>
#include <limits.h>
#include <malloc.h>
#include <math.h>
#include <memory.h>
#include <signal.h>
#include <stdarg.h>
#include <stdbool.h>
#include <stddef.h>
#include <stdint.h>
#include <stdio.h>
#include <stdlib.h>
#include <string.h>
#include <strings.h>
#include <sys/types.h>
#include <time.h>
#include <wchar.h>

int main(int argc, char** argv)
{
  (void)argv;
#ifndef wcstoull
  return ((int*)(&wcstoull))[argc];
#else
  (void)argc;
  return 0;
#endif
}
Determining if the strcasestr exist passed with the following output:
Change Dir: /home/lucas/code/my-projects/ant-colony-sim/build/CMakeFiles/CMakeTmp

Run Build Command(s):/usr/bin/gmake -f Makefile cmTC_a1f9c/fast && /usr/bin/gmake  -f CMakeFiles/cmTC_a1f9c.dir/build.make CMakeFiles/cmTC_a1f9c.dir/build
gmake[1]: Entering directory '/home/lucas/code/my-projects/ant-colony-sim/build/CMakeFiles/CMakeTmp'
Building C object CMakeFiles/cmTC_a1f9c.dir/CheckSymbolExists.c.o
/usr/bin/cc   -D_GNU_SOURCE=1 -o CMakeFiles/cmTC_a1f9c.dir/CheckSymbolExists.c.o -c /home/lucas/code/my-projects/ant-colony-sim/build/CMakeFiles/CMakeTmp/CheckSymbolExists.c
Linking C executable cmTC_a1f9c
/usr/local/bin/cmake -E cmake_link_script CMakeFiles/cmTC_a1f9c.dir/link.txt --verbose=1
/usr/bin/cc   -D_GNU_SOURCE=1 CMakeFiles/cmTC_a1f9c.dir/CheckSymbolExists.c.o -o cmTC_a1f9c  -lm 
gmake[1]: Leaving directory '/home/lucas/code/my-projects/ant-colony-sim/build/CMakeFiles/CMakeTmp'


File /home/lucas/code/my-projects/ant-colony-sim/build/CMakeFiles/CMakeTmp/CheckSymbolExists.c:
/* */
#include <float.h>
#include <iconv.h>
#include <inttypes.h>
#include <limits.h>
#include <malloc.h>
#include <math.h>
#include <memory.h>
#include <signal.h>
#include <stdarg.h>
#include <stdbool.h>
#include <stddef.h>
#include <stdint.h>
#include <stdio.h>
#include <stdlib.h>
#include <string.h>
#include <strings.h>
#include <sys/types.h>
#include <time.h>
#include <wchar.h>

int main(int argc, char** argv)
{
  (void)argv;
#ifndef strcasestr
  return ((int*)(&strcasestr))[argc];
#else
  (void)argc;
  return 0;
#endif
}
Performing C SOURCE FILE Test LIBC_HAS_ISINF succeeded with the following output:
Change Dir: /home/lucas/code/my-projects/ant-colony-sim/build/CMakeFiles/CMakeTmp

Run Build Command(s):/usr/bin/gmake -f Makefile cmTC_85f91/fast && /usr/bin/gmake  -f CMakeFiles/cmTC_85f91.dir/build.make CMakeFiles/cmTC_85f91.dir/build
gmake[1]: Entering directory '/home/lucas/code/my-projects/ant-colony-sim/build/CMakeFiles/CMakeTmp'
Building C object CMakeFiles/cmTC_85f91.dir/src.c.o
/usr/bin/cc -DLIBC_HAS_ISINF  -D_GNU_SOURCE=1 -Wfloat-conversion -Werror -o CMakeFiles/cmTC_85f91.dir/src.c.o -c /home/lucas/code/my-projects/ant-colony-sim/build/CMakeFiles/CMakeTmp/src.c
Linking C executable cmTC_85f91
/usr/local/bin/cmake -E cmake_link_script CMakeFiles/cmTC_85f91.dir/link.txt --verbose=1
/usr/bin/cc   -D_GNU_SOURCE=1 -Wfloat-conversion -Werror CMakeFiles/cmTC_85f91.dir/src.c.o -o cmTC_85f91 
gmake[1]: Leaving directory '/home/lucas/code/my-projects/ant-colony-sim/build/CMakeFiles/CMakeTmp'


Source file was:

        #include <math.h>
        int main() {
          double d = 3.14159;
          return isinf(d);
        }
      
Performing C SOURCE FILE Test LIBC_ISINF_HANDLES_FLOAT succeeded with the following output:
Change Dir: /home/lucas/code/my-projects/ant-colony-sim/build/CMakeFiles/CMakeTmp

Run Build Command(s):/usr/bin/gmake -f Makefile cmTC_ccf27/fast && /usr/bin/gmake  -f CMakeFiles/cmTC_ccf27.dir/build.make CMakeFiles/cmTC_ccf27.dir/build
gmake[1]: Entering directory '/home/lucas/code/my-projects/ant-colony-sim/build/CMakeFiles/CMakeTmp'
Building C object CMakeFiles/cmTC_ccf27.dir/src.c.o
/usr/bin/cc -DLIBC_ISINF_HANDLES_FLOAT  -D_GNU_SOURCE=1 -Wfloat-conversion -Werror -o CMakeFiles/cmTC_ccf27.dir/src.c.o -c /home/lucas/code/my-projects/ant-colony-sim/build/CMakeFiles/CMakeTmp/src.c
Linking C executable cmTC_ccf27
/usr/local/bin/cmake -E cmake_link_script CMakeFiles/cmTC_ccf27.dir/link.txt --verbose=1
/usr/bin/cc   -D_GNU_SOURCE=1 -Wfloat-conversion -Werror CMakeFiles/cmTC_ccf27.dir/src.c.o -o cmTC_ccf27 
gmake[1]: Leaving directory '/home/lucas/code/my-projects/ant-colony-sim/build/CMakeFiles/CMakeTmp'


Source file was:

      #include <math.h>
      int main() {
        float f = 3.14159f;
        return isinf(f);
      }
    
Performing C SOURCE FILE Test LIBC_HAS_ISINFF succeeded with the following output:
Change Dir: /home/lucas/code/my-projects/ant-colony-sim/build/CMakeFiles/CMakeTmp

Run Build Command(s):/usr/bin/gmake -f Makefile cmTC_54c8c/fast && /usr/bin/gmake  -f CMakeFiles/cmTC_54c8c.dir/build.make CMakeFiles/cmTC_54c8c.dir/build
gmake[1]: Entering directory '/home/lucas/code/my-projects/ant-colony-sim/build/CMakeFiles/CMakeTmp'
Building C object CMakeFiles/cmTC_54c8c.dir/src.c.o
/usr/bin/cc -DLIBC_HAS_ISINFF  -D_GNU_SOURCE=1 -Wfloat-conversion -Werror -o CMakeFiles/cmTC_54c8c.dir/src.c.o -c /home/lucas/code/my-projects/ant-colony-sim/build/CMakeFiles/CMakeTmp/src.c
Linking C executable cmTC_54c8c
/usr/local/bin/cmake -E cmake_link_script CMakeFiles/cmTC_54c8c.dir/link.txt --verbose=1
/usr/bin/cc   -D_GNU_SOURCE=1 -Wfloat-conversion -Werror CMakeFiles/cmTC_54c8c.dir/src.c.o -o cmTC_54c8c 
gmake[1]: Leaving directory '/home/lucas/code/my-projects/ant-colony-sim/build/CMakeFiles/CMakeTmp'


Source file was:

      #include <math.h>
      int main() {
        float f = 3.14159f;
        return isinff(f);
      }
    
Performing C SOURCE FILE Test LIBC_HAS_ISNAN succeeded with the following output:
Change Dir: /home/lucas/code/my-projects/ant-colony-sim/build/CMakeFiles/CMakeTmp

Run Build Command(s):/usr/bin/gmake -f Makefile cmTC_a8093/fast && /usr/bin/gmake  -f CMakeFiles/cmTC_a8093.dir/build.make CMakeFiles/cmTC_a8093.dir/build
gmake[1]: Entering directory '/home/lucas/code/my-projects/ant-colony-sim/build/CMakeFiles/CMakeTmp'
Building C object CMakeFiles/cmTC_a8093.dir/src.c.o
/usr/bin/cc -DLIBC_HAS_ISNAN  -D_GNU_SOURCE=1 -Wfloat-conversion -Werror -o CMakeFiles/cmTC_a8093.dir/src.c.o -c /home/lucas/code/my-projects/ant-colony-sim/build/CMakeFiles/CMakeTmp/src.c
Linking C executable cmTC_a8093
/usr/local/bin/cmake -E cmake_link_script CMakeFiles/cmTC_a8093.dir/link.txt --verbose=1
/usr/bin/cc   -D_GNU_SOURCE=1 -Wfloat-conversion -Werror CMakeFiles/cmTC_a8093.dir/src.c.o -o cmTC_a8093 
gmake[1]: Leaving directory '/home/lucas/code/my-projects/ant-colony-sim/build/CMakeFiles/CMakeTmp'


Source file was:

        #include <math.h>
        int main() {
          double d = 3.14159;
          return isnan(d);
        }
      
Performing C SOURCE FILE Test LIBC_ISNAN_HANDLES_FLOAT succeeded with the following output:
Change Dir: /home/lucas/code/my-projects/ant-colony-sim/build/CMakeFiles/CMakeTmp

Run Build Command(s):/usr/bin/gmake -f Makefile cmTC_3f603/fast && /usr/bin/gmake  -f CMakeFiles/cmTC_3f603.dir/build.make CMakeFiles/cmTC_3f603.dir/build
gmake[1]: Entering directory '/home/lucas/code/my-projects/ant-colony-sim/build/CMakeFiles/CMakeTmp'
Building C object CMakeFiles/cmTC_3f603.dir/src.c.o
/usr/bin/cc -DLIBC_ISNAN_HANDLES_FLOAT  -D_GNU_SOURCE=1 -Wfloat-conversion -Werror -o CMakeFiles/cmTC_3f603.dir/src.c.o -c /home/lucas/code/my-projects/ant-colony-sim/build/CMakeFiles/CMakeTmp/src.c
Linking C executable cmTC_3f603
/usr/local/bin/cmake -E cmake_link_script CMakeFiles/cmTC_3f603.dir/link.txt --verbose=1
/usr/bin/cc   -D_GNU_SOURCE=1 -Wfloat-conversion -Werror CMakeFiles/cmTC_3f603.dir/src.c.o -o cmTC_3f603 
gmake[1]: Leaving directory '/home/lucas/code/my-projects/ant-colony-sim/build/CMakeFiles/CMakeTmp'


Source file was:

      #include <math.h>
      int main() {
        float f = 3.14159f;
        return isnan(f);
      }
    
Performing C SOURCE FILE Test LIBC_HAS_ISNANF succeeded with the following output:
Change Dir: /home/lucas/code/my-projects/ant-colony-sim/build/CMakeFiles/CMakeTmp

Run Build Command(s):/usr/bin/gmake -f Makefile cmTC_0a5f7/fast && /usr/bin/gmake  -f CMakeFiles/cmTC_0a5f7.dir/build.make CMakeFiles/cmTC_0a5f7.dir/build
gmake[1]: Entering directory '/home/lucas/code/my-projects/ant-colony-sim/build/CMakeFiles/CMakeTmp'
Building C object CMakeFiles/cmTC_0a5f7.dir/src.c.o
/usr/bin/cc -DLIBC_HAS_ISNANF  -D_GNU_SOURCE=1 -Wfloat-conversion -Werror -o CMakeFiles/cmTC_0a5f7.dir/src.c.o -c /home/lucas/code/my-projects/ant-colony-sim/build/CMakeFiles/CMakeTmp/src.c
Linking C executable cmTC_0a5f7
/usr/local/bin/cmake -E cmake_link_script CMakeFiles/cmTC_0a5f7.dir/link.txt --verbose=1
/usr/bin/cc   -D_GNU_SOURCE=1 -Wfloat-conversion -Werror CMakeFiles/cmTC_0a5f7.dir/src.c.o -o cmTC_0a5f7 
gmake[1]: Leaving directory '/home/lucas/code/my-projects/ant-colony-sim/build/CMakeFiles/CMakeTmp'


Source file was:

      #include <math.h>
      int main() {
        float f = 3.14159f;
        return isnanf(f);
      }
    
Determining if the fdatasync exist passed with the following output:
Change Dir: /home/lucas/code/my-projects/ant-colony-sim/build/CMakeFiles/CMakeTmp

Run Build Command(s):/usr/bin/gmake -f Makefile cmTC_bada6/fast && /usr/bin/gmake  -f CMakeFiles/cmTC_bada6.dir/build.make CMakeFiles/cmTC_bada6.dir/build
gmake[1]: Entering directory '/home/lucas/code/my-projects/ant-colony-sim/build/CMakeFiles/CMakeTmp'
Building C object CMakeFiles/cmTC_bada6.dir/CheckSymbolExists.c.o
/usr/bin/cc   -D_GNU_SOURCE=1 -o CMakeFiles/cmTC_bada6.dir/CheckSymbolExists.c.o -c /home/lucas/code/my-projects/ant-colony-sim/build/CMakeFiles/CMakeTmp/CheckSymbolExists.c
Linking C executable cmTC_bada6
/usr/local/bin/cmake -E cmake_link_script CMakeFiles/cmTC_bada6.dir/link.txt --verbose=1
/usr/bin/cc   -D_GNU_SOURCE=1 CMakeFiles/cmTC_bada6.dir/CheckSymbolExists.c.o -o cmTC_bada6 
gmake[1]: Leaving directory '/home/lucas/code/my-projects/ant-colony-sim/build/CMakeFiles/CMakeTmp'


File /home/lucas/code/my-projects/ant-colony-sim/build/CMakeFiles/CMakeTmp/CheckSymbolExists.c:
/* */
#include <unistd.h>

int main(int argc, char** argv)
{
  (void)argv;
#ifndef fdatasync
  return ((int*)(&fdatasync))[argc];
#else
  (void)argc;
  return 0;
#endif
}
Determining if the gethostname exist passed with the following output:
Change Dir: /home/lucas/code/my-projects/ant-colony-sim/build/CMakeFiles/CMakeTmp

Run Build Command(s):/usr/bin/gmake -f Makefile cmTC_15460/fast && /usr/bin/gmake  -f CMakeFiles/cmTC_15460.dir/build.make CMakeFiles/cmTC_15460.dir/build
gmake[1]: Entering directory '/home/lucas/code/my-projects/ant-colony-sim/build/CMakeFiles/CMakeTmp'
Building C object CMakeFiles/cmTC_15460.dir/CheckSymbolExists.c.o
/usr/bin/cc   -D_GNU_SOURCE=1 -o CMakeFiles/cmTC_15460.dir/CheckSymbolExists.c.o -c /home/lucas/code/my-projects/ant-colony-sim/build/CMakeFiles/CMakeTmp/CheckSymbolExists.c
Linking C executable cmTC_15460
/usr/local/bin/cmake -E cmake_link_script CMakeFiles/cmTC_15460.dir/link.txt --verbose=1
/usr/bin/cc   -D_GNU_SOURCE=1 CMakeFiles/cmTC_15460.dir/CheckSymbolExists.c.o -o cmTC_15460 
gmake[1]: Leaving directory '/home/lucas/code/my-projects/ant-colony-sim/build/CMakeFiles/CMakeTmp'


File /home/lucas/code/my-projects/ant-colony-sim/build/CMakeFiles/CMakeTmp/CheckSymbolExists.c:
/* */
#include <unistd.h>

int main(int argc, char** argv)
{
  (void)argv;
#ifndef gethostname
  return ((int*)(&gethostname))[argc];
#else
  (void)argc;
  return 0;
#endif
}
Determining if the getpagesize exist passed with the following output:
Change Dir: /home/lucas/code/my-projects/ant-colony-sim/build/CMakeFiles/CMakeTmp

Run Build Command(s):/usr/bin/gmake -f Makefile cmTC_41051/fast && /usr/bin/gmake  -f CMakeFiles/cmTC_41051.dir/build.make CMakeFiles/cmTC_41051.dir/build
gmake[1]: Entering directory '/home/lucas/code/my-projects/ant-colony-sim/build/CMakeFiles/CMakeTmp'
Building C object CMakeFiles/cmTC_41051.dir/CheckSymbolExists.c.o
/usr/bin/cc   -D_GNU_SOURCE=1 -o CMakeFiles/cmTC_41051.dir/CheckSymbolExists.c.o -c /home/lucas/code/my-projects/ant-colony-sim/build/CMakeFiles/CMakeTmp/CheckSymbolExists.c
Linking C executable cmTC_41051
/usr/local/bin/cmake -E cmake_link_script CMakeFiles/cmTC_41051.dir/link.txt --verbose=1
/usr/bin/cc   -D_GNU_SOURCE=1 CMakeFiles/cmTC_41051.dir/CheckSymbolExists.c.o -o cmTC_41051 
gmake[1]: Leaving directory '/home/lucas/code/my-projects/ant-colony-sim/build/CMakeFiles/CMakeTmp'


File /home/lucas/code/my-projects/ant-colony-sim/build/CMakeFiles/CMakeTmp/CheckSymbolExists.c:
/* */
#include <unistd.h>

int main(int argc, char** argv)
{
  (void)argv;
#ifndef getpagesize
  return ((int*)(&getpagesize))[argc];
#else
  (void)argc;
  return 0;
#endif
}
Determining if the getresgid exist passed with the following output:
Change Dir: /home/lucas/code/my-projects/ant-colony-sim/build/CMakeFiles/CMakeTmp

Run Build Command(s):/usr/bin/gmake -f Makefile cmTC_38db8/fast && /usr/bin/gmake  -f CMakeFiles/cmTC_38db8.dir/build.make CMakeFiles/cmTC_38db8.dir/build
gmake[1]: Entering directory '/home/lucas/code/my-projects/ant-colony-sim/build/CMakeFiles/CMakeTmp'
Building C object CMakeFiles/cmTC_38db8.dir/CheckSymbolExists.c.o
/usr/bin/cc   -D_GNU_SOURCE=1 -o CMakeFiles/cmTC_38db8.dir/CheckSymbolExists.c.o -c /home/lucas/code/my-projects/ant-colony-sim/build/CMakeFiles/CMakeTmp/CheckSymbolExists.c
Linking C executable cmTC_38db8
/usr/local/bin/cmake -E cmake_link_script CMakeFiles/cmTC_38db8.dir/link.txt --verbose=1
/usr/bin/cc   -D_GNU_SOURCE=1 CMakeFiles/cmTC_38db8.dir/CheckSymbolExists.c.o -o cmTC_38db8 
gmake[1]: Leaving directory '/home/lucas/code/my-projects/ant-colony-sim/build/CMakeFiles/CMakeTmp'


File /home/lucas/code/my-projects/ant-colony-sim/build/CMakeFiles/CMakeTmp/CheckSymbolExists.c:
/* */
#include <unistd.h>

int main(int argc, char** argv)
{
  (void)argv;
#ifndef getresgid
  return ((int*)(&getresgid))[argc];
#else
  (void)argc;
  return 0;
#endif
}
Determining if the getresuid exist passed with the following output:
Change Dir: /home/lucas/code/my-projects/ant-colony-sim/build/CMakeFiles/CMakeTmp

Run Build Command(s):/usr/bin/gmake -f Makefile cmTC_5fa1f/fast && /usr/bin/gmake  -f CMakeFiles/cmTC_5fa1f.dir/build.make CMakeFiles/cmTC_5fa1f.dir/build
gmake[1]: Entering directory '/home/lucas/code/my-projects/ant-colony-sim/build/CMakeFiles/CMakeTmp'
Building C object CMakeFiles/cmTC_5fa1f.dir/CheckSymbolExists.c.o
/usr/bin/cc   -D_GNU_SOURCE=1 -o CMakeFiles/cmTC_5fa1f.dir/CheckSymbolExists.c.o -c /home/lucas/code/my-projects/ant-colony-sim/build/CMakeFiles/CMakeTmp/CheckSymbolExists.c
Linking C executable cmTC_5fa1f
/usr/local/bin/cmake -E cmake_link_script CMakeFiles/cmTC_5fa1f.dir/link.txt --verbose=1
/usr/bin/cc   -D_GNU_SOURCE=1 CMakeFiles/cmTC_5fa1f.dir/CheckSymbolExists.c.o -o cmTC_5fa1f 
gmake[1]: Leaving directory '/home/lucas/code/my-projects/ant-colony-sim/build/CMakeFiles/CMakeTmp'


File /home/lucas/code/my-projects/ant-colony-sim/build/CMakeFiles/CMakeTmp/CheckSymbolExists.c:
/* */
#include <unistd.h>

int main(int argc, char** argv)
{
  (void)argv;
#ifndef getresuid
  return ((int*)(&getresuid))[argc];
#else
  (void)argc;
  return 0;
#endif
}
Determining if the sigaction exist passed with the following output:
Change Dir: /home/lucas/code/my-projects/ant-colony-sim/build/CMakeFiles/CMakeTmp

Run Build Command(s):/usr/bin/gmake -f Makefile cmTC_13e29/fast && /usr/bin/gmake  -f CMakeFiles/cmTC_13e29.dir/build.make CMakeFiles/cmTC_13e29.dir/build
gmake[1]: Entering directory '/home/lucas/code/my-projects/ant-colony-sim/build/CMakeFiles/CMakeTmp'
Building C object CMakeFiles/cmTC_13e29.dir/CheckSymbolExists.c.o
/usr/bin/cc   -D_GNU_SOURCE=1 -o CMakeFiles/cmTC_13e29.dir/CheckSymbolExists.c.o -c /home/lucas/code/my-projects/ant-colony-sim/build/CMakeFiles/CMakeTmp/CheckSymbolExists.c
Linking C executable cmTC_13e29
/usr/local/bin/cmake -E cmake_link_script CMakeFiles/cmTC_13e29.dir/link.txt --verbose=1
/usr/bin/cc   -D_GNU_SOURCE=1 CMakeFiles/cmTC_13e29.dir/CheckSymbolExists.c.o -o cmTC_13e29 
gmake[1]: Leaving directory '/home/lucas/code/my-projects/ant-colony-sim/build/CMakeFiles/CMakeTmp'


File /home/lucas/code/my-projects/ant-colony-sim/build/CMakeFiles/CMakeTmp/CheckSymbolExists.c:
/* */
#include <signal.h>

int main(int argc, char** argv)
{
  (void)argv;
#ifndef sigaction
  return ((int*)(&sigaction))[argc];
#else
  (void)argc;
  return 0;
#endif
}
Determining if the sigtimedwait exist passed with the following output:
Change Dir: /home/lucas/code/my-projects/ant-colony-sim/build/CMakeFiles/CMakeTmp

Run Build Command(s):/usr/bin/gmake -f Makefile cmTC_471ef/fast && /usr/bin/gmake  -f CMakeFiles/cmTC_471ef.dir/build.make CMakeFiles/cmTC_471ef.dir/build
gmake[1]: Entering directory '/home/lucas/code/my-projects/ant-colony-sim/build/CMakeFiles/CMakeTmp'
Building C object CMakeFiles/cmTC_471ef.dir/CheckSymbolExists.c.o
/usr/bin/cc   -D_GNU_SOURCE=1 -o CMakeFiles/cmTC_471ef.dir/CheckSymbolExists.c.o -c /home/lucas/code/my-projects/ant-colony-sim/build/CMakeFiles/CMakeTmp/CheckSymbolExists.c
Linking C executable cmTC_471ef
/usr/local/bin/cmake -E cmake_link_script CMakeFiles/cmTC_471ef.dir/link.txt --verbose=1
/usr/bin/cc   -D_GNU_SOURCE=1 CMakeFiles/cmTC_471ef.dir/CheckSymbolExists.c.o -o cmTC_471ef 
gmake[1]: Leaving directory '/home/lucas/code/my-projects/ant-colony-sim/build/CMakeFiles/CMakeTmp'


File /home/lucas/code/my-projects/ant-colony-sim/build/CMakeFiles/CMakeTmp/CheckSymbolExists.c:
/* */
#include <signal.h>

int main(int argc, char** argv)
{
  (void)argv;
#ifndef sigtimedwait
  return ((int*)(&sigtimedwait))[argc];
#else
  (void)argc;
  return 0;
#endif
}
Determining if the setjmp exist passed with the following output:
Change Dir: /home/lucas/code/my-projects/ant-colony-sim/build/CMakeFiles/CMakeTmp

Run Build Command(s):/usr/bin/gmake -f Makefile cmTC_ec706/fast && /usr/bin/gmake  -f CMakeFiles/cmTC_ec706.dir/build.make CMakeFiles/cmTC_ec706.dir/build
gmake[1]: Entering directory '/home/lucas/code/my-projects/ant-colony-sim/build/CMakeFiles/CMakeTmp'
Building C object CMakeFiles/cmTC_ec706.dir/CheckSymbolExists.c.o
/usr/bin/cc   -D_GNU_SOURCE=1 -o CMakeFiles/cmTC_ec706.dir/CheckSymbolExists.c.o -c /home/lucas/code/my-projects/ant-colony-sim/build/CMakeFiles/CMakeTmp/CheckSymbolExists.c
Linking C executable cmTC_ec706
/usr/local/bin/cmake -E cmake_link_script CMakeFiles/cmTC_ec706.dir/link.txt --verbose=1
/usr/bin/cc   -D_GNU_SOURCE=1 CMakeFiles/cmTC_ec706.dir/CheckSymbolExists.c.o -o cmTC_ec706 
gmake[1]: Leaving directory '/home/lucas/code/my-projects/ant-colony-sim/build/CMakeFiles/CMakeTmp'


File /home/lucas/code/my-projects/ant-colony-sim/build/CMakeFiles/CMakeTmp/CheckSymbolExists.c:
/* */
#include <setjmp.h>

int main(int argc, char** argv)
{
  (void)argv;
#ifndef setjmp
  return ((int*)(&setjmp))[argc];
#else
  (void)argc;
  return 0;
#endif
}
Determining if the nanosleep exist passed with the following output:
Change Dir: /home/lucas/code/my-projects/ant-colony-sim/build/CMakeFiles/CMakeTmp

Run Build Command(s):/usr/bin/gmake -f Makefile cmTC_f3504/fast && /usr/bin/gmake  -f CMakeFiles/cmTC_f3504.dir/build.make CMakeFiles/cmTC_f3504.dir/build
gmake[1]: Entering directory '/home/lucas/code/my-projects/ant-colony-sim/build/CMakeFiles/CMakeTmp'
Building C object CMakeFiles/cmTC_f3504.dir/CheckSymbolExists.c.o
/usr/bin/cc   -D_GNU_SOURCE=1 -o CMakeFiles/cmTC_f3504.dir/CheckSymbolExists.c.o -c /home/lucas/code/my-projects/ant-colony-sim/build/CMakeFiles/CMakeTmp/CheckSymbolExists.c
Linking C executable cmTC_f3504
/usr/local/bin/cmake -E cmake_link_script CMakeFiles/cmTC_f3504.dir/link.txt --verbose=1
/usr/bin/cc   -D_GNU_SOURCE=1 CMakeFiles/cmTC_f3504.dir/CheckSymbolExists.c.o -o cmTC_f3504 
gmake[1]: Leaving directory '/home/lucas/code/my-projects/ant-colony-sim/build/CMakeFiles/CMakeTmp'


File /home/lucas/code/my-projects/ant-colony-sim/build/CMakeFiles/CMakeTmp/CheckSymbolExists.c:
/* */
#include <time.h>

int main(int argc, char** argv)
{
  (void)argv;
#ifndef nanosleep
  return ((int*)(&nanosleep))[argc];
#else
  (void)argc;
  return 0;
#endif
}
Determining if the gmtime_r exist passed with the following output:
Change Dir: /home/lucas/code/my-projects/ant-colony-sim/build/CMakeFiles/CMakeTmp

Run Build Command(s):/usr/bin/gmake -f Makefile cmTC_d084d/fast && /usr/bin/gmake  -f CMakeFiles/cmTC_d084d.dir/build.make CMakeFiles/cmTC_d084d.dir/build
gmake[1]: Entering directory '/home/lucas/code/my-projects/ant-colony-sim/build/CMakeFiles/CMakeTmp'
Building C object CMakeFiles/cmTC_d084d.dir/CheckSymbolExists.c.o
/usr/bin/cc   -D_GNU_SOURCE=1 -o CMakeFiles/cmTC_d084d.dir/CheckSymbolExists.c.o -c /home/lucas/code/my-projects/ant-colony-sim/build/CMakeFiles/CMakeTmp/CheckSymbolExists.c
Linking C executable cmTC_d084d
/usr/local/bin/cmake -E cmake_link_script CMakeFiles/cmTC_d084d.dir/link.txt --verbose=1
/usr/bin/cc   -D_GNU_SOURCE=1 CMakeFiles/cmTC_d084d.dir/CheckSymbolExists.c.o -o cmTC_d084d 
gmake[1]: Leaving directory '/home/lucas/code/my-projects/ant-colony-sim/build/CMakeFiles/CMakeTmp'


File /home/lucas/code/my-projects/ant-colony-sim/build/CMakeFiles/CMakeTmp/CheckSymbolExists.c:
/* */
#include <time.h>

int main(int argc, char** argv)
{
  (void)argv;
#ifndef gmtime_r
  return ((int*)(&gmtime_r))[argc];
#else
  (void)argc;
  return 0;
#endif
}
Determining if the localtime_r exist passed with the following output:
Change Dir: /home/lucas/code/my-projects/ant-colony-sim/build/CMakeFiles/CMakeTmp

Run Build Command(s):/usr/bin/gmake -f Makefile cmTC_9523d/fast && /usr/bin/gmake  -f CMakeFiles/cmTC_9523d.dir/build.make CMakeFiles/cmTC_9523d.dir/build
gmake[1]: Entering directory '/home/lucas/code/my-projects/ant-colony-sim/build/CMakeFiles/CMakeTmp'
Building C object CMakeFiles/cmTC_9523d.dir/CheckSymbolExists.c.o
/usr/bin/cc   -D_GNU_SOURCE=1 -o CMakeFiles/cmTC_9523d.dir/CheckSymbolExists.c.o -c /home/lucas/code/my-projects/ant-colony-sim/build/CMakeFiles/CMakeTmp/CheckSymbolExists.c
Linking C executable cmTC_9523d
/usr/local/bin/cmake -E cmake_link_script CMakeFiles/cmTC_9523d.dir/link.txt --verbose=1
/usr/bin/cc   -D_GNU_SOURCE=1 CMakeFiles/cmTC_9523d.dir/CheckSymbolExists.c.o -o cmTC_9523d 
gmake[1]: Leaving directory '/home/lucas/code/my-projects/ant-colony-sim/build/CMakeFiles/CMakeTmp'


File /home/lucas/code/my-projects/ant-colony-sim/build/CMakeFiles/CMakeTmp/CheckSymbolExists.c:
/* */
#include <time.h>

int main(int argc, char** argv)
{
  (void)argv;
#ifndef localtime_r
  return ((int*)(&localtime_r))[argc];
#else
  (void)argc;
  return 0;
#endif
}
Determining if the nl_langinfo exist passed with the following output:
Change Dir: /home/lucas/code/my-projects/ant-colony-sim/build/CMakeFiles/CMakeTmp

Run Build Command(s):/usr/bin/gmake -f Makefile cmTC_2b55a/fast && /usr/bin/gmake  -f CMakeFiles/cmTC_2b55a.dir/build.make CMakeFiles/cmTC_2b55a.dir/build
gmake[1]: Entering directory '/home/lucas/code/my-projects/ant-colony-sim/build/CMakeFiles/CMakeTmp'
Building C object CMakeFiles/cmTC_2b55a.dir/CheckSymbolExists.c.o
/usr/bin/cc   -D_GNU_SOURCE=1 -o CMakeFiles/cmTC_2b55a.dir/CheckSymbolExists.c.o -c /home/lucas/code/my-projects/ant-colony-sim/build/CMakeFiles/CMakeTmp/CheckSymbolExists.c
Linking C executable cmTC_2b55a
/usr/local/bin/cmake -E cmake_link_script CMakeFiles/cmTC_2b55a.dir/link.txt --verbose=1
/usr/bin/cc   -D_GNU_SOURCE=1 CMakeFiles/cmTC_2b55a.dir/CheckSymbolExists.c.o -o cmTC_2b55a 
gmake[1]: Leaving directory '/home/lucas/code/my-projects/ant-colony-sim/build/CMakeFiles/CMakeTmp'


File /home/lucas/code/my-projects/ant-colony-sim/build/CMakeFiles/CMakeTmp/CheckSymbolExists.c:
/* */
#include <langinfo.h>

int main(int argc, char** argv)
{
  (void)argv;
#ifndef nl_langinfo
  return ((int*)(&nl_langinfo))[argc];
#else
  (void)argc;
  return 0;
#endif
}
Determining if the sysconf exist passed with the following output:
Change Dir: /home/lucas/code/my-projects/ant-colony-sim/build/CMakeFiles/CMakeTmp

Run Build Command(s):/usr/bin/gmake -f Makefile cmTC_d6146/fast && /usr/bin/gmake  -f CMakeFiles/cmTC_d6146.dir/build.make CMakeFiles/cmTC_d6146.dir/build
gmake[1]: Entering directory '/home/lucas/code/my-projects/ant-colony-sim/build/CMakeFiles/CMakeTmp'
Building C object CMakeFiles/cmTC_d6146.dir/CheckSymbolExists.c.o
/usr/bin/cc   -D_GNU_SOURCE=1 -o CMakeFiles/cmTC_d6146.dir/CheckSymbolExists.c.o -c /home/lucas/code/my-projects/ant-colony-sim/build/CMakeFiles/CMakeTmp/CheckSymbolExists.c
Linking C executable cmTC_d6146
/usr/local/bin/cmake -E cmake_link_script CMakeFiles/cmTC_d6146.dir/link.txt --verbose=1
/usr/bin/cc   -D_GNU_SOURCE=1 CMakeFiles/cmTC_d6146.dir/CheckSymbolExists.c.o -o cmTC_d6146 
gmake[1]: Leaving directory '/home/lucas/code/my-projects/ant-colony-sim/build/CMakeFiles/CMakeTmp'


File /home/lucas/code/my-projects/ant-colony-sim/build/CMakeFiles/CMakeTmp/CheckSymbolExists.c:
/* */
#include <unistd.h>

int main(int argc, char** argv)
{
  (void)argv;
#ifndef sysconf
  return ((int*)(&sysconf))[argc];
#else
  (void)argc;
  return 0;
#endif
}
Determining if the getauxval exist passed with the following output:
Change Dir: /home/lucas/code/my-projects/ant-colony-sim/build/CMakeFiles/CMakeTmp

Run Build Command(s):/usr/bin/gmake -f Makefile cmTC_ae76b/fast && /usr/bin/gmake  -f CMakeFiles/cmTC_ae76b.dir/build.make CMakeFiles/cmTC_ae76b.dir/build
gmake[1]: Entering directory '/home/lucas/code/my-projects/ant-colony-sim/build/CMakeFiles/CMakeTmp'
Building C object CMakeFiles/cmTC_ae76b.dir/CheckSymbolExists.c.o
/usr/bin/cc   -D_GNU_SOURCE=1 -o CMakeFiles/cmTC_ae76b.dir/CheckSymbolExists.c.o -c /home/lucas/code/my-projects/ant-colony-sim/build/CMakeFiles/CMakeTmp/CheckSymbolExists.c
Linking C executable cmTC_ae76b
/usr/local/bin/cmake -E cmake_link_script CMakeFiles/cmTC_ae76b.dir/link.txt --verbose=1
/usr/bin/cc   -D_GNU_SOURCE=1 CMakeFiles/cmTC_ae76b.dir/CheckSymbolExists.c.o -o cmTC_ae76b 
gmake[1]: Leaving directory '/home/lucas/code/my-projects/ant-colony-sim/build/CMakeFiles/CMakeTmp'


File /home/lucas/code/my-projects/ant-colony-sim/build/CMakeFiles/CMakeTmp/CheckSymbolExists.c:
/* */
#include <sys/auxv.h>

int main(int argc, char** argv)
{
  (void)argv;
#ifndef getauxval
  return ((int*)(&getauxval))[argc];
#else
  (void)argc;
  return 0;
#endif
}
Determining if the ppoll exist passed with the following output:
Change Dir: /home/lucas/code/my-projects/ant-colony-sim/build/CMakeFiles/CMakeTmp

Run Build Command(s):/usr/bin/gmake -f Makefile cmTC_75b13/fast && /usr/bin/gmake  -f CMakeFiles/cmTC_75b13.dir/build.make CMakeFiles/cmTC_75b13.dir/build
gmake[1]: Entering directory '/home/lucas/code/my-projects/ant-colony-sim/build/CMakeFiles/CMakeTmp'
Building C object CMakeFiles/cmTC_75b13.dir/CheckSymbolExists.c.o
/usr/bin/cc   -D_GNU_SOURCE=1 -o CMakeFiles/cmTC_75b13.dir/CheckSymbolExists.c.o -c /home/lucas/code/my-projects/ant-colony-sim/build/CMakeFiles/CMakeTmp/CheckSymbolExists.c
Linking C executable cmTC_75b13
/usr/local/bin/cmake -E cmake_link_script CMakeFiles/cmTC_75b13.dir/link.txt --verbose=1
/usr/bin/cc   -D_GNU_SOURCE=1 CMakeFiles/cmTC_75b13.dir/CheckSymbolExists.c.o -o cmTC_75b13 
gmake[1]: Leaving directory '/home/lucas/code/my-projects/ant-colony-sim/build/CMakeFiles/CMakeTmp'


File /home/lucas/code/my-projects/ant-colony-sim/build/CMakeFiles/CMakeTmp/CheckSymbolExists.c:
/* */
#include <poll.h>

int main(int argc, char** argv)
{
  (void)argv;
#ifndef ppoll
  return ((int*)(&ppoll))[argc];
#else
  (void)argc;
  return 0;
#endif
}
Determining if the memfd_create exist passed with the following output:
Change Dir: /home/lucas/code/my-projects/ant-colony-sim/build/CMakeFiles/CMakeTmp

Run Build Command(s):/usr/bin/gmake -f Makefile cmTC_049ac/fast && /usr/bin/gmake  -f CMakeFiles/cmTC_049ac.dir/build.make CMakeFiles/cmTC_049ac.dir/build
gmake[1]: Entering directory '/home/lucas/code/my-projects/ant-colony-sim/build/CMakeFiles/CMakeTmp'
Building C object CMakeFiles/cmTC_049ac.dir/CheckSymbolExists.c.o
/usr/bin/cc   -D_GNU_SOURCE=1 -o CMakeFiles/cmTC_049ac.dir/CheckSymbolExists.c.o -c /home/lucas/code/my-projects/ant-colony-sim/build/CMakeFiles/CMakeTmp/CheckSymbolExists.c
Linking C executable cmTC_049ac
/usr/local/bin/cmake -E cmake_link_script CMakeFiles/cmTC_049ac.dir/link.txt --verbose=1
/usr/bin/cc   -D_GNU_SOURCE=1 CMakeFiles/cmTC_049ac.dir/CheckSymbolExists.c.o -o cmTC_049ac 
gmake[1]: Leaving directory '/home/lucas/code/my-projects/ant-colony-sim/build/CMakeFiles/CMakeTmp'


File /home/lucas/code/my-projects/ant-colony-sim/build/CMakeFiles/CMakeTmp/CheckSymbolExists.c:
/* */
#include <sys/mman.h>

int main(int argc, char** argv)
{
  (void)argv;
#ifndef memfd_create
  return ((int*)(&memfd_create))[argc];
#else
  (void)argc;
  return 0;
#endif
}
Determining if the posix_fallocate exist passed with the following output:
Change Dir: /home/lucas/code/my-projects/ant-colony-sim/build/CMakeFiles/CMakeTmp

Run Build Command(s):/usr/bin/gmake -f Makefile cmTC_687a6/fast && /usr/bin/gmake  -f CMakeFiles/cmTC_687a6.dir/build.make CMakeFiles/cmTC_687a6.dir/build
gmake[1]: Entering directory '/home/lucas/code/my-projects/ant-colony-sim/build/CMakeFiles/CMakeTmp'
Building C object CMakeFiles/cmTC_687a6.dir/CheckSymbolExists.c.o
/usr/bin/cc   -D_GNU_SOURCE=1 -o CMakeFiles/cmTC_687a6.dir/CheckSymbolExists.c.o -c /home/lucas/code/my-projects/ant-colony-sim/build/CMakeFiles/CMakeTmp/CheckSymbolExists.c
Linking C executable cmTC_687a6
/usr/local/bin/cmake -E cmake_link_script CMakeFiles/cmTC_687a6.dir/link.txt --verbose=1
/usr/bin/cc   -D_GNU_SOURCE=1 CMakeFiles/cmTC_687a6.dir/CheckSymbolExists.c.o -o cmTC_687a6 
gmake[1]: Leaving directory '/home/lucas/code/my-projects/ant-colony-sim/build/CMakeFiles/CMakeTmp'


File /home/lucas/code/my-projects/ant-colony-sim/build/CMakeFiles/CMakeTmp/CheckSymbolExists.c:
/* */
#include <fcntl.h>

int main(int argc, char** argv)
{
  (void)argv;
#ifndef posix_fallocate
  return ((int*)(&posix_fallocate))[argc];
#else
  (void)argc;
  return 0;
#endif
}
Determining if the posix_spawn_file_actions_addchdir_np exist passed with the following output:
Change Dir: /home/lucas/code/my-projects/ant-colony-sim/build/CMakeFiles/CMakeTmp

Run Build Command(s):/usr/bin/gmake -f Makefile cmTC_a2c7c/fast && /usr/bin/gmake  -f CMakeFiles/cmTC_a2c7c.dir/build.make CMakeFiles/cmTC_a2c7c.dir/build
gmake[1]: Entering directory '/home/lucas/code/my-projects/ant-colony-sim/build/CMakeFiles/CMakeTmp'
Building C object CMakeFiles/cmTC_a2c7c.dir/CheckSymbolExists.c.o
/usr/bin/cc   -D_GNU_SOURCE=1 -o CMakeFiles/cmTC_a2c7c.dir/CheckSymbolExists.c.o -c /home/lucas/code/my-projects/ant-colony-sim/build/CMakeFiles/CMakeTmp/CheckSymbolExists.c
Linking C executable cmTC_a2c7c
/usr/local/bin/cmake -E cmake_link_script CMakeFiles/cmTC_a2c7c.dir/link.txt --verbose=1
/usr/bin/cc   -D_GNU_SOURCE=1 CMakeFiles/cmTC_a2c7c.dir/CheckSymbolExists.c.o -o cmTC_a2c7c 
gmake[1]: Leaving directory '/home/lucas/code/my-projects/ant-colony-sim/build/CMakeFiles/CMakeTmp'


File /home/lucas/code/my-projects/ant-colony-sim/build/CMakeFiles/CMakeTmp/CheckSymbolExists.c:
/* */
#include <spawn.h>

int main(int argc, char** argv)
{
  (void)argv;
#ifndef posix_spawn_file_actions_addchdir_np
  return ((int*)(&posix_spawn_file_actions_addchdir_np))[argc];
#else
  (void)argc;
  return 0;
#endif
}
Performing C SOURCE FILE Test ICONV_IN_LIBC succeeded with the following output:
Change Dir: /home/lucas/code/my-projects/ant-colony-sim/build/CMakeFiles/CMakeTmp

Run Build Command(s):/usr/bin/gmake -f Makefile cmTC_ad1fd/fast && /usr/bin/gmake  -f CMakeFiles/cmTC_ad1fd.dir/build.make CMakeFiles/cmTC_ad1fd.dir/build
gmake[1]: Entering directory '/home/lucas/code/my-projects/ant-colony-sim/build/CMakeFiles/CMakeTmp'
Building C object CMakeFiles/cmTC_ad1fd.dir/src.c.o
/usr/bin/cc -DICONV_IN_LIBC  -D_GNU_SOURCE=1 -o CMakeFiles/cmTC_ad1fd.dir/src.c.o -c /home/lucas/code/my-projects/ant-colony-sim/build/CMakeFiles/CMakeTmp/src.c
Linking C executable cmTC_ad1fd
/usr/local/bin/cmake -E cmake_link_script CMakeFiles/cmTC_ad1fd.dir/link.txt --verbose=1
/usr/bin/cc   -D_GNU_SOURCE=1 CMakeFiles/cmTC_ad1fd.dir/src.c.o -o cmTC_ad1fd 
gmake[1]: Leaving directory '/home/lucas/code/my-projects/ant-colony-sim/build/CMakeFiles/CMakeTmp'


Source file was:

      #define LIBICONV_PLUG 1 /* in case libiconv header is in include path */
      #include <stddef.h>
      #include <iconv.h>
      int main(int argc, char **argv) {
          return !iconv_open(NULL,NULL);
      }
Performing C SOURCE FILE Test HAVE_SA_SIGACTION succeeded with the following output:
Change Dir: /home/lucas/code/my-projects/ant-colony-sim/build/CMakeFiles/CMakeTmp

Run Build Command(s):/usr/bin/gmake -f Makefile cmTC_c6639/fast && /usr/bin/gmake  -f CMakeFiles/cmTC_c6639.dir/build.make CMakeFiles/cmTC_c6639.dir/build
gmake[1]: Entering directory '/home/lucas/code/my-projects/ant-colony-sim/build/CMakeFiles/CMakeTmp'
Building C object CMakeFiles/cmTC_c6639.dir/src.c.o
/usr/bin/cc -DHAVE_SA_SIGACTION  -D_GNU_SOURCE=1 -o CMakeFiles/cmTC_c6639.dir/src.c.o -c /home/lucas/code/my-projects/ant-colony-sim/build/CMakeFiles/CMakeTmp/src.c
Linking C executable cmTC_c6639
/usr/local/bin/cmake -E cmake_link_script CMakeFiles/cmTC_c6639.dir/link.txt --verbose=1
/usr/bin/cc   -D_GNU_SOURCE=1 CMakeFiles/cmTC_c6639.dir/src.c.o -o cmTC_c6639 
gmake[1]: Leaving directory '/home/lucas/code/my-projects/ant-colony-sim/build/CMakeFiles/CMakeTmp'


Source file was:

#include <signal.h>

int main()
{
  (void)sizeof(((struct sigaction *)0)->sa_sigaction);
  return 0;
}

Performing C SOURCE FILE Test HAVE_ST_MTIM succeeded with the following output:
Change Dir: /home/lucas/code/my-projects/ant-colony-sim/build/CMakeFiles/CMakeTmp

Run Build Command(s):/usr/bin/gmake -f Makefile cmTC_54c6d/fast && /usr/bin/gmake  -f CMakeFiles/cmTC_54c6d.dir/build.make CMakeFiles/cmTC_54c6d.dir/build
gmake[1]: Entering directory '/home/lucas/code/my-projects/ant-colony-sim/build/CMakeFiles/CMakeTmp'
Building C object CMakeFiles/cmTC_54c6d.dir/src.c.o
/usr/bin/cc -DHAVE_ST_MTIM  -D_GNU_SOURCE=1 -o CMakeFiles/cmTC_54c6d.dir/src.c.o -c /home/lucas/code/my-projects/ant-colony-sim/build/CMakeFiles/CMakeTmp/src.c
Linking C executable cmTC_54c6d
/usr/local/bin/cmake -E cmake_link_script CMakeFiles/cmTC_54c6d.dir/link.txt --verbose=1
/usr/bin/cc   -D_GNU_SOURCE=1 CMakeFiles/cmTC_54c6d.dir/src.c.o -o cmTC_54c6d 
gmake[1]: Leaving directory '/home/lucas/code/my-projects/ant-colony-sim/build/CMakeFiles/CMakeTmp'


Source file was:

#include <sys/stat.h>

int main()
{
  (void)sizeof(((struct stat *)0)->st_mtim);
  return 0;
}

Determining if the dlopen exist passed with the following output:
Change Dir: /home/lucas/code/my-projects/ant-colony-sim/build/CMakeFiles/CMakeTmp

Run Build Command(s):/usr/bin/gmake -f Makefile cmTC_51d81/fast && /usr/bin/gmake  -f CMakeFiles/cmTC_51d81.dir/build.make CMakeFiles/cmTC_51d81.dir/build
gmake[1]: Entering directory '/home/lucas/code/my-projects/ant-colony-sim/build/CMakeFiles/CMakeTmp'
Building C object CMakeFiles/cmTC_51d81.dir/CheckSymbolExists.c.o
/usr/bin/cc   -D_GNU_SOURCE=1 -o CMakeFiles/cmTC_51d81.dir/CheckSymbolExists.c.o -c /home/lucas/code/my-projects/ant-colony-sim/build/CMakeFiles/CMakeTmp/CheckSymbolExists.c
Linking C executable cmTC_51d81
/usr/local/bin/cmake -E cmake_link_script CMakeFiles/cmTC_51d81.dir/link.txt --verbose=1
/usr/bin/cc   -D_GNU_SOURCE=1 CMakeFiles/cmTC_51d81.dir/CheckSymbolExists.c.o -o cmTC_51d81 
gmake[1]: Leaving directory '/home/lucas/code/my-projects/ant-colony-sim/build/CMakeFiles/CMakeTmp'


File /home/lucas/code/my-projects/ant-colony-sim/build/CMakeFiles/CMakeTmp/CheckSymbolExists.c:
/* */
#include <dlfcn.h>

int main(int argc, char** argv)
{
  (void)argv;
#ifndef dlopen
  return ((int*)(&dlopen))[argc];
#else
  (void)argc;
  return 0;
#endif
}
Performing C SOURCE FILE Test HAVE_O_CLOEXEC succeeded with the following output:
Change Dir: /home/lucas/code/my-projects/ant-colony-sim/build/CMakeFiles/CMakeTmp

Run Build Command(s):/usr/bin/gmake -f Makefile cmTC_07953/fast && /usr/bin/gmake  -f CMakeFiles/cmTC_07953.dir/build.make CMakeFiles/cmTC_07953.dir/build
gmake[1]: Entering directory '/home/lucas/code/my-projects/ant-colony-sim/build/CMakeFiles/CMakeTmp'
Building C object CMakeFiles/cmTC_07953.dir/src.c.o
/usr/bin/cc -DHAVE_O_CLOEXEC  -D_GNU_SOURCE=1 -o CMakeFiles/cmTC_07953.dir/src.c.o -c /home/lucas/code/my-projects/ant-colony-sim/build/CMakeFiles/CMakeTmp/src.c
Linking C executable cmTC_07953
/usr/local/bin/cmake -E cmake_link_script CMakeFiles/cmTC_07953.dir/link.txt --verbose=1
/usr/bin/cc   -D_GNU_SOURCE=1 CMakeFiles/cmTC_07953.dir/src.c.o -o cmTC_07953 
gmake[1]: Leaving directory '/home/lucas/code/my-projects/ant-colony-sim/build/CMakeFiles/CMakeTmp'


Source file was:

    #include <fcntl.h>
    int flag = O_CLOEXEC;
    int main(int argc, char **argv) { return 0; }
Performing C SOURCE FILE Test COMPILER_SUPPORTS_ELFNOTES succeeded with the following output:
Change Dir: /home/lucas/code/my-projects/ant-colony-sim/build/CMakeFiles/CMakeTmp

Run Build Command(s):/usr/bin/gmake -f Makefile cmTC_a4c77/fast && /usr/bin/gmake  -f CMakeFiles/cmTC_a4c77.dir/build.make CMakeFiles/cmTC_a4c77.dir/build
gmake[1]: Entering directory '/home/lucas/code/my-projects/ant-colony-sim/build/CMakeFiles/CMakeTmp'
Building C object CMakeFiles/cmTC_a4c77.dir/src.c.o
/usr/bin/cc -DCOMPILER_SUPPORTS_ELFNOTES  -D_GNU_SOURCE=1 -o CMakeFiles/cmTC_a4c77.dir/src.c.o -c /home/lucas/code/my-projects/ant-colony-sim/build/CMakeFiles/CMakeTmp/src.c
Linking C executable cmTC_a4c77
/usr/local/bin/cmake -E cmake_link_script CMakeFiles/cmTC_a4c77.dir/link.txt --verbose=1
/usr/bin/cc   -D_GNU_SOURCE=1 CMakeFiles/cmTC_a4c77.dir/src.c.o -o cmTC_a4c77 
gmake[1]: Leaving directory '/home/lucas/code/my-projects/ant-colony-sim/build/CMakeFiles/CMakeTmp'


Source file was:
        #ifndef __ELF__
          ELF DL notes is only supported on ELF platforms
        #endif
        __attribute__ ((used,aligned(4),section(".note.dlopen"))) static const struct {
          struct { int a; int b; int c; } hdr; char name[4]; __attribute__((aligned(4))) char json[24];
        } dlnote = { { 4, 0x407c0c0aU, 16 }, "FDO", "[\"a\":{\"a\":\"1\",\"b\":\"2\"}]" };
        int main(int argc, char *argv[]) {
          return argc + dlnote.hdr.a;
        }
      
Determining if the function XOpenDisplay exists in the /usr/lib/x86_64-linux-gnu/libX11.so;/usr/lib/x86_64-linux-gnu/libXext.so passed with the following output:
Change Dir: /home/lucas/code/my-projects/ant-colony-sim/build/CMakeFiles/CMakeTmp

Run Build Command(s):/usr/bin/gmake -f Makefile cmTC_95849/fast && /usr/bin/gmake  -f CMakeFiles/cmTC_95849.dir/build.make CMakeFiles/cmTC_95849.dir/build
gmake[1]: Entering directory '/home/lucas/code/my-projects/ant-colony-sim/build/CMakeFiles/CMakeTmp'
Building C object CMakeFiles/cmTC_95849.dir/CheckFunctionExists.c.o
/usr/bin/cc   -DCHECK_FUNCTION_EXISTS=XOpenDisplay  -D_GNU_SOURCE=1 -o CMakeFiles/cmTC_95849.dir/CheckFunctionExists.c.o -c /usr/local/share/cmake-3.22/Modules/CheckFunctionExists.c
Linking C executable cmTC_95849
/usr/local/bin/cmake -E cmake_link_script CMakeFiles/cmTC_95849.dir/link.txt --verbose=1
/usr/bin/cc  -DCHECK_FUNCTION_EXISTS=XOpenDisplay  -D_GNU_SOURCE=1 CMakeFiles/cmTC_95849.dir/CheckFunctionExists.c.o -o cmTC_95849  /usr/lib/x86_64-linux-gnu/libX11.so /usr/lib/x86_64-linux-gnu/libXext.so 
gmake[1]: Leaving directory '/home/lucas/code/my-projects/ant-colony-sim/build/CMakeFiles/CMakeTmp'



Determining if the function gethostbyname exists passed with the following output:
Change Dir: /home/lucas/code/my-projects/ant-colony-sim/build/CMakeFiles/CMakeTmp

Run Build Command(s):/usr/bin/gmake -f Makefile cmTC_0e13c/fast && /usr/bin/gmake  -f CMakeFiles/cmTC_0e13c.dir/build.make CMakeFiles/cmTC_0e13c.dir/build
gmake[1]: Entering directory '/home/lucas/code/my-projects/ant-colony-sim/build/CMakeFiles/CMakeTmp'
Building C object CMakeFiles/cmTC_0e13c.dir/CheckFunctionExists.c.o
/usr/bin/cc   -DCHECK_FUNCTION_EXISTS=gethostbyname  -D_GNU_SOURCE=1 -o CMakeFiles/cmTC_0e13c.dir/CheckFunctionExists.c.o -c /usr/local/share/cmake-3.22/Modules/CheckFunctionExists.c
Linking C executable cmTC_0e13c
/usr/local/bin/cmake -E cmake_link_script CMakeFiles/cmTC_0e13c.dir/link.txt --verbose=1
/usr/bin/cc  -DCHECK_FUNCTION_EXISTS=gethostbyname  -D_GNU_SOURCE=1 CMakeFiles/cmTC_0e13c.dir/CheckFunctionExists.c.o -o cmTC_0e13c 
gmake[1]: Leaving directory '/home/lucas/code/my-projects/ant-colony-sim/build/CMakeFiles/CMakeTmp'



Determining if the function connect exists passed with the following output:
Change Dir: /home/lucas/code/my-projects/ant-colony-sim/build/CMakeFiles/CMakeTmp

Run Build Command(s):/usr/bin/gmake -f Makefile cmTC_4fe4b/fast && /usr/bin/gmake  -f CMakeFiles/cmTC_4fe4b.dir/build.make CMakeFiles/cmTC_4fe4b.dir/build
gmake[1]: Entering directory '/home/lucas/code/my-projects/ant-colony-sim/build/CMakeFiles/CMakeTmp'
Building C object CMakeFiles/cmTC_4fe4b.dir/CheckFunctionExists.c.o
/usr/bin/cc   -DCHECK_FUNCTION_EXISTS=connect  -D_GNU_SOURCE=1 -o CMakeFiles/cmTC_4fe4b.dir/CheckFunctionExists.c.o -c /usr/local/share/cmake-3.22/Modules/CheckFunctionExists.c
Linking C executable cmTC_4fe4b
/usr/local/bin/cmake -E cmake_link_script CMakeFiles/cmTC_4fe4b.dir/link.txt --verbose=1
/usr/bin/cc  -DCHECK_FUNCTION_EXISTS=connect  -D_GNU_SOURCE=1 CMakeFiles/cmTC_4fe4b.dir/CheckFunctionExists.c.o -o cmTC_4fe4b 
gmake[1]: Leaving directory '/home/lucas/code/my-projects/ant-colony-sim/build/CMakeFiles/CMakeTmp'



Determining if the function remove exists passed with the following output:
Change Dir: /home/lucas/code/my-projects/ant-colony-sim/build/CMakeFiles/CMakeTmp

Run Build Command(s):/usr/bin/gmake -f Makefile cmTC_ce88a/fast && /usr/bin/gmake  -f CMakeFiles/cmTC_ce88a.dir/build.make CMakeFiles/cmTC_ce88a.dir/build
gmake[1]: Entering directory '/home/lucas/code/my-projects/ant-colony-sim/build/CMakeFiles/CMakeTmp'
Building C object CMakeFiles/cmTC_ce88a.dir/CheckFunctionExists.c.o
/usr/bin/cc   -DCHECK_FUNCTION_EXISTS=remove  -D_GNU_SOURCE=1 -o CMakeFiles/cmTC_ce88a.dir/CheckFunctionExists.c.o -c /usr/local/share/cmake-3.22/Modules/CheckFunctionExists.c
Linking C executable cmTC_ce88a
/usr/local/bin/cmake -E cmake_link_script CMakeFiles/cmTC_ce88a.dir/link.txt --verbose=1
/usr/bin/cc  -DCHECK_FUNCTION_EXISTS=remove  -D_GNU_SOURCE=1 CMakeFiles/cmTC_ce88a.dir/CheckFunctionExists.c.o -o cmTC_ce88a 
gmake[1]: Leaving directory '/home/lucas/code/my-projects/ant-colony-sim/build/CMakeFiles/CMakeTmp'



Determining if the function shmat exists passed with the following output:
Change Dir: /home/lucas/code/my-projects/ant-colony-sim/build/CMakeFiles/CMakeTmp

Run Build Command(s):/usr/bin/gmake -f Makefile cmTC_23f53/fast && /usr/bin/gmake  -f CMakeFiles/cmTC_23f53.dir/build.make CMakeFiles/cmTC_23f53.dir/build
gmake[1]: Entering directory '/home/lucas/code/my-projects/ant-colony-sim/build/CMakeFiles/CMakeTmp'
Building C object CMakeFiles/cmTC_23f53.dir/CheckFunctionExists.c.o
/usr/bin/cc   -DCHECK_FUNCTION_EXISTS=shmat  -D_GNU_SOURCE=1 -o CMakeFiles/cmTC_23f53.dir/CheckFunctionExists.c.o -c /usr/local/share/cmake-3.22/Modules/CheckFunctionExists.c
Linking C executable cmTC_23f53
/usr/local/bin/cmake -E cmake_link_script CMakeFiles/cmTC_23f53.dir/link.txt --verbose=1
/usr/bin/cc  -DCHECK_FUNCTION_EXISTS=shmat  -D_GNU_SOURCE=1 CMakeFiles/cmTC_23f53.dir/CheckFunctionExists.c.o -o cmTC_23f53 
gmake[1]: Leaving directory '/home/lucas/code/my-projects/ant-colony-sim/build/CMakeFiles/CMakeTmp'



Determining if the function IceConnectionNumber exists in the ICE passed with the following output:
Change Dir: /home/lucas/code/my-projects/ant-colony-sim/build/CMakeFiles/CMakeTmp

Run Build Command(s):/usr/bin/gmake -f Makefile cmTC_f6da0/fast && /usr/bin/gmake  -f CMakeFiles/cmTC_f6da0.dir/build.make CMakeFiles/cmTC_f6da0.dir/build
gmake[1]: Entering directory '/home/lucas/code/my-projects/ant-colony-sim/build/CMakeFiles/CMakeTmp'
Building C object CMakeFiles/cmTC_f6da0.dir/CheckFunctionExists.c.o
/usr/bin/cc   -DCHECK_FUNCTION_EXISTS=IceConnectionNumber  -D_GNU_SOURCE=1 -o CMakeFiles/cmTC_f6da0.dir/CheckFunctionExists.c.o -c /usr/local/share/cmake-3.22/Modules/CheckFunctionExists.c
Linking C executable cmTC_f6da0
/usr/local/bin/cmake -E cmake_link_script CMakeFiles/cmTC_f6da0.dir/link.txt --verbose=1
/usr/bin/cc  -DCHECK_FUNCTION_EXISTS=IceConnectionNumber  -D_GNU_SOURCE=1 CMakeFiles/cmTC_f6da0.dir/CheckFunctionExists.c.o -o cmTC_f6da0  -lICE 
gmake[1]: Leaving directory '/home/lucas/code/my-projects/ant-colony-sim/build/CMakeFiles/CMakeTmp'



Determining if the shmat exist passed with the following output:
Change Dir: /home/lucas/code/my-projects/ant-colony-sim/build/CMakeFiles/CMakeTmp

Run Build Command(s):/usr/bin/gmake -f Makefile cmTC_87554/fast && /usr/bin/gmake  -f CMakeFiles/cmTC_87554.dir/build.make CMakeFiles/cmTC_87554.dir/build
gmake[1]: Entering directory '/home/lucas/code/my-projects/ant-colony-sim/build/CMakeFiles/CMakeTmp'
Building C object CMakeFiles/cmTC_87554.dir/CheckSymbolExists.c.o
/usr/bin/cc   -D_GNU_SOURCE=1 -o CMakeFiles/cmTC_87554.dir/CheckSymbolExists.c.o -c /home/lucas/code/my-projects/ant-colony-sim/build/CMakeFiles/CMakeTmp/CheckSymbolExists.c
Linking C executable cmTC_87554
/usr/local/bin/cmake -E cmake_link_script CMakeFiles/cmTC_87554.dir/link.txt --verbose=1
/usr/bin/cc   -D_GNU_SOURCE=1 CMakeFiles/cmTC_87554.dir/CheckSymbolExists.c.o -o cmTC_87554 
gmake[1]: Leaving directory '/home/lucas/code/my-projects/ant-colony-sim/build/CMakeFiles/CMakeTmp'


File /home/lucas/code/my-projects/ant-colony-sim/build/CMakeFiles/CMakeTmp/CheckSymbolExists.c:
/* */
#include <sys/shm.h>

int main(int argc, char** argv)
{
  (void)argv;
#ifndef shmat
  return ((int*)(&shmat))[argc];
#else
  (void)argc;
  return 0;
#endif
}
Performing C SOURCE FILE Test HAVE_XGENERICEVENT succeeded with the following output:
Change Dir: /home/lucas/code/my-projects/ant-colony-sim/build/CMakeFiles/CMakeTmp

Run Build Command(s):/usr/bin/gmake -f Makefile cmTC_4c0ef/fast && /usr/bin/gmake  -f CMakeFiles/cmTC_4c0ef.dir/build.make CMakeFiles/cmTC_4c0ef.dir/build
gmake[1]: Entering directory '/home/lucas/code/my-projects/ant-colony-sim/build/CMakeFiles/CMakeTmp'
Building C object CMakeFiles/cmTC_4c0ef.dir/src.c.o
/usr/bin/cc -DHAVE_XGENERICEVENT  -D_GNU_SOURCE=1 -o CMakeFiles/cmTC_4c0ef.dir/src.c.o -c /home/lucas/code/my-projects/ant-colony-sim/build/CMakeFiles/CMakeTmp/src.c
Linking C static library libcmTC_4c0ef.a
/usr/local/bin/cmake -P CMakeFiles/cmTC_4c0ef.dir/cmake_clean_target.cmake
/usr/local/bin/cmake -E cmake_link_script CMakeFiles/cmTC_4c0ef.dir/link.txt --verbose=1
/usr/bin/ar qc libcmTC_4c0ef.a CMakeFiles/cmTC_4c0ef.dir/src.c.o
/usr/bin/ranlib libcmTC_4c0ef.a
gmake[1]: Leaving directory '/home/lucas/code/my-projects/ant-colony-sim/build/CMakeFiles/CMakeTmp'


Source file was:

          #include <X11/Xlib.h>
          int main(int argc, char **argv) {
            Display *display;
            XEvent event;
            XGenericEventCookie *cookie = &event.xcookie;
            XNextEvent(display, &event);
            XGetEventData(display, cookie);
            XFreeEventData(display, cookie);
            return 0; }
Determining if the include file X11/XKBlib.h exists passed with the following output:
Change Dir: /home/lucas/code/my-projects/ant-colony-sim/build/CMakeFiles/CMakeTmp

Run Build Command(s):/usr/bin/gmake -f Makefile cmTC_63851/fast && /usr/bin/gmake  -f CMakeFiles/cmTC_63851.dir/build.make CMakeFiles/cmTC_63851.dir/build
gmake[1]: Entering directory '/home/lucas/code/my-projects/ant-colony-sim/build/CMakeFiles/CMakeTmp'
Building C object CMakeFiles/cmTC_63851.dir/CheckIncludeFile.c.o
/usr/bin/cc   -D_GNU_SOURCE=1 -o CMakeFiles/cmTC_63851.dir/CheckIncludeFile.c.o -c /home/lucas/code/my-projects/ant-colony-sim/build/CMakeFiles/CMakeTmp/CheckIncludeFile.c
Linking C executable cmTC_63851
/usr/local/bin/cmake -E cmake_link_script CMakeFiles/cmTC_63851.dir/link.txt --verbose=1
/usr/bin/cc   -D_GNU_SOURCE=1 CMakeFiles/cmTC_63851.dir/CheckIncludeFile.c.o -o cmTC_63851  /usr/lib/x86_64-linux-gnu/libX11.so 
gmake[1]: Leaving directory '/home/lucas/code/my-projects/ant-colony-sim/build/CMakeFiles/CMakeTmp'



Performing C SOURCE FILE Test HAVE_XINPUT2_SCROLLINFO succeeded with the following output:
Change Dir: /home/lucas/code/my-projects/ant-colony-sim/build/CMakeFiles/CMakeTmp

Run Build Command(s):/usr/bin/gmake -f Makefile cmTC_94118/fast && /usr/bin/gmake  -f CMakeFiles/cmTC_94118.dir/build.make CMakeFiles/cmTC_94118.dir/build
gmake[1]: Entering directory '/home/lucas/code/my-projects/ant-colony-sim/build/CMakeFiles/CMakeTmp'
Building C object CMakeFiles/cmTC_94118.dir/src.c.o
/usr/bin/cc -DHAVE_XINPUT2_SCROLLINFO  -D_GNU_SOURCE=1 -o CMakeFiles/cmTC_94118.dir/src.c.o -c /home/lucas/code/my-projects/ant-colony-sim/build/CMakeFiles/CMakeTmp/src.c
Linking C executable cmTC_94118
/usr/local/bin/cmake -E cmake_link_script CMakeFiles/cmTC_94118.dir/link.txt --verbose=1
/usr/bin/cc   -D_GNU_SOURCE=1 CMakeFiles/cmTC_94118.dir/src.c.o -o cmTC_94118  /usr/lib/x86_64-linux-gnu/libX11.so 
gmake[1]: Leaving directory '/home/lucas/code/my-projects/ant-colony-sim/build/CMakeFiles/CMakeTmp'


Source file was:

              #include <X11/Xlib.h>
              #include <X11/Xproto.h>
              #include <X11/extensions/XInput2.h>
              XIScrollClassInfo *s;
              int main(int argc, char **argv) {}
Performing C SOURCE FILE Test HAVE_XINPUT2_MULTITOUCH succeeded with the following output:
Change Dir: /home/lucas/code/my-projects/ant-colony-sim/build/CMakeFiles/CMakeTmp

Run Build Command(s):/usr/bin/gmake -f Makefile cmTC_7ee81/fast && /usr/bin/gmake  -f CMakeFiles/cmTC_7ee81.dir/build.make CMakeFiles/cmTC_7ee81.dir/build
gmake[1]: Entering directory '/home/lucas/code/my-projects/ant-colony-sim/build/CMakeFiles/CMakeTmp'
Building C object CMakeFiles/cmTC_7ee81.dir/src.c.o
/usr/bin/cc -DHAVE_XINPUT2_MULTITOUCH  -D_GNU_SOURCE=1 -o CMakeFiles/cmTC_7ee81.dir/src.c.o -c /home/lucas/code/my-projects/ant-colony-sim/build/CMakeFiles/CMakeTmp/src.c
Linking C static library libcmTC_7ee81.a
/usr/local/bin/cmake -P CMakeFiles/cmTC_7ee81.dir/cmake_clean_target.cmake
/usr/local/bin/cmake -E cmake_link_script CMakeFiles/cmTC_7ee81.dir/link.txt --verbose=1
/usr/bin/ar qc libcmTC_7ee81.a CMakeFiles/cmTC_7ee81.dir/src.c.o
/usr/bin/ranlib libcmTC_7ee81.a
gmake[1]: Leaving directory '/home/lucas/code/my-projects/ant-colony-sim/build/CMakeFiles/CMakeTmp'


Source file was:

              #include <X11/Xlib.h>
              #include <X11/Xproto.h>
              #include <X11/extensions/XInput2.h>
              int event_type = XI_TouchBegin;
              XITouchClassInfo *t;
              Status XIAllowTouchEvents(Display *a,int b,unsigned int c,Window d,int f) {
                return (Status)0;
              }
              int main(int argc, char **argv) { return 0; }
Performing C SOURCE FILE Test HAVE_XINPUT2_GESTURE succeeded with the following output:
Change Dir: /home/lucas/code/my-projects/ant-colony-sim/build/CMakeFiles/CMakeTmp

Run Build Command(s):/usr/bin/gmake -f Makefile cmTC_89b83/fast && /usr/bin/gmake  -f CMakeFiles/cmTC_89b83.dir/build.make CMakeFiles/cmTC_89b83.dir/build
gmake[1]: Entering directory '/home/lucas/code/my-projects/ant-colony-sim/build/CMakeFiles/CMakeTmp'
Building C object CMakeFiles/cmTC_89b83.dir/src.c.o
/usr/bin/cc -DHAVE_XINPUT2_GESTURE  -D_GNU_SOURCE=1 -o CMakeFiles/cmTC_89b83.dir/src.c.o -c /home/lucas/code/my-projects/ant-colony-sim/build/CMakeFiles/CMakeTmp/src.c
Linking C executable cmTC_89b83
/usr/local/bin/cmake -E cmake_link_script CMakeFiles/cmTC_89b83.dir/link.txt --verbose=1
/usr/bin/cc   -D_GNU_SOURCE=1 CMakeFiles/cmTC_89b83.dir/src.c.o -o cmTC_89b83  /usr/lib/x86_64-linux-gnu/libX11.so 
gmake[1]: Leaving directory '/home/lucas/code/my-projects/ant-colony-sim/build/CMakeFiles/CMakeTmp'


Source file was:

              #include <X11/Xlib.h>
              #include <X11/Xproto.h>
              #include <X11/extensions/XInput2.h>
              int event_type = XI_GesturePinchBegin;
              XIGesturePinchEvent *t;
              Status XIAllowTouchEvents(Display *a,int b,unsigned int c,Window d,int f) {
                return (Status)0;
              }
              int main(int argc, char **argv) { return 0; }
Performing C SOURCE FILE Test HAVE_XFIXES_H succeeded with the following output:
Change Dir: /home/lucas/code/my-projects/ant-colony-sim/build/CMakeFiles/CMakeTmp

Run Build Command(s):/usr/bin/gmake -f Makefile cmTC_75157/fast && /usr/bin/gmake  -f CMakeFiles/cmTC_75157.dir/build.make CMakeFiles/cmTC_75157.dir/build
gmake[1]: Entering directory '/home/lucas/code/my-projects/ant-colony-sim/build/CMakeFiles/CMakeTmp'
Building C object CMakeFiles/cmTC_75157.dir/src.c.o
/usr/bin/cc -DHAVE_XFIXES_H  -D_GNU_SOURCE=1 -o CMakeFiles/cmTC_75157.dir/src.c.o -c /home/lucas/code/my-projects/ant-colony-sim/build/CMakeFiles/CMakeTmp/src.c
Linking C static library libcmTC_75157.a
/usr/local/bin/cmake -P CMakeFiles/cmTC_75157.dir/cmake_clean_target.cmake
/usr/local/bin/cmake -E cmake_link_script CMakeFiles/cmTC_75157.dir/link.txt --verbose=1
/usr/bin/ar qc libcmTC_75157.a CMakeFiles/cmTC_75157.dir/src.c.o
/usr/bin/ranlib libcmTC_75157.a
gmake[1]: Leaving directory '/home/lucas/code/my-projects/ant-colony-sim/build/CMakeFiles/CMakeTmp'


Source file was:

            #include <X11/Xlib.h>
            #include <X11/Xproto.h>
            #include <X11/extensions/XInput2.h>
            #include <X11/extensions/Xfixes.h>
            BarrierEventID b;
            int main(int argc, char **argv) { return 0; }
Performing C SOURCE FILE Test HAVE_OPENGL_EGL succeeded with the following output:
Change Dir: /home/lucas/code/my-projects/ant-colony-sim/build/CMakeFiles/CMakeTmp

Run Build Command(s):/usr/bin/gmake -f Makefile cmTC_2d85e/fast && /usr/bin/gmake  -f CMakeFiles/cmTC_2d85e.dir/build.make CMakeFiles/cmTC_2d85e.dir/build
gmake[1]: Entering directory '/home/lucas/code/my-projects/ant-colony-sim/build/CMakeFiles/CMakeTmp'
Building C object CMakeFiles/cmTC_2d85e.dir/src.c.o
/usr/bin/cc -DHAVE_OPENGL_EGL -I/home/lucas/code/my-projects/ant-colony-sim/SDL/vendored/SDL/src/video/khronos -D_GNU_SOURCE=1 -o CMakeFiles/cmTC_2d85e.dir/src.c.o -c /home/lucas/code/my-projects/ant-colony-sim/build/CMakeFiles/CMakeTmp/src.c
Linking C executable cmTC_2d85e
/usr/local/bin/cmake -E cmake_link_script CMakeFiles/cmTC_2d85e.dir/link.txt --verbose=1
/usr/bin/cc   -D_GNU_SOURCE=1 CMakeFiles/cmTC_2d85e.dir/src.c.o -o cmTC_2d85e 
gmake[1]: Leaving directory '/home/lucas/code/my-projects/ant-colony-sim/build/CMakeFiles/CMakeTmp'


Source file was:

        #define EGL_API_FB
        #define MESA_EGL_NO_X11_HEADERS
        #define EGL_NO_X11
        #include <EGL/egl.h>
        #include <EGL/eglext.h>
        int main (int argc, char** argv) { return 0; }
Performing C SOURCE FILE Test HAVE_OPENGL_GLX succeeded with the following output:
Change Dir: /home/lucas/code/my-projects/ant-colony-sim/build/CMakeFiles/CMakeTmp

Run Build Command(s):/usr/bin/gmake -f Makefile cmTC_bccbc/fast && /usr/bin/gmake  -f CMakeFiles/cmTC_bccbc.dir/build.make CMakeFiles/cmTC_bccbc.dir/build
gmake[1]: Entering directory '/home/lucas/code/my-projects/ant-colony-sim/build/CMakeFiles/CMakeTmp'
Building C object CMakeFiles/cmTC_bccbc.dir/src.c.o
/usr/bin/cc -DHAVE_OPENGL_GLX  -D_GNU_SOURCE=1 -o CMakeFiles/cmTC_bccbc.dir/src.c.o -c /home/lucas/code/my-projects/ant-colony-sim/build/CMakeFiles/CMakeTmp/src.c
Linking C executable cmTC_bccbc
/usr/local/bin/cmake -E cmake_link_script CMakeFiles/cmTC_bccbc.dir/link.txt --verbose=1
/usr/bin/cc   -D_GNU_SOURCE=1 CMakeFiles/cmTC_bccbc.dir/src.c.o -o cmTC_bccbc 
gmake[1]: Leaving directory '/home/lucas/code/my-projects/ant-colony-sim/build/CMakeFiles/CMakeTmp'


Source file was:

        #include <GL/glx.h>
        int main(int argc, char** argv) { return 0; }
Performing C SOURCE FILE Test HAVE_OPENGL succeeded with the following output:
Change Dir: /home/lucas/code/my-projects/ant-colony-sim/build/CMakeFiles/CMakeTmp

Run Build Command(s):/usr/bin/gmake -f Makefile cmTC_41af9/fast && /usr/bin/gmake  -f CMakeFiles/cmTC_41af9.dir/build.make CMakeFiles/cmTC_41af9.dir/build
gmake[1]: Entering directory '/home/lucas/code/my-projects/ant-colony-sim/build/CMakeFiles/CMakeTmp'
Building C object CMakeFiles/cmTC_41af9.dir/src.c.o
/usr/bin/cc -DHAVE_OPENGL  -D_GNU_SOURCE=1 -o CMakeFiles/cmTC_41af9.dir/src.c.o -c /home/lucas/code/my-projects/ant-colony-sim/build/CMakeFiles/CMakeTmp/src.c
Linking C executable cmTC_41af9
/usr/local/bin/cmake -E cmake_link_script CMakeFiles/cmTC_41af9.dir/link.txt --verbose=1
/usr/bin/cc   -D_GNU_SOURCE=1 CMakeFiles/cmTC_41af9.dir/src.c.o -o cmTC_41af9 
gmake[1]: Leaving directory '/home/lucas/code/my-projects/ant-colony-sim/build/CMakeFiles/CMakeTmp'


Source file was:

        #include <GL/gl.h>
        #include <GL/glext.h>
        int main(int argc, char** argv) { return 0; }
Performing C SOURCE FILE Test HAVE_OPENGLES_V1 succeeded with the following output:
Change Dir: /home/lucas/code/my-projects/ant-colony-sim/build/CMakeFiles/CMakeTmp

Run Build Command(s):/usr/bin/gmake -f Makefile cmTC_adaca/fast && /usr/bin/gmake  -f CMakeFiles/cmTC_adaca.dir/build.make CMakeFiles/cmTC_adaca.dir/build
gmake[1]: Entering directory '/home/lucas/code/my-projects/ant-colony-sim/build/CMakeFiles/CMakeTmp'
Building C object CMakeFiles/cmTC_adaca.dir/src.c.o
/usr/bin/cc -DHAVE_OPENGLES_V1 -I/home/lucas/code/my-projects/ant-colony-sim/SDL/vendored/SDL/src/video/khronos -D_GNU_SOURCE=1 -o CMakeFiles/cmTC_adaca.dir/src.c.o -c /home/lucas/code/my-projects/ant-colony-sim/build/CMakeFiles/CMakeTmp/src.c
Linking C executable cmTC_adaca
/usr/local/bin/cmake -E cmake_link_script CMakeFiles/cmTC_adaca.dir/link.txt --verbose=1
/usr/bin/cc   -D_GNU_SOURCE=1 CMakeFiles/cmTC_adaca.dir/src.c.o -o cmTC_adaca 
gmake[1]: Leaving directory '/home/lucas/code/my-projects/ant-colony-sim/build/CMakeFiles/CMakeTmp'


Source file was:

        #include <GLES/gl.h>
        #include <GLES/glext.h>
        int main (int argc, char** argv) { return 0; }
Performing C SOURCE FILE Test HAVE_OPENGLES_V2 succeeded with the following output:
Change Dir: /home/lucas/code/my-projects/ant-colony-sim/build/CMakeFiles/CMakeTmp

Run Build Command(s):/usr/bin/gmake -f Makefile cmTC_3b543/fast && /usr/bin/gmake  -f CMakeFiles/cmTC_3b543.dir/build.make CMakeFiles/cmTC_3b543.dir/build
gmake[1]: Entering directory '/home/lucas/code/my-projects/ant-colony-sim/build/CMakeFiles/CMakeTmp'
Building C object CMakeFiles/cmTC_3b543.dir/src.c.o
/usr/bin/cc -DHAVE_OPENGLES_V2 -I/home/lucas/code/my-projects/ant-colony-sim/SDL/vendored/SDL/src/video/khronos -D_GNU_SOURCE=1 -o CMakeFiles/cmTC_3b543.dir/src.c.o -c /home/lucas/code/my-projects/ant-colony-sim/build/CMakeFiles/CMakeTmp/src.c
Linking C executable cmTC_3b543
/usr/local/bin/cmake -E cmake_link_script CMakeFiles/cmTC_3b543.dir/link.txt --verbose=1
/usr/bin/cc   -D_GNU_SOURCE=1 CMakeFiles/cmTC_3b543.dir/src.c.o -o cmTC_3b543 
gmake[1]: Leaving directory '/home/lucas/code/my-projects/ant-colony-sim/build/CMakeFiles/CMakeTmp'


Source file was:

      #include <GLES2/gl2.h>
      #include <GLES2/gl2ext.h>
      int main (int argc, char** argv) { return 0; }
Performing C SOURCE FILE Test HAVE_LINUX_INPUT_H succeeded with the following output:
Change Dir: /home/lucas/code/my-projects/ant-colony-sim/build/CMakeFiles/CMakeTmp

Run Build Command(s):/usr/bin/gmake -f Makefile cmTC_4e180/fast && /usr/bin/gmake  -f CMakeFiles/cmTC_4e180.dir/build.make CMakeFiles/cmTC_4e180.dir/build
gmake[1]: Entering directory '/home/lucas/code/my-projects/ant-colony-sim/build/CMakeFiles/CMakeTmp'
Building C object CMakeFiles/cmTC_4e180.dir/src.c.o
/usr/bin/cc -DHAVE_LINUX_INPUT_H  -D_GNU_SOURCE=1 -o CMakeFiles/cmTC_4e180.dir/src.c.o -c /home/lucas/code/my-projects/ant-colony-sim/build/CMakeFiles/CMakeTmp/src.c
Linking C executable cmTC_4e180
/usr/local/bin/cmake -E cmake_link_script CMakeFiles/cmTC_4e180.dir/link.txt --verbose=1
/usr/bin/cc   -D_GNU_SOURCE=1 CMakeFiles/cmTC_4e180.dir/src.c.o -o cmTC_4e180 
gmake[1]: Leaving directory '/home/lucas/code/my-projects/ant-colony-sim/build/CMakeFiles/CMakeTmp'


Source file was:

        #include <linux/input.h>
        #ifndef EVIOCGNAME
        #error EVIOCGNAME() ioctl not available
        #endif
        int main(int argc, char** argv) { return 0; }
Performing C SOURCE FILE Test HAVE_INPUT_KD succeeded with the following output:
Change Dir: /home/lucas/code/my-projects/ant-colony-sim/build/CMakeFiles/CMakeTmp

Run Build Command(s):/usr/bin/gmake -f Makefile cmTC_d2331/fast && /usr/bin/gmake  -f CMakeFiles/cmTC_d2331.dir/build.make CMakeFiles/cmTC_d2331.dir/build
gmake[1]: Entering directory '/home/lucas/code/my-projects/ant-colony-sim/build/CMakeFiles/CMakeTmp'
Building C object CMakeFiles/cmTC_d2331.dir/src.c.o
/usr/bin/cc -DHAVE_INPUT_KD  -D_GNU_SOURCE=1 -o CMakeFiles/cmTC_d2331.dir/src.c.o -c /home/lucas/code/my-projects/ant-colony-sim/build/CMakeFiles/CMakeTmp/src.c
Linking C executable cmTC_d2331
/usr/local/bin/cmake -E cmake_link_script CMakeFiles/cmTC_d2331.dir/link.txt --verbose=1
/usr/bin/cc   -D_GNU_SOURCE=1 CMakeFiles/cmTC_d2331.dir/src.c.o -o cmTC_d2331 
gmake[1]: Leaving directory '/home/lucas/code/my-projects/ant-colony-sim/build/CMakeFiles/CMakeTmp'


Source file was:

          #include <linux/kd.h>
          #include <linux/keyboard.h>
          #include <sys/ioctl.h>
          int main(int argc, char **argv) {
              struct kbentry kbe;
              kbe.kb_table = KG_CTRL;
              ioctl(0, KDGKBENT, &kbe);
              return 0;
          }
Performing C SOURCE FILE Test HAVE_LINUX_VIDEODEV2_H succeeded with the following output:
Change Dir: /home/lucas/code/my-projects/ant-colony-sim/build/CMakeFiles/CMakeTmp

Run Build Command(s):/usr/bin/gmake -f Makefile cmTC_ea9a5/fast && /usr/bin/gmake  -f CMakeFiles/cmTC_ea9a5.dir/build.make CMakeFiles/cmTC_ea9a5.dir/build
gmake[1]: Entering directory '/home/lucas/code/my-projects/ant-colony-sim/build/CMakeFiles/CMakeTmp'
Building C object CMakeFiles/cmTC_ea9a5.dir/src.c.o
/usr/bin/cc -DHAVE_LINUX_VIDEODEV2_H  -D_GNU_SOURCE=1 -o CMakeFiles/cmTC_ea9a5.dir/src.c.o -c /home/lucas/code/my-projects/ant-colony-sim/build/CMakeFiles/CMakeTmp/src.c
Linking C executable cmTC_ea9a5
/usr/local/bin/cmake -E cmake_link_script CMakeFiles/cmTC_ea9a5.dir/link.txt --verbose=1
/usr/bin/cc   -D_GNU_SOURCE=1 CMakeFiles/cmTC_ea9a5.dir/src.c.o -o cmTC_ea9a5 
gmake[1]: Leaving directory '/home/lucas/code/my-projects/ant-colony-sim/build/CMakeFiles/CMakeTmp'


Source file was:

          #include <linux/videodev2.h>
          int main(int argc, char** argv) { return 0; }
Determining if the include file libudev.h exists passed with the following output:
Change Dir: /home/lucas/code/my-projects/ant-colony-sim/build/CMakeFiles/CMakeTmp

Run Build Command(s):/usr/bin/gmake -f Makefile cmTC_2ac9c/fast && /usr/bin/gmake  -f CMakeFiles/cmTC_2ac9c.dir/build.make CMakeFiles/cmTC_2ac9c.dir/build
gmake[1]: Entering directory '/home/lucas/code/my-projects/ant-colony-sim/build/CMakeFiles/CMakeTmp'
Building C object CMakeFiles/cmTC_2ac9c.dir/CheckIncludeFile.c.o
/usr/bin/cc   -D_GNU_SOURCE=1 -o CMakeFiles/cmTC_2ac9c.dir/CheckIncludeFile.c.o -c /home/lucas/code/my-projects/ant-colony-sim/build/CMakeFiles/CMakeTmp/CheckIncludeFile.c
Linking C executable cmTC_2ac9c
/usr/local/bin/cmake -E cmake_link_script CMakeFiles/cmTC_2ac9c.dir/link.txt --verbose=1
/usr/bin/cc   -D_GNU_SOURCE=1 CMakeFiles/cmTC_2ac9c.dir/CheckIncludeFile.c.o -o cmTC_2ac9c 
gmake[1]: Leaving directory '/home/lucas/code/my-projects/ant-colony-sim/build/CMakeFiles/CMakeTmp'



Determining if the include file sys/inotify.h exists passed with the following output:
Change Dir: /home/lucas/code/my-projects/ant-colony-sim/build/CMakeFiles/CMakeTmp

Run Build Command(s):/usr/bin/gmake -f Makefile cmTC_d8360/fast && /usr/bin/gmake  -f CMakeFiles/cmTC_d8360.dir/build.make CMakeFiles/cmTC_d8360.dir/build
gmake[1]: Entering directory '/home/lucas/code/my-projects/ant-colony-sim/build/CMakeFiles/CMakeTmp'
Building C object CMakeFiles/cmTC_d8360.dir/CheckIncludeFile.c.o
/usr/bin/cc   -D_GNU_SOURCE=1 -o CMakeFiles/cmTC_d8360.dir/CheckIncludeFile.c.o -c /home/lucas/code/my-projects/ant-colony-sim/build/CMakeFiles/CMakeTmp/CheckIncludeFile.c
Linking C executable cmTC_d8360
/usr/local/bin/cmake -E cmake_link_script CMakeFiles/cmTC_d8360.dir/link.txt --verbose=1
/usr/bin/cc   -D_GNU_SOURCE=1 CMakeFiles/cmTC_d8360.dir/CheckIncludeFile.c.o -o cmTC_d8360 
gmake[1]: Leaving directory '/home/lucas/code/my-projects/ant-colony-sim/build/CMakeFiles/CMakeTmp'



Determining if the inotify_init exist passed with the following output:
Change Dir: /home/lucas/code/my-projects/ant-colony-sim/build/CMakeFiles/CMakeTmp

Run Build Command(s):/usr/bin/gmake -f Makefile cmTC_13527/fast && /usr/bin/gmake  -f CMakeFiles/cmTC_13527.dir/build.make CMakeFiles/cmTC_13527.dir/build
gmake[1]: Entering directory '/home/lucas/code/my-projects/ant-colony-sim/build/CMakeFiles/CMakeTmp'
Building C object CMakeFiles/cmTC_13527.dir/CheckSymbolExists.c.o
/usr/bin/cc   -D_GNU_SOURCE=1 -o CMakeFiles/cmTC_13527.dir/CheckSymbolExists.c.o -c /home/lucas/code/my-projects/ant-colony-sim/build/CMakeFiles/CMakeTmp/CheckSymbolExists.c
Linking C executable cmTC_13527
/usr/local/bin/cmake -E cmake_link_script CMakeFiles/cmTC_13527.dir/link.txt --verbose=1
/usr/bin/cc   -D_GNU_SOURCE=1 CMakeFiles/cmTC_13527.dir/CheckSymbolExists.c.o -o cmTC_13527 
gmake[1]: Leaving directory '/home/lucas/code/my-projects/ant-colony-sim/build/CMakeFiles/CMakeTmp'


File /home/lucas/code/my-projects/ant-colony-sim/build/CMakeFiles/CMakeTmp/CheckSymbolExists.c:
/* */
#include <sys/inotify.h>

int main(int argc, char** argv)
{
  (void)argv;
#ifndef inotify_init
  return ((int*)(&inotify_init))[argc];
#else
  (void)argc;
  return 0;
#endif
}
Determining if the inotify_init1 exist passed with the following output:
Change Dir: /home/lucas/code/my-projects/ant-colony-sim/build/CMakeFiles/CMakeTmp

Run Build Command(s):/usr/bin/gmake -f Makefile cmTC_5746f/fast && /usr/bin/gmake  -f CMakeFiles/cmTC_5746f.dir/build.make CMakeFiles/cmTC_5746f.dir/build
gmake[1]: Entering directory '/home/lucas/code/my-projects/ant-colony-sim/build/CMakeFiles/CMakeTmp'
Building C object CMakeFiles/cmTC_5746f.dir/CheckSymbolExists.c.o
/usr/bin/cc   -D_GNU_SOURCE=1 -o CMakeFiles/cmTC_5746f.dir/CheckSymbolExists.c.o -c /home/lucas/code/my-projects/ant-colony-sim/build/CMakeFiles/CMakeTmp/CheckSymbolExists.c
Linking C executable cmTC_5746f
/usr/local/bin/cmake -E cmake_link_script CMakeFiles/cmTC_5746f.dir/link.txt --verbose=1
/usr/bin/cc   -D_GNU_SOURCE=1 CMakeFiles/cmTC_5746f.dir/CheckSymbolExists.c.o -o cmTC_5746f 
gmake[1]: Leaving directory '/home/lucas/code/my-projects/ant-colony-sim/build/CMakeFiles/CMakeTmp'


File /home/lucas/code/my-projects/ant-colony-sim/build/CMakeFiles/CMakeTmp/CheckSymbolExists.c:
/* */
#include <sys/inotify.h>

int main(int argc, char** argv)
{
  (void)argv;
#ifndef inotify_init1
  return ((int*)(&inotify_init1))[argc];
#else
  (void)argc;
  return 0;
#endif
}
Performing C SOURCE FILE Test PC_LIBUNWIND_HAS_WORKING_LIBUNWIND succeeded with the following output:
Change Dir: /home/lucas/code/my-projects/ant-colony-sim/build/CMakeFiles/CMakeTmp

Run Build Command(s):/usr/bin/gmake -f Makefile cmTC_d33e2/fast && /usr/bin/gmake  -f CMakeFiles/cmTC_d33e2.dir/build.make CMakeFiles/cmTC_d33e2.dir/build
gmake[1]: Entering directory '/home/lucas/code/my-projects/ant-colony-sim/build/CMakeFiles/CMakeTmp'
Building C object CMakeFiles/cmTC_d33e2.dir/src.c.o
/usr/bin/cc -DPC_LIBUNWIND_HAS_WORKING_LIBUNWIND  -D_GNU_SOURCE=1 -o CMakeFiles/cmTC_d33e2.dir/src.c.o -c /home/lucas/code/my-projects/ant-colony-sim/build/CMakeFiles/CMakeTmp/src.c
Linking C executable cmTC_d33e2
/usr/local/bin/cmake -E cmake_link_script CMakeFiles/cmTC_d33e2.dir/link.txt --verbose=1
/usr/bin/cc   -D_GNU_SOURCE=1 CMakeFiles/cmTC_d33e2.dir/src.c.o -o cmTC_d33e2  -lunwind-generic -lunwind 
gmake[1]: Leaving directory '/home/lucas/code/my-projects/ant-colony-sim/build/CMakeFiles/CMakeTmp'


Source file was:
      #include <libunwind.h>
      int main(int argc, char *argv[]) {
        (void)argc; (void)argv;
        unw_context_t context;
        unw_cursor_t cursor;
        unw_word_t pc;
        char sym[256];
        unw_word_t offset;
        unw_getcontext(&context);
        unw_step(&cursor);
        unw_get_reg(&cursor, UNW_REG_IP, &pc);
        unw_get_proc_name(&cursor, sym, sizeof(sym), &offset);
        return 0;
      }
Performing C SOURCE FILE Test HAVE_LIBUSB_H succeeded with the following output:
Change Dir: /home/lucas/code/my-projects/ant-colony-sim/build/CMakeFiles/CMakeTmp

Run Build Command(s):/usr/bin/gmake -f Makefile cmTC_65492/fast && /usr/bin/gmake  -f CMakeFiles/cmTC_65492.dir/build.make CMakeFiles/cmTC_65492.dir/build
gmake[1]: Entering directory '/home/lucas/code/my-projects/ant-colony-sim/build/CMakeFiles/CMakeTmp'
Building C object CMakeFiles/cmTC_65492.dir/src.c.o
/usr/bin/cc -DHAVE_LIBUSB_H -isystem /usr/include/libusb-1.0 -D_GNU_SOURCE=1 -o CMakeFiles/cmTC_65492.dir/src.c.o -c /home/lucas/code/my-projects/ant-colony-sim/build/CMakeFiles/CMakeTmp/src.c
Linking C static library libcmTC_65492.a
/usr/local/bin/cmake -P CMakeFiles/cmTC_65492.dir/cmake_clean_target.cmake
/usr/local/bin/cmake -E cmake_link_script CMakeFiles/cmTC_65492.dir/link.txt --verbose=1
/usr/bin/ar qc libcmTC_65492.a CMakeFiles/cmTC_65492.dir/src.c.o
/usr/bin/ranlib libcmTC_65492.a
gmake[1]: Leaving directory '/home/lucas/code/my-projects/ant-colony-sim/build/CMakeFiles/CMakeTmp'


Source file was:

          #include <stddef.h>
          #include <libusb.h>
          int main(int argc, char **argv) {
            libusb_interrupt_event_handler(NULL);
            return 0;
          }
Performing C SOURCE FILE Test HAVE_PTHREADS succeeded with the following output:
Change Dir: /home/lucas/code/my-projects/ant-colony-sim/build/CMakeFiles/CMakeTmp

Run Build Command(s):/usr/bin/gmake -f Makefile cmTC_9653b/fast && /usr/bin/gmake  -f CMakeFiles/cmTC_9653b.dir/build.make CMakeFiles/cmTC_9653b.dir/build
gmake[1]: Entering directory '/home/lucas/code/my-projects/ant-colony-sim/build/CMakeFiles/CMakeTmp'
Building C object CMakeFiles/cmTC_9653b.dir/src.c.o
/usr/bin/cc -DHAVE_PTHREADS  -D_GNU_SOURCE=1 -D_REENTRANT -pthread -o CMakeFiles/cmTC_9653b.dir/src.c.o -c /home/lucas/code/my-projects/ant-colony-sim/build/CMakeFiles/CMakeTmp/src.c
Linking C executable cmTC_9653b
/usr/local/bin/cmake -E cmake_link_script CMakeFiles/cmTC_9653b.dir/link.txt --verbose=1
/usr/bin/cc   -D_GNU_SOURCE=1 -D_REENTRANT -pthread CMakeFiles/cmTC_9653b.dir/src.c.o -o cmTC_9653b 
gmake[1]: Leaving directory '/home/lucas/code/my-projects/ant-colony-sim/build/CMakeFiles/CMakeTmp'


Source file was:

        #include <pthread.h>
        int main(int argc, char** argv) {
          pthread_attr_t type;
          pthread_attr_init(&type);
          return 0;
        }
Performing C SOURCE FILE Test HAVE_RECURSIVE_MUTEXES succeeded with the following output:
Change Dir: /home/lucas/code/my-projects/ant-colony-sim/build/CMakeFiles/CMakeTmp

Run Build Command(s):/usr/bin/gmake -f Makefile cmTC_222b4/fast && /usr/bin/gmake  -f CMakeFiles/cmTC_222b4.dir/build.make CMakeFiles/cmTC_222b4.dir/build
gmake[1]: Entering directory '/home/lucas/code/my-projects/ant-colony-sim/build/CMakeFiles/CMakeTmp'
Building C object CMakeFiles/cmTC_222b4.dir/src.c.o
/usr/bin/cc -DHAVE_RECURSIVE_MUTEXES  -D_GNU_SOURCE=1 -D_REENTRANT -pthread -o CMakeFiles/cmTC_222b4.dir/src.c.o -c /home/lucas/code/my-projects/ant-colony-sim/build/CMakeFiles/CMakeTmp/src.c
Linking C executable cmTC_222b4
/usr/local/bin/cmake -E cmake_link_script CMakeFiles/cmTC_222b4.dir/link.txt --verbose=1
/usr/bin/cc   -D_GNU_SOURCE=1 -D_REENTRANT -pthread CMakeFiles/cmTC_222b4.dir/src.c.o -o cmTC_222b4 
gmake[1]: Leaving directory '/home/lucas/code/my-projects/ant-colony-sim/build/CMakeFiles/CMakeTmp'


Source file was:

        #include <pthread.h>
        int main(int argc, char **argv) {
          pthread_mutexattr_t attr;
          pthread_mutexattr_settype(&attr, PTHREAD_MUTEX_RECURSIVE);
          return 0;
        }
Performing C SOURCE FILE Test HAVE_PTHREADS_SEM succeeded with the following output:
Change Dir: /home/lucas/code/my-projects/ant-colony-sim/build/CMakeFiles/CMakeTmp

Run Build Command(s):/usr/bin/gmake -f Makefile cmTC_40425/fast && /usr/bin/gmake  -f CMakeFiles/cmTC_40425.dir/build.make CMakeFiles/cmTC_40425.dir/build
gmake[1]: Entering directory '/home/lucas/code/my-projects/ant-colony-sim/build/CMakeFiles/CMakeTmp'
Building C object CMakeFiles/cmTC_40425.dir/src.c.o
/usr/bin/cc -DHAVE_PTHREADS_SEM  -D_GNU_SOURCE=1 -D_REENTRANT -pthread -o CMakeFiles/cmTC_40425.dir/src.c.o -c /home/lucas/code/my-projects/ant-colony-sim/build/CMakeFiles/CMakeTmp/src.c
Linking C executable cmTC_40425
/usr/local/bin/cmake -E cmake_link_script CMakeFiles/cmTC_40425.dir/link.txt --verbose=1
/usr/bin/cc   -D_GNU_SOURCE=1 -D_REENTRANT -pthread CMakeFiles/cmTC_40425.dir/src.c.o -o cmTC_40425 
gmake[1]: Leaving directory '/home/lucas/code/my-projects/ant-colony-sim/build/CMakeFiles/CMakeTmp'


Source file was:
#include <pthread.h>
                                 #include <semaphore.h>
                                 int main(int argc, char **argv) { return 0; }
Performing C SOURCE FILE Test COMPILER_HAS_SEM_TIMEDWAIT succeeded with the following output:
Change Dir: /home/lucas/code/my-projects/ant-colony-sim/build/CMakeFiles/CMakeTmp

Run Build Command(s):/usr/bin/gmake -f Makefile cmTC_22a6f/fast && /usr/bin/gmake  -f CMakeFiles/cmTC_22a6f.dir/build.make CMakeFiles/cmTC_22a6f.dir/build
gmake[1]: Entering directory '/home/lucas/code/my-projects/ant-colony-sim/build/CMakeFiles/CMakeTmp'
Building C object CMakeFiles/cmTC_22a6f.dir/src.c.o
/usr/bin/cc -DCOMPILER_HAS_SEM_TIMEDWAIT  -D_GNU_SOURCE=1 -D_REENTRANT -pthread -o CMakeFiles/cmTC_22a6f.dir/src.c.o -c /home/lucas/code/my-projects/ant-colony-sim/build/CMakeFiles/CMakeTmp/src.c
/home/lucas/code/my-projects/ant-colony-sim/build/CMakeFiles/CMakeTmp/src.c: In function ‘main’:
/home/lucas/code/my-projects/ant-colony-sim/build/CMakeFiles/CMakeTmp/src.c:5:19: warning: argument 1 null where non-null expected [-Wnonnull]
    5 |                   sem_timedwait(NULL, NULL);
      |                   ^~~~~~~~~~~~~
In file included from /home/lucas/code/my-projects/ant-colony-sim/build/CMakeFiles/CMakeTmp/src.c:3:
/usr/include/semaphore.h:63:12: note: in a call to function ‘sem_timedwait’ declared ‘nonnull’
   63 | extern int sem_timedwait (sem_t *__restrict __sem,
      |            ^~~~~~~~~~~~~
/home/lucas/code/my-projects/ant-colony-sim/build/CMakeFiles/CMakeTmp/src.c:5:19: warning: argument 2 null where non-null expected [-Wnonnull]
    5 |                   sem_timedwait(NULL, NULL);
      |                   ^~~~~~~~~~~~~
/usr/include/semaphore.h:63:12: note: in a call to function ‘sem_timedwait’ declared ‘nonnull’
   63 | extern int sem_timedwait (sem_t *__restrict __sem,
      |            ^~~~~~~~~~~~~
Linking C executable cmTC_22a6f
/usr/local/bin/cmake -E cmake_link_script CMakeFiles/cmTC_22a6f.dir/link.txt --verbose=1
/usr/bin/cc   -D_GNU_SOURCE=1 -D_REENTRANT -pthread CMakeFiles/cmTC_22a6f.dir/src.c.o -o cmTC_22a6f 
gmake[1]: Leaving directory '/home/lucas/code/my-projects/ant-colony-sim/build/CMakeFiles/CMakeTmp'


Source file was:

              #include <pthread.h>
              #include <semaphore.h>
              int main(int argc, char **argv) {
                  sem_timedwait(NULL, NULL);
                  return 0;
              }
Determining if the include file pthread.h exists passed with the following output:
Change Dir: /home/lucas/code/my-projects/ant-colony-sim/build/CMakeFiles/CMakeTmp

Run Build Command(s):/usr/bin/gmake -f Makefile cmTC_cd373/fast && /usr/bin/gmake  -f CMakeFiles/cmTC_cd373.dir/build.make CMakeFiles/cmTC_cd373.dir/build
gmake[1]: Entering directory '/home/lucas/code/my-projects/ant-colony-sim/build/CMakeFiles/CMakeTmp'
Building C object CMakeFiles/cmTC_cd373.dir/CheckIncludeFile.c.o
/usr/bin/cc   -D_GNU_SOURCE=1 -D_REENTRANT -pthread -o CMakeFiles/cmTC_cd373.dir/CheckIncludeFile.c.o -c /home/lucas/code/my-projects/ant-colony-sim/build/CMakeFiles/CMakeTmp/CheckIncludeFile.c
Linking C executable cmTC_cd373
/usr/local/bin/cmake -E cmake_link_script CMakeFiles/cmTC_cd373.dir/link.txt --verbose=1
/usr/bin/cc   -D_GNU_SOURCE=1 -D_REENTRANT -pthread CMakeFiles/cmTC_cd373.dir/CheckIncludeFile.c.o -o cmTC_cd373 
gmake[1]: Leaving directory '/home/lucas/code/my-projects/ant-colony-sim/build/CMakeFiles/CMakeTmp'



Performing C SOURCE FILE Test HAVE_PTHREAD_SETNAME_NP succeeded with the following output:
Change Dir: /home/lucas/code/my-projects/ant-colony-sim/build/CMakeFiles/CMakeTmp

Run Build Command(s):/usr/bin/gmake -f Makefile cmTC_ed538/fast && /usr/bin/gmake  -f CMakeFiles/cmTC_ed538.dir/build.make CMakeFiles/cmTC_ed538.dir/build
gmake[1]: Entering directory '/home/lucas/code/my-projects/ant-colony-sim/build/CMakeFiles/CMakeTmp'
Building C object CMakeFiles/cmTC_ed538.dir/src.c.o
/usr/bin/cc -DHAVE_PTHREAD_SETNAME_NP  -D_GNU_SOURCE=1 -D_REENTRANT -pthread -o CMakeFiles/cmTC_ed538.dir/src.c.o -c /home/lucas/code/my-projects/ant-colony-sim/build/CMakeFiles/CMakeTmp/src.c
Linking C executable cmTC_ed538
/usr/local/bin/cmake -E cmake_link_script CMakeFiles/cmTC_ed538.dir/link.txt --verbose=1
/usr/bin/cc   -D_GNU_SOURCE=1 -D_REENTRANT -pthread CMakeFiles/cmTC_ed538.dir/src.c.o -o cmTC_ed538 
gmake[1]: Leaving directory '/home/lucas/code/my-projects/ant-colony-sim/build/CMakeFiles/CMakeTmp'


Source file was:

            #include <pthread.h>
            int main(int argc, char **argv) {
              #ifdef __APPLE__
              pthread_setname_np("");
              #else
              pthread_setname_np(pthread_self(),"");
              #endif
              return 0;
            }
Determining if the function clock_gettime exists in the c passed with the following output:
Change Dir: /home/lucas/code/my-projects/ant-colony-sim/build/CMakeFiles/CMakeTmp

Run Build Command(s):/usr/bin/gmake -f Makefile cmTC_101c6/fast && /usr/bin/gmake  -f CMakeFiles/cmTC_101c6.dir/build.make CMakeFiles/cmTC_101c6.dir/build
gmake[1]: Entering directory '/home/lucas/code/my-projects/ant-colony-sim/build/CMakeFiles/CMakeTmp'
Building C object CMakeFiles/cmTC_101c6.dir/CheckFunctionExists.c.o
/usr/bin/cc   -DCHECK_FUNCTION_EXISTS=clock_gettime  -D_GNU_SOURCE=1 -o CMakeFiles/cmTC_101c6.dir/CheckFunctionExists.c.o -c /usr/local/share/cmake-3.22/Modules/CheckFunctionExists.c
Linking C executable cmTC_101c6
/usr/local/bin/cmake -E cmake_link_script CMakeFiles/cmTC_101c6.dir/link.txt --verbose=1
/usr/bin/cc  -DCHECK_FUNCTION_EXISTS=clock_gettime  -D_GNU_SOURCE=1 CMakeFiles/cmTC_101c6.dir/CheckFunctionExists.c.o -o cmTC_101c6  -lc 
gmake[1]: Leaving directory '/home/lucas/code/my-projects/ant-colony-sim/build/CMakeFiles/CMakeTmp'



Performing C SOURCE FILE Test HAVE_ENABLE_NEW_DTAGS succeeded with the following output:
Change Dir: /home/lucas/code/my-projects/ant-colony-sim/build/CMakeFiles/CMakeTmp

Run Build Command(s):/usr/bin/gmake -f Makefile cmTC_d129c/fast && /usr/bin/gmake  -f CMakeFiles/cmTC_d129c.dir/build.make CMakeFiles/cmTC_d129c.dir/build
gmake[1]: Entering directory '/home/lucas/code/my-projects/ant-colony-sim/build/CMakeFiles/CMakeTmp'
Building C object CMakeFiles/cmTC_d129c.dir/src.c.o
/usr/bin/cc -DHAVE_ENABLE_NEW_DTAGS  -D_GNU_SOURCE=1 -Wl,--enable-new-dtags -o CMakeFiles/cmTC_d129c.dir/src.c.o -c /home/lucas/code/my-projects/ant-colony-sim/build/CMakeFiles/CMakeTmp/src.c
Linking C executable cmTC_d129c
/usr/local/bin/cmake -E cmake_link_script CMakeFiles/cmTC_d129c.dir/link.txt --verbose=1
/usr/bin/cc   -D_GNU_SOURCE=1 -Wl,--enable-new-dtags CMakeFiles/cmTC_d129c.dir/src.c.o -o cmTC_d129c 
gmake[1]: Leaving directory '/home/lucas/code/my-projects/ant-colony-sim/build/CMakeFiles/CMakeTmp'


Source file was:
int main(void) { return 0; }
Performing C SOURCE FILE Test HAVE_POSIX_SPAWN succeeded with the following output:
Change Dir: /home/lucas/code/my-projects/ant-colony-sim/build/CMakeFiles/CMakeTmp

Run Build Command(s):/usr/bin/gmake -f Makefile cmTC_e8ad7/fast && /usr/bin/gmake  -f CMakeFiles/cmTC_e8ad7.dir/build.make CMakeFiles/cmTC_e8ad7.dir/build
gmake[1]: Entering directory '/home/lucas/code/my-projects/ant-colony-sim/build/CMakeFiles/CMakeTmp'
Building C object CMakeFiles/cmTC_e8ad7.dir/src.c.o
/usr/bin/cc -DHAVE_POSIX_SPAWN  -D_GNU_SOURCE=1 -o CMakeFiles/cmTC_e8ad7.dir/src.c.o -c /home/lucas/code/my-projects/ant-colony-sim/build/CMakeFiles/CMakeTmp/src.c
Linking C executable cmTC_e8ad7
/usr/local/bin/cmake -E cmake_link_script CMakeFiles/cmTC_e8ad7.dir/link.txt --verbose=1
/usr/bin/cc   -D_GNU_SOURCE=1 CMakeFiles/cmTC_e8ad7.dir/src.c.o -o cmTC_e8ad7 
gmake[1]: Leaving directory '/home/lucas/code/my-projects/ant-colony-sim/build/CMakeFiles/CMakeTmp'


Source file was:

#include <spawn.h>
#include <unistd.h>

int main(void)
{
    int pipes[2];
    int pid;

    const char * args[] = {
      "/bin/false",
      NULL
    };

    const char * env[] = { NULL };

    pipe(pipes);

    posix_spawnattr_t attr;
    posix_spawn_file_actions_t fa;

    posix_spawnattr_init(&attr);
    posix_spawn_file_actions_init(&fa);

    posix_spawn_file_actions_addclose(&fa, pipes[0]);
    posix_spawn_file_actions_adddup2(&fa, pipes[1], STDOUT_FILENO);

    posix_spawn(&pid, args[0], &fa, &attr, (char * const *) args, (char * const *) env);
    posix_spawnp(&pid, args[0], &fa, &attr, (char * const *) args, (char * const *) env);

    posix_spawn_file_actions_destroy(&fa);
    posix_spawnattr_destroy(&attr);

    return 0;
}

Determining if the vfork exist passed with the following output:
Change Dir: /home/lucas/code/my-projects/ant-colony-sim/build/CMakeFiles/CMakeTmp

Run Build Command(s):/usr/bin/gmake -f Makefile cmTC_2638c/fast && /usr/bin/gmake  -f CMakeFiles/cmTC_2638c.dir/build.make CMakeFiles/cmTC_2638c.dir/build
gmake[1]: Entering directory '/home/lucas/code/my-projects/ant-colony-sim/build/CMakeFiles/CMakeTmp'
Building C object CMakeFiles/cmTC_2638c.dir/CheckSymbolExists.c.o
/usr/bin/cc   -D_GNU_SOURCE=1 -o CMakeFiles/cmTC_2638c.dir/CheckSymbolExists.c.o -c /home/lucas/code/my-projects/ant-colony-sim/build/CMakeFiles/CMakeTmp/CheckSymbolExists.c
Linking C executable cmTC_2638c
/usr/local/bin/cmake -E cmake_link_script CMakeFiles/cmTC_2638c.dir/link.txt --verbose=1
/usr/bin/cc   -D_GNU_SOURCE=1 CMakeFiles/cmTC_2638c.dir/CheckSymbolExists.c.o -o cmTC_2638c 
gmake[1]: Leaving directory '/home/lucas/code/my-projects/ant-colony-sim/build/CMakeFiles/CMakeTmp'


File /home/lucas/code/my-projects/ant-colony-sim/build/CMakeFiles/CMakeTmp/CheckSymbolExists.c:
/* */
#include <unistd.h>

int main(int argc, char** argv)
{
  (void)argv;
#ifndef vfork
  return ((int*)(&vfork))[argc];
#else
  (void)argc;
  return 0;
#endif
}
